,Ene,Diene,deltaG,Diene_Index,Ene_Index
0,O[C@@H]1CC/C=C/CCC1,C(=C/c1cccc2ccccc12)\c1nnc(-c2ccsc2)nn1,15.51,18392.0,18100.0
1,O[C@H]1CC/C=C/CCC1,C(=C/c1cccc2ccccc12)\c1nnc(-c2ccsc2)nn1,15.97,18392.0,18627.0
2,NCCCNC(=O)O[C@@H]1CC/C=C/CCC1,C(=C/c1cncnn1)\c1ccccc1,16.95,18393.0,18563.0
3,O[C@@H]1CC/C=C/CCC1,C(=C/c1nnc(-c2ccccc2)nn1)\c1ccccc1,15.47,18394.0,18100.0
4,O[C@H]1CC/C=C/CCC1,C(=C/c1nnc(-c2ccccc2)nn1)\c1ccccc1,16.02,18394.0,18627.0
6,O[C@@H]1CC/C=C/CCC1,C(=C/c1nnc(-c2ccncc2)nn1)\c1ccccc1,14.78,18395.0,18100.0
7,O[C@H]1CC/C=C/CCC1,C(=C/c1nnc(-c2ccncc2)nn1)\c1ccccc1,15.21,18395.0,18627.0
9,O[C@@H]1CC/C=C/CCC1,C(=C/c1nnc(-c2ccsc2)nn1)\c1ccccc1,15.54,18396.0,18100.0
10,O[C@H]1CC/C=C/CCC1,C(=C/c1nnc(-c2ccsc2)nn1)\c1ccccc1,16.21,18396.0,18627.0
11,O[C@@H]1CC/C=C/CCC1,C[n+]1ccc(-c2ncc(-c3ccccc3)nn2)cc1,18.42,18509.0,18100.0
13,OC[C@@H]1O[C@H]2CC/C=C/CC[C@H]2O1,C[n+]1ccc(-c2ncc(-c3ccccc3)nn2)cc1,16.88,18509.0,18614.0
14,O[C@@H]1CC/C=C/CCC1,C[n+]1ccccc1-c1ncc(-c2ccccc2)nn1,20.38,18510.0,18100.0
16,OC[C@@H]1O[C@H]2CC/C=C/CC[C@H]2O1,C[n+]1ccccc1-c1ncc(-c2ccccc2)nn1,18.92,18510.0,18614.0
17,C1=C/CCCCCC/1,C[S@@](=O)c1ccc(-c2nnc(CCCF)nn2)cc1,16.8,18506.0,11955.0
18,O[C@@H]1CC/C=C/CCC1,c1cc(-c2cncnn2)ccn1,17.58,18632.0,18100.0
20,OC[C@@H]1O[C@H]2CC/C=C/CC[C@H]2O1,c1cc(-c2cncnn2)ccn1,16.11,18632.0,18614.0
21,O[C@@H]1CC/C=C/CCC1,c1ccc(-c2cnc(-c3ccccn3)nn2)cc1,19.63,18634.0,18100.0
23,OC[C@@H]1O[C@H]2CC/C=C/CC[C@H]2O1,c1ccc(-c2cnc(-c3ccccn3)nn2)cc1,17.78,18634.0,18614.0
24,NCCCNC(=O)O[C@@H]1CC/C=C/CCC1,c1ccc(-c2cncnn2)cc1,16.72,18635.0,18563.0
25,C[Si]1(CCCCO)CCC=CCC1,c1ccc(-c2nnc(-c3ccccc3)nn2)cc1,12.48,18637.0,18508.0
26,C1#CCCCCCC1,c1ccc(-c2nnc(-c3ccccc3)nn2)cc1,21.5,18637.0,11948.0
27,C1=C/CCCCCC/1,c1ccc(-c2nnc(-c3ccccc3)nn2)cc1,17.0,18637.0,11955.0
28,CC1=C[C@@H]1CNC(=O)CCCC(=O)NCCO,c1ccc(-c2nnc(-c3ccccc3)nn2)cc1,18.47,18637.0,18455.0
29,O[C@@H]1CC/C=C/CCC1,c1ccc(-c2nnc(-c3ccccc3)nn2)cc1,15.29,18637.0,18100.0
32,OC[C@@H]1O[C@H]2CC/C=C/CC[C@H]2O1,c1ccc(-c2nnc(-c3ccccc3)nn2)cc1,13.8,18637.0,18614.0
33,OC[C@H]1[C@H]2CCC#CCC[C@@H]12,c1ccc(-c2nnc(-c3ccccc3)nn2)cc1,16.68,18637.0,18624.0
34,OC[C@H]1O[C@H]2CC/C=C/CC[C@H]2O1,c1ccc(-c2nnc(-c3ccccc3)nn2)cc1,13.74,18637.0,18621.0
36,C=Cc1ccccc1,c1ccc(-c2nnc(-c3ccccn3)nn2)cc1,20.85,18638.0,11950.0
37,OB(O)/C=C/c1ccccc1,c1ccc(-c2nnc(-c3ccccn3)nn2)cc1,18.14,18638.0,18607.0
38,OC[C@@H]1C[C@H]2C=C[C@@H]1C2,c1ccc(-c2nnc(-c3ccccn3)nn2)cc1,18.14,18638.0,18612.0
39,C/C=C/C,c1ccc(-c2nnc(-c3ccccn3)nn2)nc1,21.4,18639.0,11932.0
40,C[Si]1(C)CCC=C[C@@H](OC(=O)NCc2ccccc2)C1,c1ccc(-c2nnc(-c3ccccn3)nn2)nc1,13.95,18639.0,18507.0
41,C=Cc1ccc(OC)cc1,c1ccc(-c2nnc(-c3ccccn3)nn2)nc1,19.6,18639.0,18429.0
42,C=Cc1ccccc1,c1ccc(-c2nnc(-c3ccccn3)nn2)nc1,18.64,18639.0,11950.0
43,C=Cc1cn([C@H]2C[C@H](O)[C@@H](CO)O2)c(=O)[nH]c1=O,c1ccc(-c2nnc(-c3ccccn3)nn2)nc1,19.73,18639.0,18430.0
44,C=CCCC(N)=O,c1ccc(-c2nnc(-c3ccccn3)nn2)nc1,20.68,18639.0,18420.0
45,C=CCCCC,c1ccc(-c2nnc(-c3ccccn3)nn2)nc1,21.53,18639.0,18421.0
46,C=CCSC[C@H](N)C(=O)O,c1ccc(-c2nnc(-c3ccccn3)nn2)nc1,21.09,18639.0,18425.0
47,C1#CCCCCCC1,c1ccc(-c2nnc(-c3ccccn3)nn2)nc1,18.8,18639.0,11948.0
48,C1=C/CCCCCC/1,c1ccc(-c2nnc(-c3ccccn3)nn2)nc1,13.89,18639.0,11955.0
50,C1=C[C@H]2[C@@H](C1)[C@H]1C=C[C@@H]2C1,c1ccc(-c2nnc(-c3ccccn3)nn2)nc1,18.8,18639.0,18408.0
51,C1=C[C@H]2C[C@@H]1CN2Cc1ccccc1,c1ccc(-c2nnc(-c3ccccn3)nn2)nc1,19.33,18639.0,18406.0
52,C1=C[C@H]2O[C@@H]1c1ccccc12,c1ccc(-c2nnc(-c3ccccn3)nn2)nc1,19.24,18639.0,18407.0
53,CC(=O)N1[C@@H]2C=C[C@@]1(COC(=O)Nc1ccc([N+](=O)[O-])cc1)c1ccccc12,c1ccc(-c2nnc(-c3ccccn3)nn2)nc1,21.0,18639.0,18432.0
54,CC(C)(C)OC(=O)N1[C@@H]2C=C[C@@]1(COC(=O)Nc1ccc([N+](=O)[O-])cc1)c1ccccc12,c1ccc(-c2nnc(-c3ccccn3)nn2)nc1,21.51,18639.0,18439.0
55,CC1=C(C)C1CO,c1ccc(-c2nnc(-c3ccccn3)nn2)nc1,18.56,18639.0,18447.0
56,CC1=C(C)C1COC(=O)NC(C)C,c1ccc(-c2nnc(-c3ccccn3)nn2)nc1,19.43,18639.0,18448.0
57,CC1=C[C@@H]1C(=O)NC(C)C,c1ccc(-c2nnc(-c3ccccn3)nn2)nc1,19.48,18639.0,18452.0
58,CC1=C[C@@H]1C(N)=O,c1ccc(-c2nnc(-c3ccccn3)nn2)nc1,18.26,18639.0,18454.0
59,CC1=C[C@@H]1COC(=O)NC(C)C,c1ccc(-c2nnc(-c3ccccn3)nn2)nc1,16.83,18639.0,18458.0
62,COC(=O)[C@@H]1C[C@H]2C=C[C@@H]1O2,c1ccc(-c2nnc(-c3ccccn3)nn2)nc1,17.86,18639.0,18465.0
64,COC(=O)[C@H]1C[C@H]2C=C[C@@H]1C2,c1ccc(-c2nnc(-c3ccccn3)nn2)nc1,17.78,18639.0,18470.0
65,COC(=O)CN1C[C@H]2C=C[C@@H]1C2,c1ccc(-c2nnc(-c3ccccn3)nn2)nc1,18.7,18639.0,18464.0
66,COc1ccc(/C=C/B(O)O)cc1,c1ccc(-c2nnc(-c3ccccn3)nn2)nc1,16.75,18639.0,18497.0
67,NC(=O)C1C=C1,c1ccc(-c2nnc(-c3ccccn3)nn2)nc1,19.58,18639.0,18558.0
69,O[C@@H]1CC/C=C/CCC1,c1ccc(-c2nnc(-c3ccccn3)nn2)nc1,13.47,18639.0,18100.0
70,O[C@H]1CC/C=C/CCC1,c1ccc(-c2nnc(-c3ccccn3)nn2)nc1,14.21,18639.0,18627.0
71,O=C(Nc1ccc([N+](=O)[O-])cc1)OC[C@]12C=C[C@H](O1)c1ccccc12,c1ccc(-c2nnc(-c3ccccn3)nn2)nc1,20.75,18639.0,18580.0
72,O=C(NCc1ccccc1)O[C@@H]1/C=C/CCCCC1,c1ccc(-c2nnc(-c3ccccn3)nn2)nc1,15.04,18639.0,18576.0
74,O=C(O)[C@@H]1C[C@H]2C=C[C@@H]1C2,c1ccc(-c2nnc(-c3ccccn3)nn2)nc1,17.29,18639.0,18583.0
78,O=C1OC(=O)[C@H]2[C@@H]1[C@@H]1C=C[C@H]2C1,c1ccc(-c2nnc(-c3ccccn3)nn2)nc1,20.3,18639.0,18599.0
80,OB(O)/C=C/c1ccccc1,c1ccc(-c2nnc(-c3ccccn3)nn2)nc1,16.94,18639.0,18607.0
84,OC[C@@H]1C[C@H]2C=C[C@@H]1C2,c1ccc(-c2nnc(-c3ccccn3)nn2)nc1,16.47,18639.0,18612.0
85,OC[C@@H]1C[C@H]2C=C[C@@H]1O2,c1ccc(-c2nnc(-c3ccccn3)nn2)nc1,17.1,18639.0,18613.0
86,OC[C@@H]1O[C@H]2CC/C=C/CC[C@H]2O1,c1ccc(-c2nnc(-c3ccccn3)nn2)nc1,10.32,18639.0,18614.0
89,OC[C@H]1[C@H]2CCC#CCC[C@@H]12,c1ccc(-c2nnc(-c3ccccn3)nn2)nc1,14.62,18639.0,18624.0
90,OC[C@H]1C[C@H]2C=C[C@@H]1C2,c1ccc(-c2nnc(-c3ccccn3)nn2)nc1,17.11,18639.0,18620.0
93,C=Cc1ccccc1,c1ccc(-c2nnc(-c3ncccn3)nn2)cc1,19.42,18640.0,11950.0
94,OB(O)/C=C/c1ccccc1,c1ccc(-c2nnc(-c3ncccn3)nn2)cc1,20.2,18640.0,18607.0
95,OC[C@@H]1C[C@H]2C=C[C@@H]1C2,c1ccc(-c2nnc(-c3ncccn3)nn2)cc1,17.35,18640.0,18612.0
96,C1#CCCCCCC1,c1ccc(-c2nncnn2)cc1,15.69,18641.0,11948.0
97,C1#CCCCCCC1,c1cnncn1,21.89,11875.0,11948.0
98,C=Cc1ccc(OC)cc1,c1nncnn1,21.41,5944.0,18429.0
99,C1#CCCCCCC1,c1nncnn1,17.8,5944.0,11948.0
100,C1=C/CCCCCC/1,c1nncnn1,13.9,5944.0,11955.0
101,CSC#CN(C)C,c1nncnn1,19.37,5944.0,18502.0
102,C[Si]1(CCCCO)CCC=CCC1,CC(=O)NCCCCCC(=O)NCC(=O)Nc1ccc(-c2nnc(-c3ccccn3)nn2)nc1,7.82,18437.0,18508.0
104,OC[C@H]1[C@H]2CCC#CCC[C@@H]12,CC(C)(C)C(=O)Nc1ccc(-c2ncc(-c3ncccn3)nn2)nc1,15.24,18438.0,18624.0
105,CC1=C[C@@H]1CNC(=O)CCCC(=O)NCCO,CC(C)(C)c1nnc(-c2ccc(CO)cc2)nn1,18.64,18444.0,18455.0
106,O[C@H]1CC/C=C/CCC1,CC(C)(C)OC(=O)NCC(=O)Nc1ccc(-c2nnc(-c3ccccn3)nn2)nc1,12.37,18440.0,18627.0
108,OC[C@@H]1C[C@H]2C=C[C@@H]1C2,CC(C)(C)OC(=O)NCC(=O)Nc1ccc(-c2nnc(-c3ccccn3)nn2)nc1,17.24,18440.0,18612.0
109,OC[C@@H]1O[C@H]2CC/C=C/CC[C@H]2O1,CC(C)(C)OC(=O)NCC(=O)Nc1ccc(-c2nnc(-c3ccccn3)nn2)nc1,10.26,18440.0,18614.0
110,OC[C@H]1O[C@H]2CC/C=C/CC[C@H]2O1,CC(C)(C)OC(=O)NCC(=O)Nc1ccc(-c2nnc(-c3ccccn3)nn2)nc1,10.38,18440.0,18621.0
111,O[C@H]1CC/C=C/CCC1,CC(C)(C)OC(=O)NCC(=O)Nc1ccc(-c2nnc(-c3ncccn3)nn2)nc1,11.67,18441.0,18627.0
113,OC[C@@H]1C[C@H]2C=C[C@@H]1C2,CC(C)(C)OC(=O)NCC(=O)Nc1ccc(-c2nnc(-c3ncccn3)nn2)nc1,16.48,18441.0,18612.0
115,OC[C@@H]1C[C@H]2C=C[C@@H]1C2,CC(C)(C)OC(=O)NCCC(=O)Nc1ccc(-c2nnc(-c3ncccn3)nn2)nc1,16.49,18442.0,18612.0
116,OC[C@@H]1C[C@H]2C=C[C@@H]1C2,CC(C)(C)OC(=O)NCCNC(=O)c1ccc(-c2nnc(-c3ncccn3)nn2)nc1,15.89,18443.0,18612.0
117,NCCCNC(=O)O[C@@H]1CC/C=C/CCC1,Cc1ccc(-c2cncnn2)cc1,16.72,18511.0,18563.0
118,C1=C/CCCCCC/1,Cc1ccc(-c2nnc(CCCF)nn2)cc1,17.3,18512.0,11955.0
119,OC[C@@H]1O[C@H]2CC/C=C/CC[C@H]2O1,Cc1ccc(Nc2nnc(C)nn2)cc1,14.75,18513.0,18614.0
120,C1=C/[C@@H](Oc2ccccc2)CCCCC/1,Cc1nnc(C)nn1,16.54,12881.0,18399.0
122,C1=C/[C@@H](OCCCc2ccccc2)CCCCC/1,Cc1nnc(C)nn1,16.12,12881.0,18397.0
123,C1=C/CCCCCC/1,Cc1nnc(C)nn1,18.0,12881.0,11955.0
124,C1=CC1,Cc1nnc(C)nn1,18.9,12881.0,18400.0
126,O=C(NCc1ccccc1)O[C@@H]1/C=C/CCCCC1,Cc1nnc(C)nn1,17.81,12881.0,18576.0
127,O=C(O[C@@H]1/C=C/CCCCC1)c1ccccc1,Cc1nnc(C)nn1,15.83,12881.0,18591.0
128,O=C(Oc1ccccc1)O[C@@H]1/C=C/CCCCC1,Cc1nnc(C)nn1,16.17,12881.0,18592.0
129,OC[C@@H]1C[C@H]2C=C[C@@H]1C2,Cc1nnc(-c2ccc(C(=O)NCCNC(=O)OC(C)(C)C)cn2)nn1,18.31,18514.0,18612.0
130,C[Si]1(CCCCO)CCC=CCC1,Cc1nnc(-c2ccc(C[C@@H](N)C(=O)O)cc2)nn1,10.08,18518.0,18508.0
131,CC1=C[C@@H]1/C=C/C(=O)NCCO,Cc1nnc(-c2ccc(CC(=O)O)cc2)nn1,18.47,18515.0,18449.0
132,CC1=C[C@@H]1/C=C/C(=O)O,Cc1nnc(-c2ccc(CC(=O)O)cc2)nn1,18.26,18515.0,18450.0
133,CC1=C[C@@H]1/C=C/CO,Cc1nnc(-c2ccc(CC(=O)O)cc2)nn1,18.04,18515.0,18451.0
134,CC1=C[C@@H]1C(=O)NCCO,Cc1nnc(-c2ccc(CC(=O)O)cc2)nn1,20.62,18515.0,18453.0
135,CC1=C[C@@H]1CNC(=O)CCCC(=O)NCCO,Cc1nnc(-c2ccc(CC(=O)O)cc2)nn1,19.36,18515.0,18455.0
136,CC1=C[C@@H]1CNCC(=O)NCCO,Cc1nnc(-c2ccc(CC(=O)O)cc2)nn1,19.52,18515.0,18456.0
137,CC1=C[C@@H]1CNCC(=O)O,Cc1nnc(-c2ccc(CC(=O)O)cc2)nn1,19.36,18515.0,18457.0
138,CC1=C[C@@H]1COC(=O)NCCO,Cc1nnc(-c2ccc(CC(=O)O)cc2)nn1,18.04,18515.0,18459.0
139,CC1=C[C@@H]1CNC(=O)CCCC(=O)NCCO,Cc1nnc(-c2ccc(CCO)cc2)nn1,19.52,18516.0,18455.0
140,O[C@@H]1CC/C=C/CCC1,Cc1nnc(-c2ccc(CCO)cc2)nn1,15.4,18516.0,18100.0
141,C=CCSC[C@H](N)C(=O)O,Cc1nnc(-c2ccc(CN)cc2)nn1,21.9,18517.0,18425.0
142,O[C@H]1CC/C=C/CCC1,Cc1nnc(-c2ccc(CN)cc2)nn1,14.04,18517.0,18627.0
144,OC[C@@H]1C[C@H]2C=C[C@@H]1C2,Cc1nnc(-c2ccc(NC(=O)CCNC(=O)OC(C)(C)C)cn2)nn1,18.56,18519.0,18612.0
145,C=Cc1ccccc1,Cc1nnc(-c2ccccc2)nn1,21.38,18520.0,11950.0
146,C1=C/CCCCCC/1,Cc1nnc(-c2ccccc2)nn1,17.15,18520.0,11955.0
147,OB(O)/C=C/c1ccccc1,Cc1nnc(-c2ccccc2)nn1,21.88,18520.0,18607.0
148,OC[C@@H]1C[C@H]2C=C[C@@H]1C2,Cc1nnc(-c2ccccc2)nn1,19.29,18520.0,18612.0
149,C1=C/CCCCCC/1,Cc1nnc(-c2ccccc2O)nn1,17.02,18521.0,11955.0
150,C=Cc1ccccc1,Cc1nnc(-c2ccccn2)nn1,20.48,18522.0,11950.0
151,O=C(NCc1ccccc1)O[C@@H]1/C=C/CCCCC1,Cc1nnc(-c2ccccn2)nn1,16.39,18522.0,18576.0
152,OB(O)/C=C/c1ccccc1,Cc1nnc(-c2ccccn2)nn1,19.76,18522.0,18607.0
153,OC[C@@H]1C[C@H]2C=C[C@@H]1C2,Cc1nnc(-c2ccccn2)nn1,18.28,18522.0,18612.0
154,C=Cc1ccccc1,Cc1nnc(-c2ncccn2)nn1,19.9,18523.0,11950.0
155,OB(O)/C=C/c1ccccc1,Cc1nnc(-c2ncccn2)nn1,20.85,18523.0,18607.0
156,OC[C@@H]1C[C@H]2C=C[C@@H]1C2,Cc1nnc(-c2ncccn2)nn1,17.53,18523.0,18612.0
157,O[C@H]1CC/C=C/CCC1,Cc1nnc(CCCCCN)nn1,14.87,18524.0,18627.0
158,C1#CCCCCCC1,Clc1ccc(-c2nnc(-c3ccc(Cl)cc3)nn2)cc1,18.52,18531.0,11948.0
159,C1#CCCCCCC1,Clc1ccc(-c2nncnn2)cc1,15.47,18532.0,11948.0
160,NCCCNC(=O)O[C@@H]1CC/C=C/CCC1,Clc1cccc(-c2cncnn2)c1,16.53,18533.0,18563.0
161,C1#CCCCCCC1,Clc1cccc(-c2nnc(-c3cccc(Cl)c3)nn2)c1,18.31,18534.0,11948.0
162,O[C@@H]1CC/C=C/CCC1,CN(C)c1ccc(/C=C/c2nnc(-c3ccccc3)nn2)cc1,15.67,18462.0,18100.0
163,O[C@H]1CC/C=C/CCC1,CN(C)c1ccc(/C=C/c2nnc(-c3ccccc3)nn2)cc1,15.88,18462.0,18627.0
164,NCCCNC(=O)O[C@@H]1CC/C=C/CCC1,CN(C)c1ccc(-c2cncnn2)cc1,17.33,18461.0,18563.0
166,C1#CCCCCCC1,COC(=O)c1ncc(-c2ccccc2)nn1,20.96,18471.0,11948.0
167,C1#CCCCCCC1,COC(=O)c1nccnn1,20.92,18472.0,11948.0
168,C1#CCCCCCC1,COC(=O)c1nnc(C(=O)OC)c(C(=O)OC)n1,19.93,18473.0,11948.0
169,C/C=C/C,COC(=O)c1nnc(C(=O)OC)nn1,18.4,18474.0,11932.0
170,C=Cc1ccc(OC)cc1,COC(=O)c1nnc(C(=O)OC)nn1,18.57,18474.0,18429.0
171,C=Cc1ccccc1,COC(=O)c1nnc(C(=O)OC)nn1,19.38,18474.0,11950.0
172,C=COCC,COC(=O)c1nnc(C(=O)OC)nn1,18.66,18474.0,18426.0
173,C1#CCCCCCC1,COC(=O)c1nnc(C(=O)OC)nn1,13.74,18474.0,11948.0
174,C1=C/CCCCCC/1,COC(=O)c1nnc(C(=O)OC)nn1,11.64,18474.0,11955.0
176,C1=C[C@H]2C=C[C@@H]1C2,COC(=O)c1nnc(C(=O)OC)nn1,16.76,18474.0,18405.0
177,C1=CC1,COC(=O)c1nnc(C(=O)OC)nn1,18.39,18474.0,18400.0
178,CC1(C)C=C1,COC(=O)c1nnc(C(=O)OC)nn1,18.93,18474.0,18445.0
179,CC1C=C1,COC(=O)c1nnc(C(=O)OC)nn1,16.73,18474.0,18460.0
180,C1#CCCCCCC1,COC(=O)c1nncc(-c2ccc(C)cc2)n1,21.11,18475.0,11948.0
181,C1#CCCCCCC1,COC(=O)c1nncc(-c2ccc(Cl)cc2)n1,20.78,18476.0,11948.0
182,C1#CCCCCCC1,COC(=O)c1nncc(-c2ccc(N(C)C)cc2)n1,21.99,18477.0,11948.0
183,C1#CCCCCCC1,COC(=O)c1nncc(-c2ccc(OC)cc2)n1,21.36,18478.0,11948.0
184,C1#CCCCCCC1,COC(=O)c1nncc(-c2cccc(C(F)(F)F)c2)n1,20.56,18479.0,11948.0
185,C1=C/CCCCCC/1,COc1cc(-c2nnc(CCCF)nn2)cc(OC)c1OC,17.44,18489.0,11955.0
187,O[C@@H]1CC/C=C/CCC1,COc1ccc(-c2cnc(-c3cc[n+](C)cc3)nn2)cc1,18.86,18490.0,18100.0
189,OC[C@@H]1O[C@H]2CC/C=C/CC[C@H]2O1,COc1ccc(-c2cnc(-c3cc[n+](C)cc3)nn2)cc1,17.06,18490.0,18614.0
191,O[C@@H]1CC/C=C/CCC1,COc1ccc(-c2cnc(-c3ccccn3)nn2)cc1,19.73,18491.0,18100.0
193,OC[C@@H]1O[C@H]2CC/C=C/CC[C@H]2O1,COc1ccc(-c2cnc(-c3ccccn3)nn2)cc1,18.05,18491.0,18614.0
194,O[C@@H]1CC/C=C/CCC1,COc1ccc(-c2cnc(-c3ccncc3)nn2)cc1,19.85,18492.0,18100.0
196,OC[C@@H]1O[C@H]2CC/C=C/CC[C@H]2O1,COc1ccc(-c2cnc(-c3ccncc3)nn2)cc1,18.06,18492.0,18614.0
197,C1#CCCCCCC1,COc1ccc(-c2nnc(-c3ccc(OC)cc3)nn2)cc1,19.4,18493.0,11948.0
198,OC[C@H]1[C@H]2CCC#CCC[C@@H]12,COc1ccc(-c2nnc(-c3ccc(OC)cc3)nn2)cc1,17.24,18493.0,18624.0
199,C1#CCCCCCC1,COc1ccc(-c2nnc(-c3ccccc3)c(=O)o2)cc1,21.21,18494.0,11948.0
200,C1#CCCCCCC1,COc1ccc(-c2nnc(-c3ccccc3)oc2=O)cc1,21.4,18495.0,11948.0
201,C1#CCCCCCC1,COc1ccc(-c2nncnn2)cc1,15.89,18496.0,11948.0
202,C1#CCCCCCC1,COc1cccc(-c2nnc(-c3cccc(OC)c3)nn2)c1,18.62,18499.0,11948.0
203,C1#CCCCCCC1,COc1nnc(OC)nn1,20.9,18500.0,11948.0
204,C1=C/CCCCCC/1,COc1nnc(OC)nn1,18.4,18500.0,11955.0
205,C[C@@H](O[C@@H]1CC/C=C/CCC1)C(=O)ON1C(=O)CCC1=O,COCCNC(=O)CCCC(=O)Nc1ccc(-c2nnc(-c3ccccn3)nn2)nc1,10.84,18480.0,18504.0
206,C[C@@H](O[C@H]1CC/C=C/CCC1)C(=O)ON1C(=O)CCC1=O,COCCNC(=O)CCCC(=O)Nc1ccc(-c2nnc(-c3ccccn3)nn2)nc1,11.93,18480.0,18505.0
207,COCCOCCNC(=O)c1ccc(CO[C@@H]2CC/C=C/CCC2)cc1,COCCNC(=O)CCCC(=O)Nc1ccc(-c2nnc(-c3ccccn3)nn2)nc1,10.49,18480.0,18483.0
208,COCCOCCNC(=O)c1ccc(CO[C@H]2CC/C=C/CCC2)cc1,COCCNC(=O)CCCC(=O)Nc1ccc(-c2nnc(-c3ccccn3)nn2)nc1,11.88,18480.0,18484.0
209,COCCOCCNC(=O)c1ccc(NC(=O)O[C@@H]2CC/C=C/CCC2)cc1,COCCNC(=O)CCCC(=O)Nc1ccc(-c2nnc(-c3ccccn3)nn2)nc1,10.72,18480.0,18485.0
210,COCCOCCNC(=O)c1ccc(NC(=O)O[C@H]2CC/C=C/CCC2)cc1,COCCNC(=O)CCCC(=O)Nc1ccc(-c2nnc(-c3ccccn3)nn2)nc1,11.93,18480.0,18486.0
211,O[C@@H]1CC/C=C/CCC1,COCCNC(=O)CCCC(=O)Nc1ccc(-c2nnc(-c3ccccn3)nn2)nc1,10.76,18480.0,18100.0
212,O[C@H]1CC/C=C/CCC1,COCCNC(=O)CCCC(=O)Nc1ccc(-c2nnc(-c3ccccn3)nn2)nc1,11.99,18480.0,18627.0
213,O=C(CO[C@@H]1CC/C=C/CCC1)ON1C(=O)CCC1=O,COCCNC(=O)CCCC(=O)Nc1ccc(-c2nnc(-c3ccccn3)nn2)nc1,10.89,18480.0,18573.0
214,O=C(CO[C@H]1CC/C=C/CCC1)ON1C(=O)CCC1=O,COCCNC(=O)CCCC(=O)Nc1ccc(-c2nnc(-c3ccccn3)nn2)nc1,12.04,18480.0,18574.0
215,O=C(Nc1ccc(C(=O)ON2C(=O)CCC2=O)cc1)O[C@@H]1CC/C=C/CCC1,COCCNC(=O)CCCC(=O)Nc1ccc(-c2nnc(-c3ccccn3)nn2)nc1,11.08,18480.0,18578.0
216,O=C(Nc1ccc(C(=O)ON2C(=O)CCC2=O)cc1)O[C@H]1CC/C=C/CCC1,COCCNC(=O)CCCC(=O)Nc1ccc(-c2nnc(-c3ccccn3)nn2)nc1,12.33,18480.0,18579.0
218,O=C(ON1C(=O)CCC1=O)[C@H](O[C@@H]1CC/C=C/CCC1)c1ccccc1,COCCNC(=O)CCCC(=O)Nc1ccc(-c2nnc(-c3ccccn3)nn2)nc1,10.78,18480.0,18587.0
219,O=C(ON1C(=O)CCC1=O)[C@H](O[C@H]1CC/C=C/CCC1)c1ccccc1,COCCNC(=O)CCCC(=O)Nc1ccc(-c2nnc(-c3ccccn3)nn2)nc1,11.84,18480.0,18588.0
220,O=C(ON1C(=O)CCC1=O)c1ccc(CO[C@@H]2CC/C=C/CCC2)cc1,COCCNC(=O)CCCC(=O)Nc1ccc(-c2nnc(-c3ccccn3)nn2)nc1,10.46,18480.0,18589.0
223,OC[C@@H]1O[C@H]2CC/C=C/CC[C@H]2O1,COCCNC(=O)CCCC(=O)Nc1ccc(-c2nnc(-c3ccccn3)nn2)nc1,9.86,18480.0,18614.0
224,OC[C@H]1O[C@H]2CC/C=C/CC[C@H]2O1,COCCNC(=O)CCCC(=O)Nc1ccc(-c2nnc(-c3ccccn3)nn2)nc1,9.94,18480.0,18621.0
225,CC1=C(C)C1COC(=O)NC(C)C,COCCOCCCNC(=O)c1ccc(-c2nnc(-c3ccccn3)nn2)cc1,19.36,18481.0,18448.0
226,CC1=C[C@@H]1C(=O)NC(C)C,COCCOCCCNC(=O)c1ccc(-c2nnc(-c3ccccn3)nn2)cc1,19.97,18481.0,18452.0
227,CC(=O)N1[C@@H]2C=C[C@@]1(COC(=O)Nc1ccc([N+](=O)[O-])cc1)c1ccccc12,COCCOCCNC(=O)c1ccc(-c2nncnn2)cc1,20.58,18482.0,18432.0
228,CC(=O)N1[C@H]2C=C[C@]1(COC(=O)[C@@H](C)c1ccc(CC(C)C)cc1)c1ccccc12,COCCOCCNC(=O)c1ccc(-c2nncnn2)cc1,20.75,18482.0,18436.0
229,CC(=O)N1[C@H]2C=C[C@]1(COC(=O)COc1ccccc1)c1ccccc12,COCCOCCNC(=O)c1ccc(-c2nncnn2)cc1,20.44,18482.0,18433.0
230,CC(=O)N1[C@H]2C=C[C@]1(COC(=O)O[C@H]1CC[C@H](C)C[C@@H]1C(C)C)c1ccccc12,COCCOCCNC(=O)c1ccc(-c2nncnn2)cc1,21.06,18482.0,18435.0
231,CC(=O)N1[C@H]2C=C[C@]1(COC(=O)OCc1ccccc1)c1ccccc12,COCCOCCNC(=O)c1ccc(-c2nncnn2)cc1,20.68,18482.0,18434.0
232,CC(C)(C)OC(=O)N1[C@@H]2C=C[C@@]1(COC(=O)Nc1ccc([N+](=O)[O-])cc1)c1ccccc12,COCCOCCNC(=O)c1ccc(-c2nncnn2)cc1,21.11,18482.0,18439.0
233,COCCOCCOCCC(=O)OC[C@@]12C=C[C@@H](c3ccccc31)N2C(C)=O,COCCOCCNC(=O)c1ccc(-c2nncnn2)cc1,20.44,18482.0,18488.0
234,COCCOCCOCCC(=O)OC[C@@]12C=C[C@@H](O1)c1ccccc12,COCCOCCNC(=O)c1ccc(-c2nncnn2)cc1,18.99,18482.0,18487.0
235,O=C(COc1ccccc1)OC[C@@]12C=C[C@@H](O1)c1ccccc12,COCCOCCNC(=O)c1ccc(-c2nncnn2)cc1,19.85,18482.0,18575.0
236,O=C(Nc1ccc([N+](=O)[O-])cc1)OC[C@]12C=C[C@H](O1)c1ccccc12,COCCOCCNC(=O)c1ccc(-c2nncnn2)cc1,19.92,18482.0,18580.0
237,O=C(OCc1ccccc1)OC[C@@]12C=C[C@@H](O1)c1ccccc12,COCCOCCNC(=O)c1ccc(-c2nncnn2)cc1,19.93,18482.0,18585.0
238,C1=C/CCCCCC/1,CS(=O)(=O)c1ccc(-c2nnc(CCCF)nn2)cc1,16.47,18501.0,11955.0
239,C1=C/CCCCCC/1,CSc1ccc(-c2nnc(CCCF)nn2)cc1,17.29,18503.0,11955.0
240,O[C@@H]1CC/C=C/CCC1,FC(F)(F)c1ccc(/C=C/c2nnc(-c3ccccc3)nn2)cc1,15.2,18539.0,18100.0
241,O[C@H]1CC/C=C/CCC1,FC(F)(F)c1ccc(/C=C/c2nnc(-c3ccccc3)nn2)cc1,15.7,18539.0,18627.0
243,OC[C@H]1[C@H]2CCC#CCC[C@@H]12,FC(F)(F)c1ccc(-c2nnc(-c3ccc(C(F)(F)F)cc3)nn2)cc1,16.08,18537.0,18624.0
244,OC[C@H]1[C@H]2CCC#CCC[C@@H]12,FC(F)(F)c1ccc(-c2nnc(-c3ncccn3)nn2)cc1,14.58,18538.0,18624.0
245,C1#CCCCCCC1,FC(F)(F)c1cccc(-c2nncnn2)c1,15.14,18540.0,11948.0
246,C/C=C/C,FC(F)(F)c1nnc(C(F)(F)F)nn1,16.0,11953.0,11932.0
247,C/C=C\C,FC(F)(F)c1nnc(C(F)(F)F)nn1,15.5,11953.0,11933.0
248,C=Cc1ccc(OC)cc1,FC(F)(F)c1nnc(C(F)(F)F)nn1,17.85,11953.0,18429.0
249,C=Cc1ccccc1,FC(F)(F)c1nnc(C(F)(F)F)nn1,18.98,11953.0,11950.0
250,C=COCC,FC(F)(F)c1nnc(C(F)(F)F)nn1,16.67,11953.0,18426.0
251,C1#CCCCCCC1,FC(F)(F)c1nnc(C(F)(F)F)nn1,17.06,11953.0,11948.0
252,C1=C/CCCCCC/1,FC(F)(F)c1nnc(C(F)(F)F)nn1,12.85,11953.0,11955.0
254,C1=C[C@H]2C=C[C@@H]1C2,FC(F)(F)c1nnc(C(F)(F)F)nn1,16.56,11953.0,18405.0
255,C1=CC1,FC(F)(F)c1nnc(C(F)(F)F)nn1,18.25,11953.0,18400.0
256,C1=CCC1,FC(F)(F)c1nnc(C(F)(F)F)nn1,11.5,11953.0,18402.0
257,C1=CCCC1,FC(F)(F)c1nnc(C(F)(F)F)nn1,15.8,11953.0,11936.0
258,C1=CCCCC1,FC(F)(F)c1nnc(C(F)(F)F)nn1,18.0,11953.0,18403.0
259,CC1(C)C=C1,FC(F)(F)c1nnc(C(F)(F)F)nn1,17.42,11953.0,18445.0
260,CC1C=C1,FC(F)(F)c1nnc(C(F)(F)F)nn1,20.62,11953.0,18460.0
261,OC[C@H]1[C@H]2CCC#CCC[C@@H]12,Fc1ccc(-c2nnc(-c3ccc(F)cc3)nn2)cc1,16.85,18551.0,18624.0
262,OC[C@H]1[C@H]2CCC#CCC[C@@H]12,Fc1ccc(-c2nnc(-c3ccccn3)nn2)cc1,15.59,18552.0,18624.0
263,C1=C/CCCCCC/1,FCCCc1nnc(-c2ccc(C(F)(F)F)cc2)nn1,16.64,18548.0,11955.0
264,C1=C/CCCCCC/1,FCCCc1nnc(-c2ccccc2)nn1,17.17,18549.0,11955.0
265,C1=C/CCCCCC/1,FCCCc1nnc(-c2ccccn2)nn1,15.85,18550.0,11955.0
266,O[C@@H]1CC/C=C/CCC1,N#Cc1ccc(/C=C/C=C/c2nnc(-c3ccsc3)nn2)cc1,15.64,18557.0,18100.0
267,O[C@H]1CC/C=C/CCC1,N#Cc1ccc(/C=C/C=C/c2nnc(-c3ccsc3)nn2)cc1,15.97,18557.0,18627.0
268,NCCCNC(=O)O[C@@H]1CC/C=C/CCC1,N#Cc1ccc(-c2cncnn2)cc1,16.34,18556.0,18563.0
269,NCCCNC(=O)O[C@@H]1CC/C=C/CCC1,Nc1ccc(-c2cncnn2)cc1,17.29,18569.0,18563.0
270,O[C@H]1CC/C=C/CCC1,NCc1ccc(-c2nnc(-c3ccccn3)nn2)cc1,12.89,18566.0,18627.0
271,O[C@H]1CC/C=C/CCC1,NCc1ccc(-c2nnc(-c3ncccn3)nn2)cc1,12.01,18567.0,18627.0
272,O[C@H]1CC/C=C/CCC1,NCc1ccc(-c2nncnn2)cc1,11.91,18568.0,18627.0
273,O[C@H]1CC/C=C/CCC1,NCCCCCc1nnc(-c2ccccn2)nn1,13.4,18560.0,18627.0
274,O[C@H]1CC/C=C/CCC1,NCCCCCc1nnc(-c2ncccn2)nn1,13.0,18561.0,18627.0
275,O[C@H]1CC/C=C/CCC1,NCCCCCc1nncnn1,12.93,18562.0,18627.0
276,C=CC(=O)NCCCC[C@H](C)N,NCCNC(=O)c1ccc(-c2nncnn2)cc1,21.42,18564.0,18417.0
277,C=CCC(=O)NCCCC[C@H](C)N,NCCNC(=O)c1ccc(-c2nncnn2)cc1,21.22,18564.0,18418.0
278,C=CCCC(=O)NCCCC[C@H](C)N,NCCNC(=O)c1ccc(-c2nncnn2)cc1,20.11,18564.0,18419.0
279,C=CCCCC(=O)NCCCC[C@H](C)N,NCCNC(=O)c1ccc(-c2nncnn2)cc1,19.89,18564.0,18422.0
280,C=CCCCO,NCCNC(=O)c1ccc(-c2nncnn2)cc1,19.41,18564.0,18423.0
281,C=CCO,NCCNC(=O)c1ccc(-c2nncnn2)cc1,20.2,18564.0,18424.0
282,C=COCCO,NCCNC(=O)c1ccc(-c2nncnn2)cc1,18.93,18564.0,18427.0
283,CO/C=C/C(=O)NCCCC[C@H](C)N,NCCNC(=O)c1ccc(-c2nncnn2)cc1,19.79,18564.0,18463.0
284,OC[C@H]1[C@H]2CCC#CCC[C@@H]12,O=[N+]([O-])c1cc(-c2nnc(-c3ccc(O)c([N+](=O)[O-])c3)nn2)ccc1O,16.95,18601.0,18624.0
285,NCCCNC(=O)O[C@@H]1CC/C=C/CCC1,O=[N+]([O-])c1ccc(-c2cncnn2)cc1,16.25,18602.0,18563.0
286,O[C@@H]1CC/C=C/CCC1,O=[N+]([O-])c1ccc(-c2cncnn2)cc1,17.54,18602.0,18100.0
288,OC[C@@H]1O[C@H]2CC/C=C/CC[C@H]2O1,O=[N+]([O-])c1ccc(-c2cncnn2)cc1,16.01,18602.0,18614.0
290,C1#CCCCCCC1,O=[N+]([O-])c1ccc(-c2nnc(-c3ccc([N+](=O)[O-])cc3)nn2)cc1,17.49,11954.0,11948.0
291,C1#CCCCCCC1,O=[N+]([O-])c1cccc(-c2nnc(-c3cccc([N+](=O)[O-])c3)nn2)c1,17.71,18603.0,11948.0
293,O[C@H]1CC/C=C/CCC1,O=C(O)c1ccc(-c2nncnn2)cc1,11.82,18584.0,18627.0
294,CC1=C[C@@H]1CNC(=O)CCCC(=O)NCCO,O=C(O)Cc1ccc(-c2nncnn2)cc1,18.09,18582.0,18455.0
295,OC[C@@H]1CC/C=C/CCO1,O=C(O)CCCC(=O)Nc1ccc(-c2nnc(-c3ccccn3)nn2)nc1,9.95,18581.0,18611.0
296,OC[C@H]1CC/C=C/CCO1,O=C(O)CCCC(=O)Nc1ccc(-c2nnc(-c3ccccn3)nn2)nc1,11.11,18581.0,18619.0
297,C1#CCCCCCC1,O=c1oc(-c2ccccc2)nnc1-c1ccc([N+](=O)[O-])cc1,20.41,18605.0,11948.0
298,C1#CCCCCCC1,O=c1oc(-c2ccccc2)nnc1-c1ccccc1,20.97,18606.0,11948.0
299,OC[C@H]1[C@H]2CCC#CCC[C@@H]12,Oc1ccc(-c2nnc(-c3ccc(O)cc3)nn2)cc1,17.76,18629.0,18624.0
300,CC1=C[C@@H]1COC(=O)NCCO,OCc1ccc(-c2nncnn2)cc1,16.58,18625.0,18459.0
301,O=C(CCC(=O)N1CCOCC1)N1C=CC1,OCc1ccc(-c2nncnn2)cc1,18.05,18625.0,18570.0
302,O=C(CCCC(=O)N1CCOCC1)N1C=CC1,OCc1ccc(-c2nncnn2)cc1,18.0,18625.0,18571.0
303,CC1=C[C@@H]1CNC(=O)CCCC(=O)NCCO,OCCc1ccc(-c2nncnn2)cc1,19.36,18610.0,18455.0
