Reaction_Index,Diene_Index,Ene_Index,Product,Title,Structure_id,deltaG,conf_id,Diene,Ene,Diene_Distort,Ene_Distort,Interaction,source_folder,TS_G(Solvent),deltaGa(Solvent),deltaGa(Report),deltaGa_Difference(Calc-Report),Abs_deltaGa_Difference,Minimum_Tie_Count,Comparison_Status
73,5944,11948,[H]C12N=NC([H])(N=N1)C1=C2C([H])([H])C([H])([H])C([H])([H])C([H])([H])C([H])([H])C1([H])[H],0 3 0 1 8 1,0,-31.09897593,0,c1nncnn1,C1#CCCCCCC1,12.94080575,10.05731524,14.8223645,DA0_clear,-608.3410196,20.64913497,17.8,2.84913497,2.84913497,1,ok
74,5944,11955,[H]C1([H])C([H])([H])C([H])([H])C([H])([H])C2([H])C3([H])N=NC([H])(N=N3)C2([H])C([H])([H])C1([H])[H],0 3 5 4 8 1,0,-13.7824213,0,c1nncnn1,C1=C/CCCCCC/1,10.99182589,7.716685015,15.69122358,DA0_clear,-609.5733985,14.71400466,13.9,0.81400466,0.81400466,1,ok
72,5944,18429,[H]c1c([H])c(C2([H])C3([H])N=NC([H])(N=N3)C2([H])[H])c([H])c([H])c1OC([H])([H])[H],0 3 0 1 8 1,0,-0.769157497,0,c1nncnn1,C=Cc1ccc(OC)cc1,19.62880491,8.61304743,19.97606906,DA0_clear,-720.5636952,20.0022082,21.41,-1.4077918,1.4077918,1,ok
75,5944,18502,[H]C([H])([H])SC1=C(N(C([H])([H])[H])C([H])([H])[H])C2([H])N=NC1([H])N=N2,0 3 2 3 8 1,0,-19.05294,0,c1nncnn1,CSC#CN(C)C,18.55427893,8.08741076,18.95737112,DA0_clear,-945.218508,13.20363663,19.37,-6.16636337,6.16636337,1,ok
202,11953,11932,[H]C([H])([H])C1([H])C2(C(F)(F)F)N=NC(C(F)(F)F)(N=N2)C1([H])C([H])([H])[H],4 7 1 2 14 1,0,-8.01958805,0,c1nncnn1,C/C=C/C,23.52891758,12.22570549,32.6509767,DA0_clear,-1127.858262,20.05987607,16,4.05987607,4.05987607,1,ok
203,11953,11933,[H]C([H])([H])C1([H])C2(C(F)(F)F)N=NC(C(F)(F)F)(N=N2)C1([H])C([H])([H])[H],4 7 1 2 14 1,0,-5.8701621,0,c1nncnn1,C/C=C\C,20.19939631,11.17968495,28.51343308,DA0_clear,-1127.857187,20.06346537,15.5,4.56346537,4.56346537,1,ok
212,11953,11936,[H]C1([H])C([H])([H])C2([H])C3(C(F)(F)F)N=NC(C(F)(F)F)(N=N3)C2([H])C1([H])[H],4 7 0 1 14 0,1,-10.62567713,0,c1nncnn1,C1=CCCC1,19.74778079,8.540135695,28.19138189,DA0_clear,-1165.966059,17.87386687,15.8,2.07386687,2.07386687,1,ok
205,11953,11950,[H]c1c([H])c([H])c(C2([H])C3(C(F)(F)F)N=NC(C(F)(F)F)(N=N3)C2([H])[H])c([H])c1[H],4 7 0 1 14 1,0,-7.273434075,0,c1nncnn1,C=Cc1ccccc1,19.61922801,7.589450605,27.26611369,DA0_clear,-1280.31615,17.59429052,18.98,-1.38570948,1.38570948,2,ok
210,11953,18400,[H]C1([H])C2([H])C3(C(F)(F)F)N=NC(C(F)(F)F)(N=N3)C12[H],4 7 0 1 14 1,0,-33.13727727,0,c1nncnn1,C1=CC1,9.263972632,4.265176485,17.02790714,DA0_clear,-1087.291938,14.23999555,18.25,-4.01000445,4.01000445,1,ok
211,11953,18402,[H]C1([H])C([H])([H])C2([H])C3(C(F)(F)F)N=NC(C(F)(F)F)(N=N3)C12[H],4 7 0 1 14 1,0,-17.64410775,0,c1nncnn1,C1=CCC1,16.26828702,7.306209028,24.78710842,DA0_clear,-1126.626548,16.26288613,11.5,4.76288613,4.76288613,2,ok
213,11953,18403,[H]C1([H])C([H])([H])C([H])([H])C2([H])C3(C(F)(F)F)N=NC(C(F)(F)F)(N=N3)C2([H])C1([H])[H],4 7 0 1 14 1,0,-3.23841455,0,c1nncnn1,C1=CCCCC1,22.52432773,13.50374666,31.56914724,DA0_clear,-1205.268757,22.01497783,18,4.01497783,4.01497783,2,ok
209,11953,18405,[H]C1=C([H])[C@]2([H])C3([H])C4(C(F)(F)F)N=NC(C(F)(F)F)(N=N4)C3([H])[C@@]1([H])C2([H])[H],4 7 0 1 14 1,0,-19.50974055,0,c1nncnn1,C1=C[C@H]2C=C[C@@H]1C2,16.51460775,7.948652312,27.25121746,DA0_clear,-1242.136686,16.013549,16.56,-0.546451,0.546451,1,ok
206,11953,18426,[H]C([H])([H])C([H])([H])OC1([H])C2(C(F)(F)F)N=NC(C(F)(F)F)(N=N2)C1([H])[H],4 7 0 1 14 0,1,-6.476596925,0,c1nncnn1,C=COCC,20.18502342,9.75051166,30.91654348,DA0_clear,-1203.098561,13.56558365,16.67,-3.10441635,3.10441635,1,ok
214,11953,18445,[H]C([H])([H])C1(C([H])([H])[H])C2([H])C3(C(F)(F)F)N=NC(C(F)(F)F)(N=N3)C21[H],4 7 3 4 14 1,0,-27.9624291,0,c1nncnn1,CC1(C)C=C1,11.04420896,9.144364858,18.45365554,DA0_clear,-1165.893297,20.77982565,17.42,3.35982565,3.35982565,1,ok
215,11953,18460,[H]C([H])([H])C1([H])C2([H])C3(C(F)(F)F)N=NC(C(F)(F)F)(N=N3)C12[H],4 7 2 3 14 1,0,-33.7376128,0,c1nncnn1,CC1C=C1,8.76108221,3.902498427,17.32158216,DA0_clear,-1126.599678,13.16892207,20.62,-7.45107793,7.45107793,1,ok
0,18392,18100,[H]O[C@@]1([H])C([H])([H])C([H])([H])C([H])([H])C2([H])C3(/C([H])=C(\[H])c4c([H])c([H])c([H])c5c([H])c([H])c([H])c([H])c45)N=NC(c4c([H])sc([H])c4[H])(N=N3)C2([H])C([H])([H])C1([H])[H],12 15 5 6 35 0,23,-0.759256175,0,c1nncnn1,O[C@@H]1CC/C=C/CCC1,17.51309202,4.751110602,24.4906542,DA0_clear,-1698.807408,10.53553675,15.51,-4.97446325,4.97446325,1,ok
1,18392,18627,[H]O[C@]1([H])C([H])([H])C([H])([H])C([H])([H])C2([H])C3(c4c([H])sc([H])c4[H])N=NC(/C([H])=C(\[H])c4c([H])c([H])c([H])c5c([H])c([H])c([H])c([H])c45)(N=N3)C2([H])C([H])([H])C1([H])[H],12 15 6 5 35 0,21,-6.2691266,0,c1nncnn1,O[C@H]1CC/C=C/CCC1,18.88504547,6.009069893,24.31532192,DA0_clear,-1698.804389,13.81529727,15.97,-2.15470273,2.15470273,1,ok
2,18393,18563,[H]C1=NC2([H])N=NC1(/C([H])=C(\[H])c1c([H])c([H])c([H])c([H])c1[H])C1([H])C([H])([H])C([H])([H])C([H])([H])[C@]([H])(OC(=O)N([H])C([H])([H])C([H])([H])C([H])([H])N([H])[H])C([H])([H])C([H])([H])C21[H],2 5 12 13 23 1,6,1.299583875,0,c1cnncn1,O[C@@H]1CC/C=C/CCC1,20.78167991,6.172868727,19.05688384,DA0_clear,-1319.295646,20.50833777,16.95,3.55833777,3.55833777,1,ok
184,18482,18432,[H]c1c([H])c([H])c2c(c1[H])[C@@]1(C([H])([H])OC(=O)N([H])c3c([H])c([H])c([N+](=O)[O-])c([H])c3[H])N(C(=O)C([H])([H])[H])[C@]2([H])C2([H])C3(c4c([H])c([H])c(C(=O)N([H])C([H])([H])C([H])([H])OC([H])([H])C([H])([H])OC([H])([H])[H])c([H])c4[H])N=NC([H])(N=N3)C21[H],14 17 5 6 39 1,12,-11.00102253,0,c1nncnn1,[C@H]12N[C@@H](CC2)C=C1,16.48654595,8.96922145,21.91101363,DA0_clear,-2355.986351,18.28807963,20.58,-2.29192037,2.29192037,1,ok
191,18482,18487,[H]c1c([H])c([H])c2c(c1[H])[C@@]1(C([H])([H])OC(=O)C([H])([H])C([H])([H])OC([H])([H])C([H])([H])OC([H])([H])C([H])([H])OC([H])([H])[H])O[C@]2([H])C2([H])C3(c4c([H])c([H])c(C(=O)N([H])C([H])([H])C([H])([H])OC([H])([H])C([H])([H])OC([H])([H])[H])c([H])c4[H])N=NC([H])(N=N3)C21[H],14 17 16 15 39 1,14,-11.23938467,0,c1nncnn1,[C@H]12N[C@@H](CC2)C=C2,16.80207805,9.44228115,23.5597385,DA0_clear,-2232.972564,19.13713105,18.99,0.14713105,0.14713105,1,ok
190,18482,18488,[H]c1c([H])c([H])c2c(c1[H])[C@]1(C([H])([H])OC(=O)C([H])([H])C([H])([H])OC([H])([H])C([H])([H])OC([H])([H])C([H])([H])OC([H])([H])[H])N(C(=O)C([H])([H])[H])[C@@]2([H])C2([H])C3(c4c([H])c([H])c(C(=O)N([H])C([H])([H])C([H])([H])OC([H])([H])C([H])([H])OC([H])([H])[H])c([H])c4[H])N=NC([H])(N=N3)C21[H],14 17 16 15 39 0,15,-13.59218965,0,c1nncnn1,[C@@H]12N[C@H](CC2)C=C2,16.8092692,9.79641705,24.6465183,DA0_clear,-2365.779322,15.82425107,20.44,-4.61574893,4.61574893,1,ok
192,18482,18575,[H]c1c([H])c([H])c(OC([H])([H])C(=O)OC([H])([H])[C@@]23O[C@@]([H])(c4c([H])c([H])c([H])c([H])c42)C2([H])C4([H])N=NC(c5c([H])c([H])c(C(=O)N([H])C([H])([H])C([H])([H])OC([H])([H])C([H])([H])OC([H])([H])[H])c([H])c5[H])(N=N4)C23[H])c([H])c1[H],14 17 13 14 39 0,13,-13.03160625,0,c1nncnn1,[C@H]12O[C@H](CC2)C=C1,18.52659865,8.535135775,32.52650015,DA0_clear,-2077.765776,14.33679998,19.85,-5.51320002,5.51320002,1,ok
159,18494,11948,[H]c1c([H])c([H])c(C23N=NC(c4c([H])c([H])c(OC([H])([H])[H])c([H])c4[H])(OC2=O)C2=C3C([H])([H])C([H])([H])C([H])([H])C([H])([H])C([H])([H])C2([H])[H])c([H])c1[H],6 9 0 1 33 1,2,-21.9967364,0,O=c1ocnnc1,C1#CCCCCCC1,16.78944083,14.51299068,23.42939608,DA0_clear,-1264.125672,25.12083927,21.21,3.91083927,3.91083927,1,ok
109,18517,18425,[H]OC(=O)[C@@]([H])(N([H])[H])C([H])([H])SC([H])([H])C1([H])C2(c3c([H])c([H])c(C([H])([H])N([H])[H])c([H])c3[H])N=NC(C([H])([H])[H])(N=N2)C1([H])[H],1 4 0 1 26 1,0,5.166778525,0,c1nncnn1,C=CCS,21.41066834,14.09045916,24.4474891,DA0_clear,-1500.137258,25.80655873,21.9,3.90655873,3.90655873,1,ok
231,18564,18417,[H]c1c([H])c(C23N=NC([H])(N=N2)C([H])([H])C3([H])C(=O)N([H])C([H])([H])C([H])([H])C([H])([H])C([H])([H])[C@@]([H])(N([H])[H])C([H])([H])[H])c([H])c([H])c1C(=O)N([H])C([H])([H])C([H])([H])N([H])[H],10 13 1 0 30 1,14,0.412989125,0,c1nncnn1,C=CC(N)=O,19.04202088,10.01689231,22.18656456,DA0_clear,-1368.683469,20.5239939,21.42,-0.8960061,0.8960061,1,ok
232,18564,18418,[H]c1c([H])c(C23N=NC([H])(N=N2)C([H])([H])C3([H])C([H])([H])C(=O)N([H])C([H])([H])C([H])([H])C([H])([H])C([H])([H])[C@@]([H])(N([H])[H])C([H])([H])[H])c([H])c([H])c1C(=O)N([H])C([H])([H])C([H])([H])N([H])[H],10 13 1 0 30 0,15,-0.743995375,0,c1nncnn1,C=CCC(N)=O,18.24508207,11.36750762,20.94268574,DA0_clear,-1407.985137,20.5230903,21.22,-0.6969097,0.6969097,1,ok
233,18564,18419,[H]c1c([H])c(C23N=NC([H])(N=N2)C([H])([H])C3([H])C([H])([H])C([H])([H])C(=O)N([H])C([H])([H])C([H])([H])C([H])([H])C([H])([H])[C@@]([H])(N([H])[H])C([H])([H])[H])c([H])c([H])c1C(=O)N([H])C([H])([H])C([H])([H])N([H])[H],10 13 1 0 30 0,15,1.9178659,0,c1nncnn1,C=CCCC(N)=O,19.99074315,13.71634241,26.8490251,DA0_clear,-1447.287116,20.66825615,20.11,0.55825615,0.55825615,1,ok
234,18564,18422,[H]c1c([H])c(C23N=NC([H])(N=N2)C([H])([H])C3([H])C([H])([H])C([H])([H])C([H])([H])C(=O)N([H])C([H])([H])C([H])([H])C([H])([H])C([H])([H])[C@@]([H])(N([H])[H])C([H])([H])[H])c([H])c([H])c1C(=O)N([H])C([H])([H])C([H])([H])N([H])[H],10 13 1 0 30 1,14,2.563582225,0,c1nncnn1,C=CCCCC(=O)N,19.60119993,10.03467629,20.04985364,DA0_clear,-1486.591647,20.58136623,19.89,0.69136623,0.69136623,1,ok
235,18564,18423,[H]OC([H])([H])C([H])([H])C([H])([H])C1([H])C2(c3c([H])c([H])c(C(=O)N([H])C([H])([H])C([H])([H])N([H])[H])c([H])c3[H])N=NC([H])(N=N2)C1([H])[H],10 13 1 0 30 0,15,1.661663925,0,c1nncnn1,C=CCCCO,19.12018729,9.862844827,20.93181807,DA0_clear,-1101.905123,21.3252361,19.41,1.9152361,1.9152361,1,ok
236,18564,18424,[H]OC([H])([H])C1([H])C2(c3c([H])c([H])c(C(=O)N([H])C([H])([H])C([H])([H])N([H])[H])c([H])c3[H])N=NC([H])(N=N2)C1([H])[H],10 13 1 0 30 0,15,-0.22711735,0,c1nncnn1,C=CCO,18.88965383,10.32011412,21.66723678,DA0_clear,-1023.297082,22.32379567,20.2,2.12379567,2.12379567,1,ok
237,18564,18427,[H]OC([H])([H])C([H])([H])OC1([H])C2(c3c([H])c([H])c(C(=O)N([H])C([H])([H])C([H])([H])N([H])[H])c([H])c3[H])N=NC([H])(N=N2)C1([H])[H],10 13 1 0 30 1,14,1.0661727,0,c1nncnn1,C=COCCO,20.36533303,7.583409662,22.96245827,DA0_clear,-1137.842971,17.58285748,18.93,-1.34714252,1.34714252,1,ok
238,18564,18463,[H]c1c([H])c(C23N=NC([H])(N=N2)C([H])(C(=O)N([H])C([H])([H])C([H])([H])C([H])([H])C([H])([H])[C@@]([H])(N([H])[H])C([H])([H])[H])C3([H])OC([H])([H])[H])c([H])c([H])c1C(=O)N([H])C([H])([H])C([H])([H])N([H])[H],10 13 2 3 30 1,12,8.6748863,0,c1nncnn1,CO/C=C/C(=O)N,19.65145076,13.37277047,23.34533493,DA0_clear,-1483.210754,25.14519882,19.79,5.35519882,5.35519882,1,ok
247,18581,18611,[H]OC(=O)C([H])([H])C([H])([H])C([H])([H])C(=O)N([H])c1c([H])nc(C23N=NC(c4nc([H])c([H])c([H])c4[H])(N=N2)C2([H])C([H])([H])C([H])([H])[C@@]([H])(C([H])([H])O[H])OC([H])([H])C([H])([H])C32[H])c([H])c1[H],13 16 6 5 42 0,9,-18.79124677,0,c1nncnn1,OC[C@@H]1CC/C=C/CCO1,11.45213855,2.37717582,21.24689775,DA0_clear,-1729.599883,9.573673375,9.95,-0.37632662,0.37632662,1,ok
248,18581,18619,[H]OC(=O)C([H])([H])C([H])([H])C([H])([H])C(=O)N([H])c1c([H])nc(C23N=NC(c4nc([H])c([H])c([H])c4[H])(N=N2)C2([H])C([H])([H])C([H])([H])O[C@@]([H])(C([H])([H])O[H])C([H])([H])C([H])([H])C32[H])c([H])c1[H],13 16 5 6 42 1,10,-15.88216933,0,c1nncnn1,OC[C@H]1CC/C=C/CCO1,13.80759157,3.439843933,23.92359626,DA0_clear,-1729.60124,11.6546579,11.11,0.5446579,0.5446579,1,ok
253,18625,18570,[H]OC([H])([H])c1c([H])c([H])c(C23N=NC([H])(N=N2)C2([H])C([H])([H])N(C(=O)C([H])([H])C([H])([H])C(=O)N4C([H])([H])C([H])([H])OC([H])([H])C4([H])[H])C32[H])c([H])c1[H],6 9 13 14 22 1,8,-4.946751925,0,c1nncnn1,O=C(N1C=CC1)C,15.16026007,7.386306265,17.69612311,DA0_clear,-1406.000067,16.59083645,18.05,-1.45916355,1.45916355,1,ok
254,18625,18571,[H]OC([H])([H])c1c([H])c([H])c(C23N=NC([H])(N=N2)C2([H])C([H])([H])N(C(=O)C([H])([H])C([H])([H])C([H])([H])C(=O)N4C([H])([H])C([H])([H])OC([H])([H])C4([H])[H])C32[H])c([H])c1[H],6 9 14 15 22 1,8,-10.34387315,0,c1nncnn1,O=C(N1C=CC2)C,14.30871935,3.21873615,19.98032162,DA0_clear,-1445.301809,13.08271612,18,-4.91728388,4.91728388,1,ok
40,18639,18408,[H]C1=C([H])[C@]2([H])[C@]3([H])C4([H])C5(c6nc([H])c([H])c([H])c6[H])N=NC(c6nc([H])c([H])c([H])c6[H])(N=N5)C4([H])[C@@]([H])(C3([H])[H])[C@]2([H])C1([H])[H],4 7 6 7 26 1,18,-9.2334115,0,c1nncnn1,[C@@H]12CC[C@H](C=C2)C1,18.76607587,8.9327888,27.45540094,DA0_clear,-1178.825579,19.9271661,18.8,1.1271661,1.1271661,1,ok
36,18639,18421,[H]c1nc(C23N=NC(c4nc([H])c([H])c([H])c4[H])(N=N2)C([H])(C([H])([H])C([H])([H])C([H])([H])C([H])([H])[H])C3([H])[H])c([H])c([H])c1[H],4 7 0 1 26 0,9,-3.43913925,0,c1nncnn1,C=CCCCC,19.15996515,9.25126262,24.11190524,DA0_clear,-1026.413735,22.82193028,21.53,1.29193028,1.29193028,1,ok
34,18639,18430,[H]OC([H])([H])[C@@]1([H])O[C@@]([H])(n2c([H])c(C3([H])C4(c5nc([H])c([H])c([H])c5[H])N=NC(c5nc([H])c([H])c([H])c5[H])(N=N4)C3([H])[H])c(=O)n([H])c2=O)C([H])([H])[C@]1([H])O[H],4 7 0 1 26 1,8,-1.913592625,0,c1nncnn1,C=CC1=C[N]C(NC1=O)=O,20.75609172,9.65760401,29.61739823,DA0_clear,-1703.991405,18.862399,19.73,-0.867601,0.867601,1,ok
