Diene,Ene
c1nncnn1,C=C
COC(=O)c1nccnn1,C=C
c1cnncn1,C=C
COc1nnc(OC)nn1,C=C
Cc1nnc(C)nn1,C=C
C=CC=C,C=Cc1ccc(OC)cc1
C=CC=C,O[C@H]1CC/C=C/CCC1
C=CC=C,CC1C=C1
C=CC=C,OC[C@H]1CC/C=C/CCO1
C=CC=C,C=COCCO
C=CC=C,C1=C[C@H]2[C@@H](C1)[C@H]1C=C[C@@H]2C1
C=CC=C,C=Cc1ccccc1
C=CC=C,CC1=C[C@@H]1C(N)=O
C=CC=C,C1=C[C@H]2C=C[C@@H]1C2
C=CC=C,C1=CCCC1
C=CC=C,CSC#CN(C)C
C=CC=C,OC[C@@H]1CC/C=C/CCO1
C=CC=C,C=CCSC[C@H](N)C(=O)O
C=CC=C,O=C(O)[C@@H]1C[C@H]2C=C[C@@H]1C2
C=CC=C,C1=C/CCCCCC/1
C=CC=C,OC[C@@H]1C[C@H]2C=C[C@@H]1C2
C=CC=C,C=CCCC(N)=O
C=CC=C,CC1=C[C@@H]1CNCC(=O)O
C=CC=C,CC1(C)C=C1
C=CC=C,OC[C@H]1C[C@H]2C=C[C@@H]1C2
C=CC=C,C1=CCC1
C=CC=C,C1=CC1
C=CC=C,CC1=C[C@@H]1/C=C/CO
C=CC=C,C1#CCCCCCC1
C=CC=C,C=CCCCC
C=CC=C,O[C@@H]1CC/C=C/CCC1
C=CC=C,OC[C@@H]1C[C@H]2C=C[C@@H]1O2
C=CC=C,C/C=C/C
C=CC=C,C/C=C\C
C=CC=C,CC1=C[C@@H]1/C=C/C(=O)O
C=CC=C,NC(=O)C1C=C1
C=CC=C,C=CCCCO
C=CC=C,C=CCO
C=CC=C,CC1=C(C)C1CO
C=CC=C,CC1=C[C@@H]1C(=O)NCCO
C=CC=C,C1=CCCCC1
C=CC=C,CC1=C[C@@H]1C(=O)NC(C)C
C=CC=C,C=COCC
