Index,Smiles,Stable_conf_id,G/Hatree,E/Hatree
2209,C=CC=C,0,-155.9924904,-156.0515654
2790,CC(C)=C(C)C(C)C,0,-314.4152501,-314.6016891
5416,O=C1CCC=CCC1,0,-347.9724091,-348.0973201
5938,c1ncncn1,0,-280.4145073,-280.4527723
8614,CC(C)(C)C1C=CC=C1,0,-351.3186346,-351.4914356
8856,CC1(C)CCC=N1,0,-289.9821778,-290.1134348
9004,CC1=CC(C)=C(C)[C@@H]1C,0,-351.3346685,-351.5054805
11157,NNC1=CC(=O)OC1,0,-416.0193476,-416.0972156
11875,c1cnncn1,0,-280.3723693,-280.4094363
11932,C/C=C/C,0,-157.2056016,-157.2867656
11944,C1=CCCC=C1,0,-233.4102685,-233.5049295
11959,C#CC1=CCCC1=O,0,-345.5410052,-345.6164402
11970,C#Cc1ccc[nH]1,0,-286.3560483,-286.4182973
11977,C#Cc1ccoc1C,0,-345.5342978,-345.6097458
11985,C/C(=C\N=O)NO,0,-377.8020025,-377.8695805
12002,C/C=C/C#CCCO,0,-347.9197784,-348.0363874
12013,C/C=C/CNCCO,0,-366.3960173,-366.5497703
12014,C/C=C/C[C@H](N)CO,0,-366.408685,-366.562736
12019,C/C=C/n1cccc1,0,-326.8862808,-326.9970718
12021,C/C=C\C(F)=C(F)F,0,-493.1197857,-493.1772947
12026,C/C=N/CC(F)(F)F,0,-510.4136927,-510.4833907
12034,C/N=C(\NN)N(C)C,0,-378.6020269,-378.7457189
12037,C1=CC2(C=C1)CC2,0,-271.4885454,-271.5867914
12039,C1=CC2CCC1CC2,0,-312.0212172,-312.1749132
12040,C1=CC=CC=CC=C1,0,-309.5954233,-309.6978963
12042,C1=CCC2(C1)CNC2,0,-328.0382053,-328.1763163
12046,C1=CCNC1,0,-211.3500919,-211.4288109
12048,C1=CCOCOC1,0,-345.7694752,-345.8677842
12051,C1=CC[C@H]2C[C@H]2C1,0,-272.695572,-272.818622
12052,C1=CNCC1,0,-211.3576419,-211.4367049
12053,C1=CNNC1,0,-227.37836,-227.445733
12055,C1=COCN1,0,-247.2820725,-247.3371905
12063,C1=C[C@H]2NC[C@@H]2C1,0,-288.6859705,-288.7982655
12067,C1=NCCCN1,0,-266.7331032,-266.8285722
12068,C1=NCCO1,0,-247.3077375,-247.3627605
12069,C1=NC[C@H]2CCC[C@@H]12,0,-328.0844863,-328.2249803
12070,C1=NNCC1,0,-227.3989359,-227.4663359
12076,C1NCC2=C1CNC2,0,-344.1055134,-344.2325404
12085,C=C(C)C1=NCCO1,0,-364.0202151,-364.1307811
12095,C=C(C1CC1)C1CC1,1,-311.9608786,-312.1060076
12100,C=C(CNC)OCC,0,-366.3889427,-366.5430027
12113,C=C/C=C/CC(=O)O,0,-383.9230258,-384.0171818
12122,C=C/C=C\OC(C)=O,0,-383.9180227,-384.0119017
12123,C=C/C=N/N=C(/C)N,0,-360.1798236,-360.2871716
12124,C=C1C2C3C2C2C1C32,0,-309.5274933,-309.6316703
12125,C=C1C=CC(=O)O1,0,-343.4252632,-343.4755512
12130,C=C1CC(NC)C1,0,-289.930582,-290.059964
12132,C=C1CCCC(=O)O1,0,-383.9278358,-384.0284528
12134,C=C1CCCNC1=O,0,-364.0512894,-364.1656044
12137,C=C1CCN(C)CC1,0,-329.259252,-329.420096
12141,C=C1COC(=C)CO1,0,-383.8680292,-383.9679702
12142,C=C1COC[C@@H]1N,0,-325.8924662,-326.0010142
12148,C=C1OCCCCO1,0,-385.0835283,-385.2084993
12149,C=C=C1CCCCC1,0,-311.9991886,-312.1474626
12154,C=C=COC,0,-231.1977737,-231.2590487
12159,C=CC(=C)OC,0,-270.5288975,-270.6180175
12160,C=CC(=N)N,0,-227.4270611,-227.4903041
12183,C=CC1=CC=CC1,0,-271.5090217,-271.6055437
12186,C=CC1OCCO1,0,-345.7697507,-345.8653917
12200,C=CCC[C@@H](O)CN,0,-366.4013014,-366.5551614
12207,C=CCNCC#CC,1,-328.0173309,-328.1448579
12228,C=CNC=O,0,-247.3283526,-247.3798806
12232,C=COC=O,0,-267.2004336,-267.2390676
12235,C=CON=C(C)C,1,-325.8639273,-325.9643133
12237,C=C[C@@H](C)N1CCC1,0,-329.228956,-329.385367
12242,C=C[C@@H]1CC1(F)F,0,-393.831976,-393.900136
12250,C=C[C@H](O)[C@H]1CO1,0,-345.7476974,-345.8400814
12252,C=C[C@H]1CNC[C@H]1O,0,-365.197432,-365.332761
12256,C=Cc1ccn[nH]1,0,-303.6337713,-303.7080153
12263,C=Cc1nn[nH]n1,0,-335.7179839,-335.7691589
12267,C=Cn1ccnc1C,0,-342.9519583,-343.0519383
12269,C=Cn1cnnn1,0,-335.7039498,-335.7540388
12270,C=Cn1nnc(N)n1,0,-391.0821396,-391.1485536
12273,C=NC1C=CCC=C1,0,-326.8520086,-326.9645086
12275,C=NCC#N,0,-226.2149552,-226.2548302
12278,C=NN=C,0,-188.077807,-188.112717
12296,CC(=O)C=C1CNC1,0,-363.9925276,-364.1012026
12319,CC(C)=C1C=CC=C1,0,-310.8206318,-310.9432008
12324,CC(C)=CN(C)C,0,-291.1534577,-291.3022707
12325,CC(C)=CN1CCC1,0,-329.238303,-329.393342
12331,CC(C)C1C=CC=C1,0,-312.0143427,-312.1604767
12825,Cc1coc(C)n1,0,-324.7432889,-324.8268339
12830,Cc1coc(O)c1,0,-344.609198,-344.680913
12848,Cc1nc(C=O)no1,0,-414.8100226,-414.8612736
12861,Cc1ncc(O)[nH]1,0,-340.8017218,-340.8743088
12875,Cc1ncoc1C=O,0,-398.7850059,-398.8494639
12913,Cc1onc(O)c1C,0,-399.9539324,-400.0398124
12950,Cn1cnc(C#N)n1,0,-373.8664557,-373.9213337
12994,F/C=C/CF,0,-316.4458758,-316.4832708
12996,F/C=C\C(F)F,0,-415.7328787,-415.7611677
12998,FC(F)=CC=C(F)F,0,-553.104193,-553.126977
13000,FC(F)c1cnco1,0,-483.9797985,-484.0202735
13004,FC1(F)C=CC1(F)F,0,-553.0933377,-553.1180417
13005,FC1=CCCNC1,0,-349.9403482,-350.0384302
13032,N#CC(/C=N/O)=N\O,0,-430.7819925,-430.8192565
13033,N#CC(=N)C(=N)C#N,1,-372.6383784,-372.6666724
13053,N#CCn1nccn1,0,-373.84038,-373.895117
13056,N#C[C@@H]1CCCC1=N,0,-342.9504082,-343.0517842
13085,N#Cc1ncco1,0,-338.382222,-338.410284
13092,N#Cn1ccnc1,0,-318.4975467,-318.5376197
13096,N/N=C/C=N/N,0,-298.7888521,-298.8560701
13117,N=C1CCC(=N)N1,0,-320.9196252,-321.0058272
13119,N=C1NCNC(=O)N1,0,-412.2517337,-412.3321847
13120,N=C1NN=C(N)NN1,0,-408.3336014,-408.4139734
13122,N=c1ccn(O)cc1,0,-378.8335913,-378.9114003
13129,NC(=O)[C@@H]1C=CCN1,0,-380.1035233,-380.2040833
13140,NC(=O)n1cccc1,0,-378.9325004,-379.0115604
13144,NC1=C(N)CCCC1,0,-345.3480828,-345.4968158
13145,NC1=C(N)NCNC1,0,-377.4409205,-377.5686735
13148,NC1=CC=C(CO)C1,0,-364.016773,-364.127894
13149,NC1=CC=CCO1,0,-324.7122867,-324.7984587
13150,NC1=CC=NCN1,0,-320.8932824,-320.9807554
13152,NC1=CCNN1,0,-282.7476225,-282.8310145
13154,NC1=NC(=O)C=N1,0,-355.6635429,-355.7030679
13155,NC1=NC(=O)CN1,0,-356.8830668,-356.9467158
13160,NC1=NCCCO1,0,-341.9889885,-342.0880995
13161,NC1=NN=CNN1,0,-352.9556373,-353.0193683
13162,NC1=NNCC1,0,-282.7696028,-282.8527418
13165,NC1CC2(C1)N=N2,0,-320.8056798,-320.8891908
13167,NCC1=CCCOC1,0,-365.2008041,-365.3373101
13168,NCC1=NCCCN1,0,-361.3986415,-361.5352595
13171,NCCC1CC=CC1,0,-329.2683725,-329.4272235
13549,c1ccoc1,0,-230.0549328,-230.0988828
13554,c1cn[nH]c1,0,-226.2322325,-226.2773735
13558,c1cnnnc1,0,-280.3467564,-280.3829014
13559,c1cnoc1,0,-246.0816241,-246.1135781
13561,c1cocn1,0,-246.1176764,-246.1502484
13575,c1nnco1,0,-262.1559081,-262.1762961
13577,c1onc2c1CNC2,0,-378.829089,-378.910209
13578,C#C/C(C)=C/CO,0,-308.6062913,-308.6964533
13579,C#C/C=C(\C)C(C)(C)C,0,-351.281119,-351.449252
13580,C#C/C=C/C#C,0,-230.9236564,-230.9648674
13581,C#CC(=O)NC(C)C,0,-364.0053738,-364.1114408
13582,C#CC(C)(C)OC(C)=O,0,-423.1922697,-423.3118927
13583,C#CC(C)(C)n1cccc1,1,-404.2513813,-404.3916183
13584,C#CC1=CC(=NO)CCC1,0,-440.1568795,-440.2762335
13585,C#CC1CCC(C=O)CC1,0,-425.3406882,-425.4947292
13586,C#CCC(=C)C(=O)OCC,2,-461.2841203,-461.4087643
13587,C#CCCC1(CCN)N=N1,0,-437.4890913,-437.6266643
13588,C#CCCCC1=NCCO1,0,-441.3886186,-441.5288976
13589,C#CCCCC=C,0,-272.6634367,-272.7779917
13590,C#CCCCCCC(=O)O,0,-462.5057106,-462.6526056
13591,C#CCCNC(=O)C1CC1,0,-441.3918121,-441.5306161
13592,C#CCC[C@@H]1CCC(=O)C1,0,-425.3469386,-425.4989096
13594,C#CCCc1ccccc1,0,-387.0265458,-387.1579098
13595,C#CCCn1cncn1,0,-397.0623855,-397.1546395
13597,C#CCNC(=O)CNCC,0,-458.6576438,-458.8063748
13598,C#CCNC(=O)NC1CC1,0,-457.4467418,-457.5740678
13599,C#CCOCC1(CO)N=N1,0,-493.2917992,-493.3910372
13600,C#CCOCCOC(C)=O,1,-498.4140964,-498.5382214
13601,C#CCO[C@@H](CC)C(=O)O,1,-498.4248297,-498.5484157
13603,C#CCOc1ncccn1,0,-455.0635984,-455.1487624
13604,C#CC[C@H](N)C=O,1,-324.673147,-324.752663
13605,C#CC[C@H]1CCCNC1=O,0,-441.4223292,-441.5659812
13606,C#CCc1c[nH]c(N)n1,0,-397.0851139,-397.1767319
13608,C#CCn1c(=O)[nH][nH]c1=O,0,-508.2838738,-508.3561588
13609,C#CCn1cccc1,0,-325.6406014,-325.7280194
13611,C#CCn1ccnc1C=O,0,-455.0523405,-455.1353985
13614,C#C[C@@H](N)c1ccccn1,0,-419.1270959,-419.2362929
13615,C#C[C@@H](O)c1ccncc1,1,-439.0080736,-439.1030546
13616,C#C[C@@H]1C[C@]1(N)C(=O)OC,0,-477.3222229,-477.4375409
13619,C#C[C@](O)(C=C)CC,0,-347.9037462,-348.0210092
13620,C#C[C@]1(C)C=COCCO1,0,-461.2271114,-461.3571484
13621,C#C[C@]1(O)CCN(C)C1=O,0,-477.3537508,-477.4714918
13622,C#C[C@]1(O)C[C@@H](C(=O)O)C1,0,-497.2211002,-497.3265542
13626,C#Cc1c[nH]nc1C(=O)O,0,-491.0251706,-491.0865946
13627,C#Cc1cc(C#C)n(C)n1,0,-417.8649386,-417.9466166
13631,C#Cc1cc(N)ccn1,0,-379.8399505,-379.9224785
13635,C#Cc1ccc(=O)n(C)c1,0,-439.0330245,-439.1298735
13637,C#Cc1ccc(C=O)o1,0,-419.5788512,-419.6349942
13638,C#Cc1ccc(CO)cc1,0,-422.9656015,-423.0737635
13641,C#Cc1ccc(F)cc1F,0,-506.9758596,-507.0360176
13646,C#Cc1ccc2c(c1)CC2,0,-385.7962751,-385.9073831
13648,C#Cc1cccc(CN)c1,0,-403.0819302,-403.2024542
13649,C#Cc1cccc(CO)n1,0,-439.0204168,-439.1159958
13650,C#Cc1cccc(N)c1F,0,-463.0637501,-463.1486421
13652,C#Cc1ccccc1CC,0,-387.03306,-387.16535
13658,C#Cc1cnc(N)nc1,0,-395.9091393,-395.9800283
13659,C#Cc1cnc(OC)cn1,0,-455.0626435,-455.1473745
13660,C#Cc1cncc(C#N)c1,0,-416.7429918,-416.8061198
13664,C#Cc1cnn(C2CC2)c1,0,-419.0778782,-419.1861802
13668,C#Cc1ncc(C=O)cn1,0,-453.8726762,-453.9342372
13669,C#Cc1ncc(F)cc1C,0,-463.0551149,-463.1386279
13670,C#Cc1nccc(C)n1,0,-379.8335343,-379.9135843
13673,C/C(=C/C(C)C)C1(N)CC1,0,-407.8526688,-408.0609538
13674,C/C(=C/C(C)C)CC(C)C,0,-393.0278414,-393.2683314
13676,C/C(=C\C(=O)O)CC(=O)O,0,-534.4657436,-534.5677726
13677,C/C(=C\C1CC1)C(=O)O,0,-423.2200269,-423.3435979
13678,C/C(=C\CCC#N)CO,0,-403.3222985,-403.4562615
13679,C/C(=C\CN)C1CC1,1,-329.2403924,-329.3954824
13686,C/C(=N\O)c1nccn1C,0,-473.5276296,-473.6462826
13687,C/C(CCN(C)C)=N/O,1,-421.7212844,-421.8899104
13689,C/C(CCO)=N\N=C(N)N,0,-492.0021258,-492.1531508
13691,C/C(N)=C\C(=O)C(F)(F)F,0,-623.7899616,-623.8638536
13693,C/C=C(/C)CCC=C(C)C,0,-391.818348,-392.03606
13695,C/C=C(F)/C=N/C(C)(C)C,0,-467.8510301,-468.0207881
13696,C/C=C(\C)O/C(C)=C/C,1,-388.4484034,-388.6140004
13697,C/C=C(\CC)C(C)C,1,-314.416961,-314.60479
13700,C/C=C/C(=O)OCC(F)F,0,-583.6866996,-583.7873036
13702,C/C=C/C(F)(F)CO,0,-470.3130228,-470.4061828
13703,C/C=C/C/C=C/C(=O)OC,0,-462.519156,-462.66611
13705,C/C=C/C=C/C(=O)N(C)C,0,-442.637614,-442.796642
13706,C/C=C/C=C/C(CC)CC,0,-391.820897,-392.037937
13707,C/C=C/C=C\C(C)(C)C,0,-352.5121836,-352.7038566
13709,C/C=C/C=C\CCCCO,0,-427.7518076,-427.9458736
13710,C/C=C/C=C\COC(C)=O,0,-462.5265398,-462.6736038
13711,C/C=C/C=N/N(CC)CC,0,-423.8954741,-424.0897621
13712,C/C=C/C=N/NC(C)C,0,-384.6042516,-384.7729676
13713,C/C=C/C=N/n1cnnc1,0,-452.413426,-452.518667
13714,C/C=C/CN[C@@H](C)CC,0,-369.7623955,-369.9649435
13715,C/C=C/Cc1ccccc1,0,-388.2626605,-388.4172905
13716,C/C=C/[C@@H]1CCCNC1,0,-368.5719672,-368.7587292
13717,C/C=C/[C@H](N)C(C)C,0,-330.4704059,-330.6468569
13718,C/C=C/[C@H](O)[C@@H]1O[C@H]1C,0,-424.3669143,-424.5114043
13719,C/C=C/[C@H]1C=CC(=O)O1,0,-422.0248852,-422.1274072
13720,C/C=C/c1ccccc1O,0,-424.2093365,-424.3409195
13724,C/C=C1\N=C(C)OC1=O,0,-438.1109395,-438.2015865
13726,C/C=C\C(=O)CCCC#N,0,-441.4455641,-441.5825291
13729,C/C=C\C1(N)CC1,0,-289.9350654,-290.0636534
13730,C/C=C\C=C/C=N\O,0,-363.9663955,-364.0729785
13733,C/C=C\CCC/C=C/C,0,-352.5081182,-352.6978622
13734,C/C=C\N=C(\CCC)OC,1,-443.8087824,-443.9905934
13735,C/C=C\[C@@H](CCC)C(=O)O,0,-463.7415997,-463.9124097
13736,C/C=C\[C@@H]1OCC[C@H](C)O1,0,-463.6935483,-463.8695423
13740,C/C=N/C1CCCCC1,0,-368.5791797,-368.7651717
13741,C/C=N/Nc1ccccc1,0,-420.35802,-420.486904
13742,C/C=N\n1c(C)n[nH]c1=O,0,-489.6049005,-489.7118675
13744,C/N=C(\C#N)C(=O)C(=O)O,0,-528.1886672,-528.2428592
13745,C/N=C(\C)NC,0,-267.9292608,-268.0400718
13746,C/N=C(\N(C)O)C(C)(C)C,0,-461.0127651,-461.2080601
13747,C/N=C(\N)n1cccn1,0,-414.3681235,-414.4736815
13750,C/N=c1/ccccn1C,0,-382.2358578,-382.3633808
13751,C1=C(N2CCCC2)CCC1,0,-406.6794559,-406.8727249
13752,C1=C(c2cccnc2)CC1,0,-403.0871806,-403.2106376
13753,C1=CC2(CCOCC2)NC1,0,-442.605451,-442.77673
13754,C1=CC2=C(C1)CCCC2,0,-350.13437,-350.289985
13755,C1=CC2=C(C1)[C@@H]1C=C[C@H]2C1,0,-386.9799874,-387.1180624
13756,C1=CC2C3C=CC1C=CC23,0,-386.9901304,-387.1297054
13758,C1=CC=C=c2ccccc2=1,0,-384.5355795,-384.6240055
13759,C1=CCC2(CC1)OCCO2,0,-462.5016257,-462.6596027
13760,C1=CCC2(CCCC2)NC1,0,-406.6793704,-406.8742534
13762,C1=CCC[C@@H]2C[C@@H]2C=C1,0,-350.0855889,-350.2401969
13763,C1=CCC[C@H]2C[C@H]2CC1,0,-351.2877922,-351.4659972
13764,C1=CCN([C@@H]2CCNC2)C1,1,-422.7062269,-422.8881169
13765,C1=CC[C@@H]2C=CC[C@H](C1)N2,0,-405.4670888,-405.6402948
13766,C1=CC[C@H]2CCC[C@@H](C1)N2,0,-406.6746525,-406.8726455
13768,C1=CC[C@]2(CCNC2)OC1,0,-442.6065932,-442.7777612
13769,C1=CC[C@]23[C@@H]4CC[C@@]2(C1)[C@@H]43,0,-388.1709799,-388.3316519
13770,C1=CCc2[nH]ccc2C1,0,-365.0056089,-365.1266849
13772,C1=CN2C=NNC2=CN=C1,0,-451.2179761,-451.3054511
13773,C1=CN2CCNC[C@H]2N1,0,-399.4624862,-399.6081362
13774,C1=CNc2cnccc2N1,0,-435.2331229,-435.3362779
13775,C1=COCC1,0,-231.2382403,-231.3039473
13776,C1=C[C@@H](C2CCCC2)CC1,0,-390.6271958,-390.8310878
13777,C1=C[C@@H]2C=C[C@H](C=C1)C2,0,-348.9098992,-349.0441312
13778,C1=C[C@@H]2CCC[C@@H]2C=C1,0,-350.1262573,-350.2816913
13779,C1=C[C@@H]2CC[C@H]3C=CC1C23,0,-388.1881191,-388.3516951
13780,C1=C[C@@H]2C[C@H]1C[C@@H]2[C@@H]1CO1,0,-425.3157688,-425.4751168
13781,C1=C[C@@H]2O[C@@H]2/C=C/C=C/1,0,-384.7705359,-384.8769099
13786,C1=C[C@H](CC2CC2)NC1,0,-367.3377731,-367.5009001
13787,C1=C[C@H]2C=C[C@@H]3CC=C1[C@H]23,0,-386.9429332,-387.0820122
13789,C1=C[C@H]2COC[C@H]2NC1,0,-403.3015393,-403.4464293
13790,C1=C[C@H]2C[C@@H]1[C@H]1CNC[C@H]12,0,-405.4582467,-405.6347157
13793,C1=C[C@H]2O[C@@H]2CCC1,0,-347.8909915,-348.0175625
13794,C1=C[C@H]2O[C@H]2C=C[C@H]2C[C@@H]12,0,-424.0934749,-424.2281759
13796,C1=C\C/C=C\C/C=C\C/1,0,-350.091272,-350.243636
13797,C1=Cc2ccccc2CC1,0,-387.080232,-387.219096
13798,C1=Cc2ncccc2OC1,0,-439.0576746,-439.1601846
13799,C1=NCC2=CC=NC2=N1,0,-395.8847414,-395.9588664
13800,C1=NCCc2[nH]ccc21,0,-381.0605285,-381.1710635
13801,C1=NCCn2cccc21,0,-381.0587635,-381.1695895
13802,C1=NC[C@H]2CCCCCN12,0,-422.7438462,-422.9287712
13803,C1=NCc2ccccc21,0,-363.8279551,-363.9273461
13805,C1=NCc2ncncc21,0,-395.9290924,-396.0049164
13806,C1=NNc2nonc2N=C1,0,-503.1545936,-503.2078026
13807,C1=Nc2cccnc2C1,0,-379.8789734,-379.9661194
13809,C1CC2=C1CC1=C(CC1)C2,0,-388.1674986,-388.3262536
13811,C1CCC2=C(C1)CCNC2,0,-406.6906291,-406.8871881
13812,C1CCC2=NCN=C2C1,0,-382.2588921,-382.3920161
13814,C1CCN2CCN=C2C1,0,-383.4519358,-383.6090648
13815,C1CC[C@@H]2CCCN=C2C1,0,-406.701448,-406.898122
13822,C1CNCCC2(C1)N=N2,0,-399.4316498,-399.5730818
13823,C1CN[C@@H](C2=NCCN2)C1,0,-438.7984632,-438.9698322
13825,C1CNn2nnnc2N1,0,-446.4009668,-446.4877588
13835,C=C(C(F)(F)F)C(F)(F)F,0,-752.8951627,-752.9227057
13840,C=C(C)/C=C/CC(=C)C,0,-351.3068763,-351.4745713
13844,C=C(C)C#CC,0,-233.3788994,-233.4644364
13848,C=C(C)C(=O)OCCN,1,-440.4785866,-440.6130196
13851,C=C(C)C(=O)n1ccnc1,0,-456.313245,-456.421328
13852,C=C(C)C(C)(C)CN(C)C,1,-409.052266,-409.283377
13853,C=C(C)C1(O)CCCCC1,0,-427.7699602,-427.9730962
13856,C=C(C)CCC(CC)CC,2,-393.0204155,-393.2614185
13857,C=C(C)CCCC(C)(C)O,0,-428.9648223,-429.1829933
13858,C=C(C)CN1CCNCC1,1,-423.9093014,-424.1119214
13859,C=C(C)CNC(=O)NCC,0,-459.9150211,-460.0880561
13860,C=C(C)CNCCN,1,-346.5104447,-346.6770457
13861,C=C(C)COC[C@@]1(C)CO1,2,-463.6555589,-463.8265359
13862,C=C(C)C[C@@H](C)CC(C)C,1,-393.0238785,-393.2650055
13863,C=C(C)[C@@H](C)C(C)=O,0,-349.1730424,-349.3133314
13864,C=C(C)[C@H](O)CCCC,0,-389.6557967,-389.8472437
13865,C=C(C)[C@H]1C=C[C@H](C)CC1,0,-390.6232668,-390.8239068
13866,C=C(C)[C@]1(C)CC(=O)N1,0,-403.3327274,-403.4685104
13867,C=C(C)c1c(C)noc1N,0,-457.4691929,-457.5997349
13868,C=C(C)c1c[nH]ccc1=N,0,-420.3542661,-420.4874851
13870,C=C(C)c1cccc(N)c1,0,-404.3260722,-404.4706982
13872,C=C(C)c1ncncc1N,0,-436.4321342,-436.5540442
13874,C=C(CC(=O)NC)C(=O)O,0,-514.5715748,-514.6866418
13877,C=C(CC)[C@@H](C)CC,0,-314.4144731,-314.6027551
13878,C=C(CC)[C@H]1CCCCN1,0,-407.8732947,-408.0880657
13881,C=C(CCN=C=O)C(=O)O,0,-513.367835,-513.459823
13882,C=C(CN)C1CCOCC1,1,-443.8040813,-443.9946353
13884,C=C(CO)C1CCNCC1,1,-443.806672,-443.99766
13885,C=C(CO)CC(C)(C)C,0,-389.6537964,-389.8460574
13887,C=C(COCO)C(C)=O,0,-460.3353039,-460.4574949
13889,C=C(F)CCCCO,0,-410.3262934,-410.4551054
13892,C=C(NC(C)=O)C(=O)OC,0,-514.563167,-514.676198
13893,C=C(O)[C@@H](N)CCCCN,0,-461.0644486,-461.2634006
13894,C=C(O)[C@H]1CNCCN1,0,-420.5544406,-420.7082176
13895,C=C(OC)[C@H](N)C(=O)OC,0,-515.7057104,-515.8428734
13896,C=C(OC)c1nnn(C)n1,0,-489.5559441,-489.6623021
13898,C=C/C(C)=C/CC=C(C)C,0,-390.6090254,-390.8027504
13901,C=C/C=C/C=C/CCC,0,-351.3097766,-351.4780126
13904,C=C/C=C/[C@@H](C)C=C,0,-311.9948972,-312.1357282
13906,C=C/C=C\c1ccccc1,1,-387.0546009,-387.1883099
13908,C=C1C(=O)CC[C@H]1C(=O)O,0,-497.3018915,-497.4091055
13909,C=C1C(=O)OC=C1C(=O)O,0,-532.0511264,-532.1121234
13910,C=C1C(=O)[C@@H]2CCCO[C@H]12,0,-461.2833692,-461.4168002
13911,C=C1C(=O)[C@H]2CC[C@@H]1C2,0,-386.0746034,-386.2065684
13912,C=C1C(C)=C(C)C(C)=C1C,0,-389.438004,-389.612033
13914,C=C1C=C(C)CC(C)(C)C1,0,-390.6389098,-390.8399278
13915,C=C1C=CCCCCC=C1,0,-389.4017419,-389.5829849
13916,C=C1C=C[C@@H]2CC[C@@H]2CC1,0,-389.3965399,-389.5786309
13918,C=C1CCC2(CC1)COC2,0,-426.537926,-426.717922
13919,C=C1CCCCCCC1,0,-352.5149433,-352.7162123
13920,C=C1CCCCCC[C@H]1O,0,-427.755166,-427.958964
13921,C=C1CCC[C@@H](C)CC1,0,-352.5219792,-352.7212802
13922,C=C1CCC[C@H]2CCC[C@@H]12,0,-390.634895,-390.84209
13923,C=C1CCN2CCC[C@H]12,0,-367.3653569,-367.5318859
13924,C=C1CCOC(C)(C)C1,0,-388.4611699,-388.6358229
13925,C=C1CC[C@@]2(C(C)C)C[C@@H]12,0,-390.6073067,-390.8089957
13927,C=C1CN2CCC1CC2,0,-367.3633738,-367.5317638
13928,C=C1CNC2(CCC2)C1,0,-367.3469461,-367.5110791
13929,C=C1CN[C@H](C(=O)OC)C1,0,-478.5757353,-478.7170203
13930,C=C1C[C@@H](CO)N(C)C1=O,0,-478.592643,-478.734905
13931,C=C1C[C@@H](O)C(=C)C[C@H]1O,0,-462.4983855,-462.6533595
13933,C=C1C[C@H]1C[C@H](N)C(=O)O,1,-478.5525024,-478.6906624
13934,C=C1C[C@H]2CC[C@@H](C1)C2O,0,-426.5704808,-426.7538948
13935,C=C1OC(=O)O[C@]1(C)CC,0,-498.4900146,-498.6189066
13936,C=C1OC(C)=C(O)C1=O,0,-457.9620941,-458.0405031
13937,C=C1[C@H]2CC[C@H](C2)C1(C)C,0,-390.6236342,-390.8292642
13939,C=C=C(OC=C)C(C)C,1,-387.2095066,-387.3515406
13940,C=C=CCN,0,-211.3284617,-211.4020577
13941,C=C=CON1CCCCC1,0,-442.5272123,-442.6919283
13942,C=C=C[C@H](C)C(=O)OCC,0,-462.5028732,-462.6491222
13944,C=C=Cn1nnnc1N,0,-429.1492595,-429.2176415
13945,C=CC#CCCC,0,-272.6757564,-272.7889074
13946,C=CC#CCN1CCCC1,1,-405.4243526,-405.5871136
13952,C=CC(=O)N1CC(CO)C1,0,-478.5517842,-478.6914942
13956,C=CC(=O)NC(=N)NC#N,0,-488.4346,-488.516912
13962,C=CC(=O)NC[C@H](O)CO,0,-515.725109,-515.865807
13966,C=CC(=O)OCCN(C)C,0,-479.7577279,-479.9186409
13969,C=CC(=O)O[C@H]1CCCO1,0,-498.4658674,-498.5949164
13971,C=CC(C#N)(C=C)C=C,0,-364.9465925,-365.0568575
13972,C=CC(C)(C)CCCC,0,-353.7155305,-353.9303105
13973,C=CC(C)(C)NC(C)(C)C,0,-409.0600756,-409.2914706
13974,C=CC(F)(F)C(=O)C(=O)O,0,-618.4207393,-618.4736293
13975,C=CC(O)(C1CC1)C1CC1,0,-426.5024789,-426.6777069
13976,C=CC/C=C(/C)CC,0,-313.2036634,-313.3673614
13977,C=CC/C=C\C(C)(C)C,0,-352.4991999,-352.6906129
13978,C=CC/C=C\CCCC=C,0,-390.5904813,-390.7857243
13979,C=CC/N=C(/N)NCCO,0,-475.9268676,-476.0905936
13980,C=CC1(C=C)CCCCC1,0,-390.6105865,-390.8135095
13981,C=CC1(CC)OCCO1,0,-424.38456,-424.533011
13982,C=CC1(CO)CCNCC1,1,-443.7984964,-443.9910864
13983,C=CC1(O)CCC=CCC1,0,-426.5500657,-426.7290197
13984,C=CC1(OCCOC)CC1,0,-463.6373551,-463.8106611
13985,C=CC12CCN(CC1)CC2,0,-406.6629533,-406.8584243
13986,C=CC1=NC(C)(C)C(=O)O1,0,-477.4042264,-477.5221014
13987,C=CC1CCCCCCC1,0,-391.8098991,-392.0374441
13989,C=CCC#CCCCC,0,-351.275896,-351.441727
13990,C=CCC(C)(C)C(=O)CC,0,-427.7731551,-427.9675741
13991,C=CCC(CC=C)CC=O,1,-426.5484304,-426.7180594
13992,C=CCC(F)=C(F)F,0,-493.1121606,-493.1693266
13993,C=CCC(N)(CF)CC=C,0,-467.8313281,-468.0042471
13994,C=CCC(OCC)OCC,0,-464.8794829,-465.0733289
13995,C=CCC/C=C/CCC=C,0,-390.5930457,-390.7872317
13996,C=CCC1(C(=O)O)CNC1,0,-478.5573192,-478.6979162
13997,C=CCC1(C=O)CCCC1,0,-426.5662894,-426.7419754
13998,C=CCC1=CCC(=O)CC1,0,-425.3750928,-425.5281958
13999,C=CCCCCCC(C)=O,0,-427.7743055,-427.9653195
14000,C=CCCCC[C@@H]1CO1,0,-388.4164348,-388.5852598
14001,C=CCCCOC1CNC1,0,-443.757967,-443.944868
14002,C=CCCN1CC(O)C1,0,-404.4676845,-404.6266055
14003,C=CCCNC1CCCC1,0,-407.8613168,-408.0722398
14004,C=CCCNCC(F)(F)F,0,-589.0080923,-589.1316973
14005,C=CCCO[C@H](C)C(=O)O,0,-499.6603854,-499.8096744
14006,C=CCC[C@@H]1CC(=O)N1,0,-403.3248432,-403.4613582
14007,C=CCCc1ccc(C)o1,0,-425.3719611,-425.5230971
14009,C=CCCc1nnc(N)o1,0,-473.536809,-473.654414
14010,C=CCN(C)CCNCC,0,-425.0942213,-425.3126883
14011,C=CCN(CC#N)CC=C,1,-421.5049961,-421.6544151
14012,C=CCN(CC=C)N=O,0,-419.2923484,-419.4122824
14013,C=CCN1C(=O)CNC1=O,0,-493.4899523,-493.5973863
14014,C=CCN1C=CN(C=C)C1,0,-421.4916873,-421.6426203
14015,C=CCN1CCC=C1CN,0,-422.707084,-422.885646
14016,C=CCN1CCC[C@@H]1CN,0,-423.9138286,-424.1152176
14017,C=CCN1CCOCC1,0,-404.4857429,-404.6491539
14018,C=CCNC(=N)NC(=N)N,0,-470.9341788,-471.0744558
14019,C=CCNC(=O)/C=C\C,0,-403.3341761,-403.4667161
14020,C=CCNCC1CC(C)C1,1,-407.8374405,-408.0464715
14022,C=CCN[C@H](C)C(C)C,1,-369.7578953,-369.9617083
14023,C=CCN[C@H]1COC[C@@H]1O,0,-479.7272572,-479.8923812
14024,C=CCNc1ccccn1,1,-420.3686813,-420.5014653
14026,C=CCNc1nnnn1C,0,-469.6721346,-469.7899576
14028,C=CCOC(=O)NCCN,1,-495.8426984,-495.9924914
14029,C=CCOC(=O)OCCO,0,-535.6007303,-535.7268383
14030,C=CCOC(C)(C)CO,0,-425.5790005,-425.7467255
14031,C=CCOCC(=O)OCC,0,-499.6432649,-499.7914449
14032,C=CCOCC(F)(F)F,1,-569.5794502,-569.6638172
14033,C=CCOCC1(C#N)CC1,0,-441.3804059,-441.5204009
14034,C=CCOCCCCCC,1,-428.940762,-429.157113
14035,C=CCOC[C@@H](O)CNC,0,-480.9219739,-481.1055829
14036,C=CCOC[C@H]1CCNC1,1,-443.7871554,-443.9757944
14037,C=CCO[C@@H](C)CN,0,-366.3890939,-366.5425169
14038,C=CCO[C@@H]1CCC[C@H]1O,0,-463.6833027,-463.8584707
14039,C=CCOc1cnccn1,0,-456.2913861,-456.4000721
14040,C=CCOn1ccnc1,0,-418.1167054,-418.2188934
14041,C=CC[C@@H](C)/C=C(\C)CO,0,-427.7459183,-427.9390223
14042,C=CC[C@@H](N)CC(F)(F)F,0,-589.0186003,-589.1425073
14043,C=CC[C@@H](O)/C=C\C,0,-349.1389449,-349.2790809
14044,C=CC[C@@H](O)c1ccco1,0,-461.3002561,-461.4300221
14045,C=CC[C@@H]1CCCCC1=O,0,-426.5807913,-426.7592163
14046,C=CC[C@@H]1COCCO1,0,-424.3746276,-424.5253286
14047,C=CC[C@H]1CC=C[C@@H](C)N1,0,-406.6669157,-406.8566567
14048,C=CC[C@]1(N)CCOC1,0,-404.4984867,-404.6602937
14050,C=CCc1ccc(C)cc1,0,-388.2637324,-388.4163524
14053,C=CCc1ccccc1N,0,-404.3206563,-404.4662383
14055,C=CCc1occc1C=O,1,-460.1141838,-460.2196708
14056,C=CCn1cc(CN)nn1,0,-453.6264345,-453.7563145
14058,C=CCn1cccc1C#N,0,-419.1569682,-419.2654742
14061,C=CCn1cnc(C)c1,0,-382.2502181,-382.3763961
14062,C=CCn1cncc1CO,0,-457.4867856,-457.6182546
14064,C=CN1CCC2(CC2)C1=O,0,-441.4351001,-441.5797271
14066,C=COC(=O)CCN1CC1,2,-478.5357558,-478.6727588
14068,C=COC(F)(F)C(F)(F)F,0,-728.8415727,-728.8805707
14069,C=COCC(F)F,0,-430.9891995,-431.0569535
14070,C=COCCOCCO,0,-461.5024076,-461.6476726
14072,C=COc1cccc(C)c1,0,-424.1938374,-424.3232814
14073,C=C[C@@H](C)CCCC(C)C,0,-393.0195281,-393.2598391
14074,C=C[C@@H](C)[C@@H](C)CC,0,-314.4106571,-314.5983291
14075,C=C[C@@H](O)CN1C[C@@H]1CC,0,-443.7722959,-443.9569249
14077,C=C[C@@H]1CCCN1,0,-289.9563202,-290.0871602
14078,C=C[C@@H]1COC(=O)O1,0,-419.8633004,-419.9399184
14079,C=C[C@@H]1COC(C)(C)N1,0,-404.5043844,-404.6661784
14080,C=C[C@@H]1C[C@@H]1/C(=N\C)OC,0,-442.5815582,-442.7426942
14081,C=C[C@@]1(C)CC[C@@H](O)O1,0,-424.40094,-424.550385
14082,C=C[C@@]1(C=O)CCC(=O)N1,0,-477.3978812,-477.5157062
14083,C=C[C@@]1(O)C=C(C)CCC1,0,-426.5639908,-426.7411028
14084,C=C[C@H](CO)N(CC)CC,1,-444.9901175,-445.1975735
14085,C=C[C@H](N)C1CC1,0,-289.9334645,-290.0620505
14086,C=C[C@H](O)C#CC(C)(C)C,0,-426.5168327,-426.6841877
14088,C=C[C@]1(C)CCCC(=O)C1,0,-426.5827677,-426.7615617
14089,C=C[C@]1(O)CC2CC1C2,0,-387.2220572,-387.3752292
14091,C=Cc1c(F)ccnc1O,0,-500.2433653,-500.3293553
14096,C=Cc1cc(C=O)ccn1,0,-439.0618009,-439.1593579
14098,C=Cc1cc(F)ccc1F,0,-508.2104688,-508.2939798
14104,C=Cc1ccc(NC)nc1,0,-420.3758631,-420.5080051
14107,C=Cc1ccc2c(c1)C=C2,0,-385.7818069,-385.8925619
14113,C=Cc1cccc(OC)n1,0,-440.2553708,-440.3762838
14114,C=Cc1cccc2c1CC2,0,-387.0309831,-387.1661261
14118,C=Cc1cnc(N)cc1C,0,-420.3878131,-420.5205931
14121,C=Cc1cncc(C)n1,0,-381.0672193,-381.1714553
14122,C=Cc1cnn(CC)c1,1,-382.238579,-382.365204
14123,C=Cc1nc(N)nc(N)n1,0,-468.5952116,-468.6940036
14126,C=Cc1nccnc1N,0,-397.1291337,-397.2241427
14130,C=Cn1ccc(=O)[nH]c1=O,0,-492.2976055,-492.3833845
14132,C=Cn1cccc1CCO,0,-441.4281365,-441.5706165
14134,C=Cn1nccc1C(=O)O,0,-492.2570382,-492.3425602
14138,C=c1[nH]c(=O)c(=C)[nH]c1=O,0,-492.2860786,-492.3722806
14139,CC#CC(=O)CCCC,0,-387.2450883,-387.3857013
14140,CC#CCC=O,0,-269.3272995,-269.3876915
14141,CC#CCn1cc(C)cn1,0,-420.3105012,-420.4365782
14142,CC#Cc1cc(C)[nH]n1,0,-381.0218778,-381.1217218
14145,CC(/C=N\N)=N\N,0,-338.0977358,-338.1925878
14147,CC(=N/O)/C(=N\O)N1CC1,0,-510.5487168,-510.6642108
14155,CC(=O)/C=C(\C)OC(C)=O,0,-498.4934287,-498.6127957
14157,CC(=O)/C=C/C=C(C)C,0,-387.2805694,-387.4239384
14162,CC(=O)/C=N/NC(C)(C)C,0,-459.8767786,-460.0467366
14166,CC(=O)C/C(C)=N/C(C)C,0,-443.8419391,-444.0228371
14167,CC(=O)C1=C(C)OCC1,0,-423.2277396,-423.3518356
14169,CC(=O)C1=C(O)CNC1=O,0,-513.3552572,-513.4490282
14170,CC(=O)C1=CCN(C)CC1,0,-442.6276122,-442.7933452
14172,CC(=O)C1=NCCCC1,0,-403.3439461,-403.4826211
14174,CC(=O)CC(=O)OCCO,0,-535.6284279,-535.7522809
14175,CC(=O)CCC1CCCC1,1,-427.7918105,-427.9873125
14176,CC(=O)CCOCCCF,0,-524.8846283,-525.0429193
14177,CC(=O)CC[C@H](N)C(N)=O,0,-495.879486,-496.029301
14178,CC(=O)C[C@H]1CCC(=O)N1,1,-478.6265783,-478.7676403
14180,CC(=O)Cc1coc(C)c1,0,-461.3384766,-461.4649616
14184,CC(=O)Cn1nnc(C)n1,0,-489.5973794,-489.7009044
14187,CC(=O)N1CCC(N)=N1,0,-435.4625098,-435.5765598
14189,CC(=O)N1CCC[C@H]1C#N,0,-457.5223389,-457.6533019
14193,CC(=O)N1C[C@H](C)OC1=O,0,-514.5691843,-514.6870763
14194,CC(=O)N1[C@@H]2CC=CC[C@@H]21,0,-441.4214708,-441.5662788
14195,CC(=O)NC(C)(C)C#N,0,-419.4232581,-419.5445651
14199,CC(=O)NCc1ccon1,0,-493.434144,-493.538404
14203,CC(=O)N[C@H]1CONC1=O,0,-530.568155,-530.673019
14209,CC(=O)Nc1ncc[nH]1,0,-434.3062426,-434.3991306
14210,CC(=O)Nc1nnc(C)o1,0,-509.5185366,-509.6098016
14213,CC(=O)OC/C(C#N)=N/O,0,-529.3496682,-529.4268882
14214,CC(=O)OC1=CC(=O)CC1,0,-497.3014756,-497.4045296
14215,CC(=O)OC=C1C=CC=C1,0,-460.130033,-460.235457
14216,CC(=O)OCCC=C(F)F,0,-583.6775685,-583.7778185
14219,CC(=O)ON1CCC=NC1,1,-494.5928575,-494.7219905
14220,CC(=O)ONC(=O)C(N)=O,0,-566.5464471,-566.6245471
14223,CC(=O)[C@@H]1CC=C(C)CC1,0,-426.592346,-426.768576
14224,CC(=O)[C@@H]1CCC(C)(C)O1,0,-463.728911,-463.903027
14225,CC(=O)[C@@H]1COC(=O)C1=O,0,-533.2343621,-533.3155091
14226,CC(=O)[C@@H]1C[C@H](F)CN1C,0,-503.8071211,-503.9589461
14227,CC(=O)[C@H](C#N)/C(N)=N/N,0,-489.6003122,-489.7037242
14228,CC(=O)[C@H]1CNC[C@@H](C)C1,0,-443.8417511,-444.0308061
14233,CC(=O)c1c[nH]c(C=O)c1,0,-476.2193087,-476.3144677
14240,CC(=O)c1ccc(C#N)[nH]1,0,-455.1344281,-455.2189471
14241,CC(=O)c1ccc(F)cc1,0,-484.2042341,-484.3006971
14344,CC(C)=C=CC(C)(C)C=O,0,-426.5491754,-426.7176714
14345,CC(C)=CC(=O)C=C(C)C,0,-426.5825521,-426.7502101
14347,CC(C)=CC(C)(C)C,0,-314.4166094,-314.6042504
14349,CC(C)=CCC(C)(C)C=O,0,-427.7733005,-427.9659775
14350,CC(C)=CCC[C@@H](C)C=O,1,-427.771146,-427.962425
14351,CC(C)=CCN(C)CCO,1,-444.9988009,-445.2048849
14352,CC(C)=CCNC(N)=O,0,-420.6200896,-420.7661196
14353,CC(C)=C[C@@H]1[C@@H](N)C1(C)C,0,-407.8565994,-408.0627434
14354,CC(C)=Cc1ccno1,0,-402.1017196,-402.2151336
14356,CC(C)=NCCN=C(C)C,1,-423.9359828,-424.1261258
14357,CC(C)=NOC(=O)N(C)C,1,-495.8120886,-495.9566816
14358,CC(C)=NOC[C@H]1CO1,0,-440.3814044,-440.5128124
14359,CC(C)C#C/C=C\C(C)C,0,-390.5930014,-390.7847114
14362,CC(C)C(=O)[C@@H]1CCCO1,0,-463.7179658,-463.8929348
14363,CC(C)C(=O)c1ncco1,1,-477.392152,-477.510134
14364,CC(C)C/C=N/N=C(N)N,0,-456.0588536,-456.2322096
14365,CC(C)C1=C(O)COC1=O,0,-498.4904746,-498.6205976
14366,CC(C)C1=C[C@H]2CCC[C@@H]12,0,-390.603446,-390.805755
14367,CC(C)C1=NC(C)(C)CO1,1,-443.8456259,-444.0310459
14368,CC(C)C1=NOC(=O)C1,0,-439.259519,-439.372384
14369,CC(C)C1OCC=CCO1,0,-463.6863075,-463.8638245
14370,CC(C)C=C=NN(C)C,1,-384.5740315,-384.7408865
14371,CC(C)CC(=O)CNC=O,1,-479.8112757,-479.9697547
14372,CC(C)CCC(=O)C(C)C,0,-428.9889657,-429.2058097
14373,CC(C)CCON=C(N)N,0,-477.1094741,-477.2940911
14376,CC(C)C[C@H]1N[C@@H]1C=O,0,-404.497258,-404.655293
14377,CC(C)Cc1coc(N)n1,0,-458.711935,-458.865099
14381,CC(C)N1CCC(=O)C1=O,0,-478.6111903,-478.7508243
14382,CC(C)N1CCN=C1CN,0,-439.9968899,-440.1862719
14384,CC(C)N1N=CCC1=O,0,-419.3955261,-419.5210541
14389,CC(C)OC1=CCCCC1,0,-427.7691349,-427.9703719
14391,CC(C)O[C@H]1C=CCCC1,1,-427.760812,-427.9607811
14393,CC(C)Oc1ccncc1,0,-441.4581025,-441.6021215
14395,CC(C)Oc1nnc(N)[nH]1,1,-490.8091998,-490.9393778
14398,CC(C)[C@@H](O)C(C)(C)C=O,0,-464.9138934,-465.1099554
14401,CC(C)[C@@H]1CNCCC1=O,0,-443.8366281,-444.0275121
14402,CC(C)[C@@H]1OC(N)=CC1=O,1,-478.605246,-478.747037
14406,CC(C)c1cc(C#N)on1,0,-456.2674937,-456.3737457
14411,CC(C)c1cccc(=O)[nH]1,0,-441.4864974,-441.6306554
14415,CC(C)c1cn(C)cn1,0,-383.4640456,-383.6133536
14418,CC(C)c1coc(C=O)c1,0,-461.3269914,-461.4561744
14420,CC(C)c1n[nH]cc1C=O,1,-457.50617,-457.637593
14424,CC(C)c1nc(CO)no1,0,-494.6167716,-494.7442416
14426,CC(C)c1nc[nH]c1N,0,-399.5273382,-399.6652042
14429,CC(C)c1ocnc1CO,0,-478.5795425,-478.7213655
14431,CC(C)n1[nH]c(=O)cc1N,0,-474.7556858,-474.8991538
14435,CC(C)n1ccc(O)n1,1,-419.3940164,-419.5206944
14437,CC(C)n1ccnc1CN,0,-438.8220564,-438.9868124
14528,CC1=C(C)[C@H](C)[C@@H](C)[C@@H]1C,0,-391.8409874,-392.0626684
14529,CC1=C(C)[C@H](O)OC1=O,0,-459.1945481,-459.2957241
14530,CC1=C(CCO)C(=O)N=N1,0,-493.3952336,-493.5003716
14531,CC1=C(O)C(=O)[C@@H](O)CO1,0,-534.4125461,-534.5191491
14533,CC1=C/C(=N\O)NC1=O,0,-454.1270008,-454.2061348
14534,CC1=CC(=O)C(C)(C)NC1,0,-442.6447436,-442.8105636
14535,CC1=CC(=O)C=C(C)C1=O,0,-460.1510843,-460.2579473
14536,CC1=CC(=O)N(N)C(=O)C1,0,-493.4644532,-493.5722192
14537,CC1=CC(=O)OC(C)(C)O1,0,-498.4943565,-498.6236995
14538,CC1=CC(=O)[C@H]2CCC[C@H]12,0,-425.3760727,-425.5338177
14539,CC1=CC(C)(C)C(C)=C1C,0,-390.6395071,-390.8371871
14541,CC1=CC(C)(C)N=C(N)N1,0,-438.8283294,-438.9943764
14542,CC1=CC(C)(C)NC(C)=C1,0,-406.6982776,-406.8860136
14543,CC1=CC(C)(C)NCN1C,0,-423.9305649,-424.1323199
14544,CC1=CC(C)(C)OC(=O)C1,0,-462.5468215,-462.6985865
14546,CC1=CC(C)=NCCN1,0,-383.4438522,-383.5950552
14547,CC1=CC(C)=NNC(=N)N1,0,-453.654139,-453.786455
14548,CC1=CC=C(C(C)C)CC1,0,-390.6344494,-390.8348234
14550,CC1=CC=C[C@H](C)C(=O)N1,0,-441.4655543,-441.6097733
14551,CC1=CCC(C(=O)O)=CC1,0,-461.3543533,-461.4854033
14552,CC1=CCC(C)=NN1C,0,-383.4188986,-383.5683846
14553,CC1=CCC=C[C@@H]1C(=O)O,0,-461.3461857,-461.4764287
14554,CC1=CCCCC(C)=C1,0,-351.3244038,-351.4986678
14555,CC1=CCCC[C@@H]1[C@H](C)O,0,-427.7696848,-427.9711088
14556,CC1=CCC[C@@H](C#N)C1,0,-366.2008624,-366.3413854
14558,CC1=CCC[C@H]2C[C@@]12C,0,-351.3085804,-351.4850394
14559,CC1=CCN(CCN)CC1,1,-423.9242068,-424.1264008
14560,CC1=CCNCC1,0,-289.9685328,-290.1018268
14561,CC1=CC[C@@H](C(C)C)C=C1,2,-390.6280713,-390.8285163
14562,CC1=CC[C@@H]2CNC[C@@H]2C1,0,-406.6803773,-406.8755323
14564,CC1=CC[C@H]2C(=O)CC[C@@H]12,0,-425.3958476,-425.5530536
14565,CC1=CCc2ccccc21,0,-387.0824183,-387.2190393
14567,CC1=COC[C@H](C)C1=O,0,-423.2244588,-423.3519248
14568,CC1=CO[C@@](C)(CO)CC1,0,-463.709383,-463.88718
14569,CC1=C[C@@H](C)CC(=O)O1,0,-423.2404471,-423.3671911
14570,CC1=C[C@@H]2CC(=O)[C@@H]2C1,0,-386.0647481,-386.1927321
14572,CC1=C[C@H](C)C(C)=C1C,0,-351.3347791,-351.5056771
14573,CC1=C[C@H](C)CN(C)C1,0,-368.5683425,-368.7544335
14574,CC1=C[C@H](C)C[C@H](C=O)C1,0,-426.5833028,-426.7598148
14575,CC1=C[C@H](C)[C@@H](CO)CC1,0,-427.7722761,-427.9727001
14576,CC1=C[C@H]2CCC[C@@H](C1)N2,0,-406.6898435,-406.8864995
14577,CC1=C[C@H]2[C@@H]1CC[C@@H]2O,0,-387.2386097,-387.3902917
14578,CC1=NC(=O)CC(O)=C1,0,-438.100503,-438.190648
14579,CC1=NC(=O)[C@@H](C(N)=O)N1,0,-509.568147,-509.664135
14580,CC1=NC(=O)[C@H](C#N)C=C1,0,-455.1057851,-455.1894571
14581,CC1=NC(=O)[C@H](CO)C=N1,0,-493.4444302,-493.5515342
14582,CC1=NC(C)(C)C[C@@H](C)O1,0,-443.8482056,-444.0362716
14584,CC1=NC(N)=N[C@H](O)[C@@H]1C,0,-474.7722324,-474.9148064
14585,CC1=NCC[C@H](C(=O)O)N1,0,-494.6763094,-494.8081134
14588,CC1=NN(C(=N)N)C(=O)C1,0,-489.6348501,-489.7427461
14590,CC1=NN(C)C(=O)C1=NO,0,-509.4474396,-509.5412906
14591,CC1=NN(C=O)C(C)(C)C1,0,-458.6946611,-458.8460091
14592,CC1=NN=C(C)C1CCN,0,-438.7819227,-438.9471817
14593,CC1=NN=C(N)C1,0,-320.8842055,-320.9685305
14594,CC1=NNC(=O)N(N)C1,0,-451.487973,-451.592809
14595,CC1=NNC(=O)OC1(C)C,0,-494.6511307,-494.7821837
14596,CC1=NNC(=O)[C@@H]1CCO,0,-494.6397489,-494.7706009
14597,CC1=NOC(=O)C12CC2,0,-438.0410509,-438.1330249
14599,CC1=NO[C@@](C)(C(=O)O)O1,0,-550.4485856,-550.5403786
14600,CC1=N[C@@H]2CCC[C@@H]2N1C,0,-422.7579429,-422.9392189
14601,CC1=N[C@@](C)(CO)CO1,0,-440.4791079,-440.6165679
14602,CC1=N[C@@](C)(O)[C@@](C)(O)N1,0,-495.859835,-496.0120941
14603,CC1=N[C@H](C(C)C)C(=O)O1,2,-478.615194,-478.755949
14604,CC1=N[C@H](C)O[C@H]1C,0,-365.230303,-365.363063
14605,CC1=N[C@H]2CCC[C@@H]2O1,0,-403.3127001,-403.4555561
14705,CCCNc1ccnnc1,1,-437.5960368,-437.7399058
14708,CCCOCCC(=O)CO,1,-500.8463418,-501.0187338
14712,CCC[C@@H](C=O)CCOC,0,-464.8971939,-465.0909809
14713,CCC[C@@H](N)c1ncon1,0,-474.7237395,-474.8654225
14715,CCC[C@@H]1CC(=O)CCN1,0,-443.8405994,-444.0301114
14717,CCC[C@H](C)C(=O)CC#N,0,-442.649228,-442.808808
14718,CCC[C@H]1OCC[C@H]1C=O,0,-463.7068967,-463.8817977
14719,CCC[C@](C)(O)/C(C)=N\O,0,-480.9277502,-481.1101992
14722,CCCc1cc(C=O)no1,0,-477.3534977,-477.4703247
14724,CCCc1cc(CO)n[nH]1,0,-458.6940313,-458.8461803
14726,CCCc1ccc(C=O)[nH]1,1,-441.4637073,-441.6052133
14729,CCCc1cccc(N)n1,0,-421.5976288,-421.7533628
14730,CCCc1ccoc1C#N,0,-440.2437532,-440.3625612
14732,CCCc1cnc(=O)[nH]c1,0,-457.533391,-457.66546
14737,CCCc1nc(OC)c[nH]1,0,-458.7008192,-458.8526892
14738,CCCc1nnc(O)o1,0,-455.3280348,-455.4303868
14740,CCCc1oncc1CO,0,-478.5430535,-478.6835845
14743,CCCn1ccc(=NN)[nH]1,0,-454.8006306,-454.9556796
14744,CCCn1ccc(C=O)c1,0,-441.4556492,-441.5976962
14749,CCCn1cncc1C=O,0,-457.5187596,-457.6508376
14753,CCCn1nccc1NN,0,-454.8244641,-454.9797611
14761,CCN(CC)C(C)(C)C=O,0,-445.0097732,-445.2158732
14763,CCN(CC)CCC=O,1,-405.7053261,-405.8855581
14765,CCN(CCC#N)C(C)=O,0,-458.7157665,-458.8660265
14769,CCN1C=CN(C)[C@@H]1C,1,-384.6123355,-384.7843135
14772,CCN1CCC(=O)[C@@H](C)C1,0,-443.8323634,-444.0220184
14776,CCN1N=CC[C@H]1C,0,-345.3102433,-345.4562453
14778,CCN=C1NCCCCN1,0,-439.9979991,-440.1901791
14781,CCNC(=O)C1(C#N)CC1,0,-457.506501,-457.635171
14784,CCNC(=O)c1cnco1,0,-493.4681683,-493.5753583
14786,CCNC1=CC(=O)CCC1,0,-442.6534981,-442.8205051
14790,CCNC[C@@H](O)C=O,0,-402.3522681,-402.4823141
14793,CCNCc1cccn1C,2,-422.7455576,-422.9230526
14911,CC[C@@H](C)CC(=N)N,0,-346.5512295,-346.7169405
14914,CC[C@@H](N)c1ccc(C)o1,0,-442.6374455,-442.8021325
14919,CC[C@@H]1/C(=N/N)CC[C@H]1C,0,-423.9245533,-424.1256473
14920,CC[C@@H]1C(OC)=N[C@@H]1CC,0,-443.798931,-443.984868
14921,CC[C@@H]1CC(=O)C=C(C)C1,0,-426.5988639,-426.7759899
14922,CC[C@@H]1CCC(=O)[C@@H](N)C1,0,-443.8479875,-444.0383845
14927,CC[C@@H]1OC(=O)C(=O)[C@H]1C,1,-498.4882434,-498.6171304
14935,CC[C@H](C)/C=C/C(C)(C)O,0,-428.9668394,-429.1834394
14942,CC[C@H](CO)ON=C(C)C,0,-480.9245408,-481.1062348
14946,CC[C@H]1C(=O)OC(=O)N1C,0,-514.57997,-514.697996
14947,CC[C@H]1CC(=O)CCO1,0,-424.4207404,-424.5711904
14950,CC[C@H]1CCC[C@H](C=O)C1,0,-427.7861133,-427.9875763
14951,CC[C@H]1CNC(=O)CC1=O,0,-478.6207781,-478.7626591
14952,CC[C@H]1NCCCC1=O,0,-404.5338838,-404.6972578
14954,CC[C@H]1OC=CC(=O)C1=O,0,-497.2615203,-497.3683153
14955,CC[C@H]1OC=C[C@@H](O)[C@H]1O,0,-499.6436219,-499.7979529
14958,CC[C@]1(C)CN=C(C)C=N1,0,-422.7409519,-422.9184239
14959,CC[C@]1(C)COC=CC1=O,0,-462.5241578,-462.6791588
14961,CCc1[nH]c(=O)[nH]c1C,0,-419.4417157,-419.5677017
14962,CCc1[nH]nc(CN)c1F,0,-498.774836,-498.903498
14965,CCc1c(C)nc[nH]c1=O,0,-457.5487696,-457.6806376
14970,CCc1c[nH]c(C#N)c1,0,-381.0747092,-381.1790692
14973,CCc1c[nH]cc1CC,0,-367.404903,-367.566422
14974,CCc1cc(C#N)ccn1,0,-419.1925009,-419.3019149
14980,CCc1cc(COC)on1,0,-478.5300271,-478.6694321
14984,CCc1cc(O)cc(=O)[nH]1,0,-477.4343039,-477.5546839
14986,CCc1cc(O)n(C)n1,0,-419.3898859,-419.5142669
14987,CCc1ccc(/C=N/O)o1,0,-477.3373423,-477.4545553
14989,CCc1ccc(CCN)[nH]1,0,-422.7657639,-422.9443049
14990,CCc1ccc(CN)n1C,0,-422.755511,-422.933978
14999,CCc1cccc(C=O)c1,0,-424.224506,-424.356198
15007,CCc1cn(C)nc1CO,0,-458.6889542,-458.8404172
15015,CCc1coc(N)c1C#N,0,-456.3137312,-456.4214902
15118,CN(C)C/C=C\CN(C)C,1,-425.0876345,-425.3062315
15121,CN(C)C1CCC(=O)CC1,0,-443.8269891,-444.0169591
15122,CN(C)C=C1C=CN=C1,0,-382.2267869,-382.3543619
15123,CN(C)CC1=CC=CC1,0,-367.3562012,-367.5172542
15125,CN(C)Cc1cc[nH]c1,2,-383.436664,-383.587309
15128,CN(C)N=C1CCCC1,0,-384.6008527,-384.7737187
15129,CN(C)c1cc(N)n[nH]1,0,-415.5494193,-415.6761223
15132,CN(C)c1ccccc1F,0,-465.4813828,-465.6140148
15137,CN(C)c1nc(=O)cn[nH]1,0,-489.6101166,-489.7170636
15143,CN(C)c1nnc(CN)[nH]1,0,-470.9071452,-471.0487472
15149,CN(O)C(=O)c1ccco1,0,-513.2811876,-513.3754476
15156,CN1C(=O)C(=O)N=C1N,0,-470.2458159,-470.3144099
15160,CN1C(=O)CC[C@@]1(C)C#N,0,-457.5300873,-457.6613013
15163,CN1C(=O)NC(=O)[C@@H]1C=O,0,-529.4432633,-529.5263863
15164,CN1C(=O)NC=C[C@H]1N,0,-435.4784081,-435.5956781
15167,CN1C=CC(=CN=O)C=C1,0,-456.2380338,-456.3463588
15169,CN1C=CC(N(C)C)=CC1,0,-422.7128192,-422.8906962
15170,CN1C=CC=C(C(N)=O)C1,0,-457.5146072,-457.6462432
15172,CN1C=CCC(=O)C1=O,0,-438.0955429,-438.1857459
15174,CN1C=CC[C@H](C=O)C1,0,-403.3172781,-403.4561141
15175,CN1CC(=O)CCCC1=O,0,-478.6068062,-478.7502502
15178,CN1CC=C(N)NC1=O,0,-435.4816955,-435.5981045
15179,CN1CC=CC[C@@H]1C#N,0,-382.2306762,-382.3599422
15180,CN1CC=C[C@H](CO)C1,0,-404.5038093,-404.6684583
15181,CN1CCC(=O)C(C)(C)C1,0,-443.8350828,-444.0247888
15182,CN1CCC2=C(CNC2)C1,0,-422.7174765,-422.9004575
15183,CN1CCC=C(CO)C1,0,-404.4985324,-404.6618034
15184,CN1CCCC=C1C(=O)O,0,-478.5932053,-478.7378483
15185,CN1CCCC[C@H]1C(=N)N,0,-440.0030486,-440.1968426
15187,CN1CCN(C#N)CC1=O,0,-473.5604441,-473.6814341
15188,CN1CCN(CC=O)CC1,0,-459.845792,-460.025314
15196,CN1CCn2ccnc2C1,0,-437.611207,-437.760265
15207,CN1Cc2cn[nH]c2C1,0,-398.2736829,-398.3941179
15311,CNc1cc(C2CC2)n[nH]1,0,-437.5760121,-437.7192711
15313,CNc1cc(F)nc(F)n1,0,-557.6109156,-557.6833656
15315,CNc1cc(N)ccc1O,0,-457.5251295,-457.6573225
15323,CNc1ccc(OC)cc1,0,-441.4455063,-441.5896633
15324,CNc1cccc(C#N)n1,0,-435.2493225,-435.3474845
15329,CNc1ccccc1C=O,0,-440.2828493,-440.4051363
15333,CNc1cn[nH]c(=O)c1,0,-434.2612139,-434.3552399
15341,CNc1nc(C)ccc1N,0,-437.6495995,-437.7940175
15350,CNc1nccc(C=O)n1,0,-472.3931476,-472.4891876
15351,CNc1ncccc1CN,0,-437.6389565,-437.7857815
15353,CNc1ncncc1F,0,-458.3093436,-458.3906086
15360,CO/N=C(N)/C(N)=N/OC,0,-527.8618986,-527.9864026
15363,CO/N=C/[C@H]1C=NNC1=O,0,-509.4289732,-509.5212482
15364,CO/N=C/c1cccnc1,0,-456.2636225,-456.3716255
15365,CO/N=C1/CNC[C@H]1CN,0,-475.8746467,-476.0408077
15366,COC(=N)CC(=N)OC,0,-456.5216832,-456.6448662
15368,COC(=N)c1ccccn1,0,-456.3232719,-456.4339959
15369,COC(=O)/C=C(\N)C(C)C,0,-479.8093851,-479.9701991
15373,COC(=O)/C=C/[C@@H]1O[C@@H]1C,0,-498.4381112,-498.5641712
15376,COC(=O)C#C[C@@H](O)OC,0,-534.3511951,-534.4500721
15379,COC(=O)C(C)(C)CC#N,0,-478.6060339,-478.7435919
15382,COC(=O)C1=C(N)CCC1,0,-478.6142252,-478.7573932
15384,COC(=O)C1=CCC=CC1,0,-461.3335891,-461.4644911
15387,COC(=O)C1=C[C@H](O)NN1,0,-530.5510607,-530.6580087
15390,COC(=O)C1CN(C#N)C1,0,-493.4166341,-493.5216371
15391,COC(=O)C=C1NCCN1,0,-494.6618685,-494.7941505
15486,COCCn1cnc(N)c1,0,-474.7419845,-474.8836265
15490,COCOCCC=O,0,-422.2211044,-422.3394884
15491,COCO[C@H]1C[C@@H](C=O)C1,0,-499.6100854,-499.7592664
15493,COC[C@H](C)n1cccc1,1,-442.622131,-442.786377
15495,COC[C@H]1C=CCCN1,0,-404.4926074,-404.6556844
15497,COC[C@]1(O)C=CC(=O)O1,0,-534.4040662,-534.5086642
15498,COCc1cc(=O)[nH]cn1,0,-493.4616231,-493.5707811
15505,COCc1cncnc1N,0,-473.5758347,-473.6983537
15508,COCc1nc(C=O)c[nH]1,0,-493.4453551,-493.5524571
15511,COCc1nnc(CN)o1,0,-510.6583861,-510.7752031
15517,COCn1[nH]c(C)nc1=N,0,-490.778527,-490.908056
15518,COCn1[nH]cnc1=NN,0,-506.7849931,-506.9047141
15524,CON1C(=O)NC(=O)C1=O,0,-565.3277801,-565.3861621
15526,CON=C1CC(C(=O)O)C1,0,-514.4709874,-514.5844064
15527,CON=CC(=O)O,0,-397.7684845,-397.8244235
15530,CO[C@@H]1CC(=O)CC[C@H]1C,0,-463.7167946,-463.8938106
15532,CO[C@@H]1[C@@H](C)C(=O)C1(C)C,0,-463.6959016,-463.8680726
15534,CO[C@@]1(C)CC(=O)C1(C)C,0,-463.6940485,-463.8669755
15535,CO[C@@]1(C=O)CC[C@H](C)C1,0,-463.7049193,-463.8799543
15537,CO[C@H](C)C[C@@H](C)C=O,1,-425.5999916,-425.7663856
15538,CO[C@H]1C=CCNC1,0,-365.1891368,-365.3255598
15539,CO[C@H]1C=C[C@@](C)(OC)O1,0,-499.6246644,-499.7758854
15541,CO[C@H]1C=NC=NC1=O,0,-454.1065031,-454.1866051
15542,CO[C@H]1CCCC[C@H]1C=O,0,-463.7080628,-463.8856648
15543,CO[C@H]1N=C(N)CC(=O)N1,0,-510.72517,-510.844281
15544,CO[C@H]1OCCCC1=O,0,-460.34322,-460.470216
15545,COc1[nH]ccc(=O)c1F,0,-537.3583574,-537.4417624
15549,COc1c(CO)cnn1C,0,-494.6080463,-494.7376043
15551,COc1c(N)c(=O)c1=O,0,-474.0116286,-474.0759416
15553,COc1c(O)[nH]cnc1=O,0,-529.3959979,-529.4811159
15559,COc1cc(CN)[nH]n1,0,-435.4288263,-435.5443483
15562,COc1cc(F)cc(F)c1,0,-545.3466763,-545.4304463
15570,COc1cc([C@H](C)O)on1,1,-514.4733597,-514.5900167
15573,COc1ccc(C#N)nn1,0,-471.1389067,-471.2129057
15578,COc1ccc(N)cc1F,0,-501.4265875,-501.5346495
15585,COc1cccc(=O)cc1,0,-460.1151216,-460.2249946
15665,C[C@@H](N)c1nc(=O)cc[nH]1,0,-473.5896291,-473.7115131
15668,C[C@@H](NN)c1ccc[nH]1,1,-399.4780901,-399.6191971
15672,C[C@@H](O)c1ccncc1F,0,-501.4327425,-501.5413745
15675,C[C@@H]1C(=O)C(=O)C=CN1C,0,-477.3851576,-477.5034146
15676,C[C@@H]1C(=O)C[C@@H]2CCC[C@@H]21,0,-426.5977201,-426.7782451
15678,C[C@@H]1C(=O)c2ccccc21,0,-422.9966366,-423.1080836
15679,C[C@@H]1C=CCCC=CC1,0,-351.3018463,-351.4775473
15680,C[C@@H]1C=CC[C@@](C)(C#N)C1,0,-405.5020624,-405.6694604
15682,C[C@@H]1C=CO[C@@H](C)CO1,0,-424.3839324,-424.5338134
15683,C[C@@H]1C=C[C@H]2C[C@@H](O)[C@H]12,0,-387.1969256,-387.3497626
15684,C[C@@H]1C=C[C@H]2[C@@H](C1)C2(C)C,0,-390.6087542,-390.8111382
15685,C[C@@H]1C=NN(C)[C@H]1C,0,-345.3118947,-345.4575457
15687,C[C@@H]1CC(=O)C=C(N)C1,0,-403.3625015,-403.5026995
15688,C[C@@H]1CC(=O)CC(C)(C)C1,0,-427.8005442,-428.0016762
15689,C[C@@H]1CC(=O)[C@H](F)[C@H](C)C1,0,-487.7703541,-487.9359521
15690,C[C@@H]1CC(=O)c2ncnn21,0,-472.3694882,-472.4695482
15691,C[C@@H]1CC=C(O)CC1,0,-349.1732929,-349.3212289
15692,C[C@@H]1CCC(=O)[C@@H](C=O)C1,0,-462.5384361,-462.6920311
15693,C[C@@H]1CCC/C(=C\O)C1=O,0,-462.532773,-462.687756
15695,C[C@@H]1CCC2=C1N=CCN2,0,-421.540764,-421.698962
15696,C[C@@H]1CCC=CO1,0,-309.8568861,-309.9778991
15702,C[C@@H]1CC[C@@]2(C)C=C[C@@H]12,0,-351.296287,-351.472278
15703,C[C@@H]1CC[C@H]1c1cc[nH]n1,0,-421.5318951,-421.6884961
15705,C[C@@H]1CCc2nccnc21,0,-420.3830693,-420.5199803
15706,C[C@@H]1CN(C)CC/C1=N\O,0,-459.8333256,-460.0119906
15708,C[C@@H]1CN2CC(=O)[C@H]1C2,0,-403.3177641,-403.4612251
15711,C[C@@H]1CNC(NN)=N1,0,-377.4323959,-377.5580129
15718,C[C@@H]1C[C@@H](C)C(O)=CC1=O,0,-462.5448341,-462.6997451
15723,C[C@@H]1C[C@H]2CON=C2CO1,0,-478.5153606,-478.6615846
15728,C[C@@H]1Cc2cnccc2N1,0,-420.3875678,-420.5252978
15730,C[C@@H]1N=C(CN)OC1=O,0,-455.3582181,-455.4615241
15731,C[C@@H]1NC(=O)C(=O)O[C@H]1C,0,-514.5611662,-514.6802662
15733,C[C@@H]1NCCc2[nH]cnc21,0,-437.6257261,-437.7749111
15734,C[C@@H]1NCCc2occc21,0,-441.4319644,-441.5801604
15738,C[C@@H]1OC/C(=C\NN)C1=O,0,-494.5999422,-494.7291092
15741,C[C@@]1(C(=O)O)C=CCCN1,0,-478.5972346,-478.7414956
15744,C[C@@]1(CN)C=CCCC1,0,-368.5799591,-368.7677311
15747,C[C@@]12C=C[C@@H](CC1=O)C2,0,-386.0705197,-386.2009937
15748,C[C@@]12C=C[C@]1(C)CCC2,0,-351.2996018,-351.4753748
15749,C[C@@]12CCCC(=O)[C@@H]1O2,0,-423.2037574,-423.3322134
15751,C[C@@]12C[C@H](O)C=C[C@]1(C)C2,0,-426.5490452,-426.7275502
15755,C[C@H](C#N)n1cnc(N)c1,0,-452.482139,-452.589825
15765,C[C@H](N)CN1C=N[C@@H](C)C1,0,-439.9950998,-440.1842648
15770,C[C@H](N)c1cocn1,0,-380.0868444,-380.1877524
15771,C[C@H](N)c1noc(O)n1,0,-471.3723887,-471.4645017
15773,C[C@H](O)/C=C\[C@@H](C)O,0,-386.2907615,-386.4336415
15774,C[C@H](O)C1=CCC=C1,0,-347.9563233,-348.0783423
15777,C[C@H](O)[C@@H](O)[C@H](N)CC=O,0,-516.9124354,-517.0767994
15778,C[C@H](O)[C@H](N)/C(O)=N/O,0,-493.6332885,-493.7561185
15783,C[C@H](O)c1ncc(O)cn1,1,-493.4618031,-493.5693851
15784,C[C@H]1C(=O)CC(=O)C1=O,0,-457.9801121,-458.0569261
15785,C[C@H]1C(=O)N=C(N)N=C1O,0,-509.5554661,-509.6518031
15787,C[C@H]1C(C=O)[C@@H]1C,0,-309.8476519,-309.9635849
15789,C[C@H]1C=COC1,0,-270.5434244,-270.6357484
15790,C[C@H]1C=Cc2ccccc21,0,-387.0764952,-387.2137192
15791,C[C@H]1C=NC(=O)C(N)=C1N,0,-473.5744445,-473.6955065
15792,C[C@H]1CC(=NO)[C@@H](C)CN1,0,-459.8459874,-460.0244514
15793,C[C@H]1CC(=O)C(F)=C(O)C1,0,-522.5138344,-522.6327334
15794,C[C@H]1CC(=O)CC(=O)O1,0,-459.1950974,-459.2979244
15795,C[C@H]1CC(=O)CN(C)[C@H]1C,0,-443.8303965,-444.0197615
15798,C[C@H]1CCC[C@H](C)C1=NO,0,-443.7986895,-443.9888665
15804,C[C@H]1CN=C(N)O1,0,-341.9958929,-342.0921969
15805,C[C@H]1CNCc2c[nH]nc21,0,-437.6050287,-437.7544237
15808,C[C@H]1COCCN1C(=N)N,0,-475.9349201,-476.1044401
15810,C[C@H]1C[C@@H](C#N)C(=O)O1,0,-438.1029237,-438.1957927
15811,C[C@H]1C[C@@H](O)c2nccn21,0,-457.5095458,-457.6452108
15816,C[C@H]1N=C1c1ccccc1,0,-403.0852384,-403.2065164
15819,C[C@H]1NC(C)(C)COC1=O,0,-479.789981,-479.956079
15823,C[C@H]1NCCn2cccc21,0,-421.5554665,-421.7161755
15826,C[C@H]1O/C(=N/O)[C@@H](C)O1,0,-476.3613006,-476.4736376
15831,C[C@]1(NO)CCCCC1=O,0,-479.7353175,-479.9028805
15834,C[C@]12CC=C[C@H](C1)C(=O)N2,0,-441.4677208,-441.6159698
15836,C[C@]12CCC=C1C(=O)CC2,0,-425.3857847,-425.5435627
15837,C[C@]12CCCC1=CC(=O)C2,0,-425.3950041,-425.5527311
15839,Cc1[nH]c(C=O)c(C)c1C,0,-441.4755199,-441.6141139
15841,Cc1[nH]c(N)c(C#N)c1C,0,-436.4498545,-436.5682165
15842,Cc1[nH]c(N)nc(=O)c1N,0,-489.6682149,-489.7778799
15844,Cc1[nH]cnc1CC#N,0,-397.1382104,-397.2305224
15845,Cc1[nH]n(C)c(=N)c1C,0,-399.4852276,-399.6225666
15850,Cc1[nH]nc(O)c1CCO,0,-494.6408088,-494.7703488
15872,Cc1c(N)cnn1C(F)F,0,-558.7630278,-558.8569558
15873,Cc1c(N)nc(=O)[nH]c1F,0,-533.590934,-533.675887
15875,Cc1c(N)noc1C(C)C,0,-458.6775975,-458.8295355
15882,Cc1c[nH]c(C(C)(C)C)n1,1,-422.7813213,-422.9571403
15883,Cc1c[nH]c(C=O)c1C#N,0,-455.1296648,-455.2137228
15885,Cc1c[nH]c2c1CCCC2,0,-405.5211241,-405.6921211
15892,Cc1c[nH]cc1C(C)(C)O,0,-442.6509052,-442.8158372
15893,Cc1c[nH]nc1C,0,-304.8498225,-304.9458525
15894,Cc1cc(/C=N/N)oc1C,0,-457.473425,-457.602102
15949,Cc1cc(CNN)c(C)o1,0,-458.6615073,-458.8145093
15953,Cc1cc(C[C@H](C)O)[nH]n1,0,-458.7014631,-458.8550481
15966,Cc1cc(N)c[nH]c1=O,0,-418.2369423,-418.3426833
15968,Cc1cc(N)cc(C#N)c1,0,-419.2069989,-419.3157139
15974,Cc1cc(N)n(N)c(=O)c1,0,-473.5801518,-473.7012598
15976,Cc1cc(N/C=N/O)on1,0,-509.4220982,-509.5153462
15978,Cc1cc(NC(N)=O)no1,0,-509.5142322,-509.6094522
15982,Cc1cc(O)c(F)c(F)c1,0,-545.3605808,-545.4421278
15984,Cc1cc(O)cc(C=O)c1,0,-460.1696158,-460.2755328
15988,Cc1cc(O)ccc1N=O,0,-476.1524533,-476.2477863
15992,Cc1cc(O)nnc1O,0,-454.1511042,-454.2325132
15996,Cc1cc2[nH]ccn2n1,0,-397.1024998,-397.1976218
15998,Cc1cc2c(o1)CCNC2,0,-441.4360996,-441.5836176
15999,Cc1cc2ccccn2c1,0,-403.1318399,-403.2563269
16000,Cc1cc2cn[nH]c2cn1,0,-435.2409815,-435.3428735
16001,Cc1cc2cnccc2[nH]1,0,-419.2057932,-419.3196042
16003,Cc1cc2n(n1)CCCN2,0,-437.6131475,-437.7612735
16007,Cc1cc2nccnc2[nH]1,0,-435.259651,-435.361654
16008,Cc1cc2ncncc2[nH]1,0,-435.2593797,-435.3612857
16011,Cc1cc[nH]c1CC(=O)O,0,-477.4317496,-477.5499266
16015,Cc1ccc(=O)n(C)n1,0,-418.2078307,-418.3122147
16017,Cc1ccc(C#N)cc1O,0,-439.0872451,-439.1849751
16019,Cc1ccc(C(=N)N)n1C,0,-437.63419,-437.777808
16020,Cc1ccc(C(=O)CO)o1,0,-497.2796563,-497.3849933
16023,Cc1ccc(C(F)(F)F)o1,0,-606.5220051,-606.5899891
16053,Cc1ccc(N)nc1C#N,0,-435.2635491,-435.3608961
16056,Cc1ccc(NN=O)nc1,0,-472.3265024,-472.4227784
16110,Cc1cccc2cc[nH]c12,0,-403.1523108,-403.2776528
16112,Cc1cccc2cncn12,0,-419.1926499,-419.3070069
16115,Cc1cccc2nnnn12,0,-451.2629905,-451.3530035
16117,Cc1cccc2ocnc12,0,-439.0862323,-439.1875203
16121,Cc1ccccc1CC=O,0,-424.2187322,-424.3504252
16124,Cc1ccccc1NN=N,0,-436.3896938,-436.5097938
16127,Cc1cccn2cnnc12,0,-435.2307233,-435.3324103
16135,Cc1ccn(CC(C)C)n1,1,-422.7575076,-422.9331686
16137,Cc1ccn(N)c1C#N,0,-397.0997045,-397.1924105
16138,Cc1ccn2ccnc2c1,0,-419.1958126,-419.3093226
16153,Cc1ccnc2ccnn12,0,-435.2355847,-435.3380817
16161,Cc1ccnnc1NN,0,-414.330382,-414.43652
16166,Cc1cn(C)c(NN)n1,0,-415.5465056,-415.6738706
16172,Cc1cn2cccnc2n1,0,-435.2482355,-435.3497235
16174,Cc1cnc(=O)n(C)c1,0,-418.2267348,-418.3312428
16177,Cc1cnc(C(C)C)o1,1,-403.3502609,-403.4871719
16190,Cc1cnc(N)c(O)c1F,0,-517.5133273,-517.6093573
16191,Cc1cnc(NN)c(N)c1,0,-453.6759066,-453.8098506
16195,Cc1cnc2n1CC[C@H]2O,0,-457.5118268,-457.6464858
16289,Cc1nc([C@@H](C)N)c(C)[nH]1,0,-438.8388669,-439.0029009
16292,Cc1nc2c([nH]1)CNC2,0,-398.3059381,-398.4238711
16294,Cc1nc2c(o1)CCCC2,0,-441.4631788,-441.6103718
16296,Cc1nc2ccccc2o1,0,-439.0924232,-439.1940232
16297,Cc1nc2ccccn2n1,0,-435.2515599,-435.3535779
16298,Cc1nc2ccncc2[nH]1,0,-435.269297,-435.37132
16300,Cc1nc2n(c1C)CCC2,0,-421.579079,-421.736054
16302,Cc1nc2nonc2[nH]1,0,-449.0400142,-449.0995882
16305,Cc1ncc(C#N)c(C)n1,0,-435.2600714,-435.3546904
16311,Cc1ncc(CCN)o1,0,-419.4000673,-419.5263753
16315,Cc1ncc(N)n1CC#N,0,-452.4857119,-452.5930769
16319,Cc1ncc2c[nH]nc2n1,0,-451.29088,-451.381448
16325,Cc1nccc2c1N=NC2,0,-435.2135867,-435.3133947
16336,Cc1ncn2ccccc12,0,-419.192851,-419.30489
16340,Cc1ncnc(O)c1C#N,0,-471.2076885,-471.2816475
16341,Cc1ncnc2[nH]ccc12,0,-435.2684935,-435.3703225
16345,Cc1nn(C)c(CO)c1F,0,-518.6573114,-518.7737974
16347,Cc1nn(C)c(N)c1C=O,0,-473.5765216,-473.6954126
16350,Cc1nn(C)c2cn[nH]c12,0,-452.4449794,-452.5554304
16352,Cc1nnc(=O)[nH]c1N,0,-450.3123611,-450.3930581
16356,Cc1nnc(NN)nc1C,0,-469.7003113,-469.8193703
16359,Cc1nnc2cnccn12,0,-451.2789966,-451.3688986
16361,Cc1nnccc1CO,0,-418.1780138,-418.2821978
16367,Cc1noc(C)c1CON,0,-494.5535129,-494.6807609
16378,Cc1oc(=O)[nH]c1C(=O)O,0,-549.3382857,-549.4102687
16379,Cc1oc(=O)cc(O)c1C,0,-497.3039335,-497.4099485
16380,Cc1oc(=O)oc1CO,0,-495.1162487,-495.1949767
16382,Cc1occ(O)c(=O)c1O,0,-533.2179076,-533.3001446
16385,Cc1onc2ccccc12,0,-439.0339475,-439.1341355
16391,Cn1[nH]cc(CN)c1=N,0,-415.5258274,-415.6547304
16393,Cn1c(C(=O)O)c[nH]c1=O,0,-529.4545597,-529.5395547
16394,Cn1c(C=O)cccc1=O,0,-476.2141356,-476.3115326
16398,Cn1c(N)cc(N)nc1=O,0,-489.6739742,-489.7843642
16399,Cn1c(N)nc(=N)nc1N,0,-485.8167611,-485.9282671
16400,Cn1c(N)nccc1=O,0,-434.3029055,-434.3985795
16406,Cn1cc(C(=O)CN)cn1,0,-473.5585017,-473.6764027
16413,Cn1cc(CCC#N)cn1,0,-436.4154705,-436.5343435
16415,Cn1cc(F)c(=O)[nH]c1=O,0,-553.4715601,-553.5443001
16416,Cn1cc(F)cc(N)c1=O,0,-517.5100881,-517.6066981
16419,Cn1cc2c(n1)CCNC2,0,-437.6008735,-437.7490765
16420,Cn1cc2c(n1)CC[C@H]2N,0,-437.5967462,-437.7434302
16422,Cn1cc2ccccc2n1,0,-419.1785036,-419.2917236
16423,Cn1cc[nH]c(=O)c1=O,0,-454.1783068,-454.2595708
16424,Cn1ccc(=O)c(C#N)c1,0,-455.1248944,-455.2106054
16425,Cn1ccc(=[17O])n(C)c1=O,0,-493.5041018,-493.6128548
16426,Cn1ccc(C(=O)NO)n1,0,-509.4678414,-509.5623844
16427,Cn1ccc(C2(N)CC2)c1,0,-421.5278194,-421.6832454
16428,Cn1ccc(C2CCC2)n1,1,-421.5271483,-421.6809823
16430,Cn1ccc(CCCN)n1,0,-438.8019591,-438.9682471
16435,Cn1ccc2c1CNCC2,0,-421.5520337,-421.7113867
16436,Cn1ccc2ccccc21,0,-403.1429178,-403.2681818
16440,Cn1cccc1[C@@H](O)CN,0,-458.6906763,-458.8456803
16446,Cn1cnc(=O)c(N)c1N,0,-489.6443159,-489.7550639
16455,Cn1cnc2c1CCCC2,0,-421.5765116,-421.7364116
16457,Cn1cnc2cnccc21,0,-435.2552224,-435.3578184
16460,Cn1cncc1C1CNC1,0,-437.5800517,-437.7270477
16463,Cn1cncc1[C@H](N)CO,0,-474.7524733,-474.8965883
16470,Cn1nc(N)c2c1CNC2,0,-453.6434069,-453.7776679
16473,Cn1nc(O)n(C)c1=O,0,-471.417723,-471.509012
16475,Cn1nc2c(c1O)CCC2,0,-457.4844889,-457.6180769
16477,Cn1ncc(C#N)c1C=O,0,-471.164207,-471.237672
16483,Cn1ncc2c(N)n[nH]c21,0,-468.5000839,-468.6003629
16484,Cn1ncc2c1CCC2=O,0,-456.3083473,-456.4185843
16492,Cn1nnc(N)c1C(F)F,0,-574.8012803,-574.8834953
16495,Cn1nnc2c1CNC=N2,0,-468.5015218,-468.6017578
16496,Cn1nncc1C(=O)CF,0,-533.5109164,-533.5921974
16500,F/C(=C\C(F)F)C(F)(F)F,0,-752.8810203,-752.9080243
16501,FC(F)(F)/C=C/C(F)(F)F,0,-752.901797,-752.928963
16502,FC(F)(F)C1=CC=C=CN1,0,-585.3679814,-585.4255714
16503,FC(F)(F)C1=NCCN1,0,-564.5782343,-564.6446843
16504,FC(F)(F)[C@@H]1CCNC=N1,0,-603.8931691,-603.9890021
16505,FC(F)(F)c1cc[nH]c1,0,-547.3486524,-547.4028684
16509,FC(F)(F)c1cnc[nH]1,0,-563.4048775,-563.4476645
16515,FC(F)(F)c1nnco1,0,-599.3003991,-599.3186881
16516,FC(F)(F)n1cccn1,0,-563.3778535,-563.4207855
16517,FC(F)=C(F)C(F)=C(F)F,0,-751.6209113,-751.6242693
16518,FC(F)=C(F)C[C@@H]1CO1,0,-568.3317976,-568.3932256
16519,FC(F)=C(F)OC(F)(F)F,0,-788.796856,-788.799896
16520,FC(F)=C1CCNCC1,0,-488.5206658,-488.6372048
16521,FC(F)=CCC(F)(F)F,0,-653.6123842,-653.6487192
16524,FC(F)Oc1cc[nH]n1,0,-539.3371984,-539.3914614
16526,FC1=CCn2ccnc2O1,0,-516.265174,-516.341841
16533,FCc1ccc(F)c(F)c1,0,-569.3857169,-569.4560949
16536,F[C@H]1COc2ccnn2C1,0,-517.451599,-517.552453
16539,Fc1cc(F)c(F)c(F)c1,0,-629.3513098,-629.3866368
16542,Fc1cc2ccccc2[nH]1,0,-463.117151,-463.207083
16545,Fc1ccc2c(c1)C=CC2,0,-447.0508379,-447.1519499
16551,Fc1ccc2ccoc2c1,0,-482.9906534,-483.0686804
16553,Fc1ccc2cncn2c1,0,-479.1541429,-479.2324929
16554,Fc1ccc2n[nH]cc2c1,0,-479.1531419,-479.2322859
16555,Fc1ccc2nccn2n1,0,-495.197993,-495.264826
16564,Fc1cccc2ncnn12,0,-495.2080811,-495.2754031
16565,Fc1cccc2nonc12,0,-515.0160288,-515.0696768
16566,Fc1cccc2occc12,0,-482.9907533,-483.0689253
16569,Fc1cccn2ccnc12,0,-479.1592198,-479.2378228
16571,Fc1ccn2ncnc2c1,0,-495.2138615,-495.2811125
16573,Fc1ccnc2cc[nH]c12,0,-479.1720483,-479.2506893
16574,Fc1cnc(F)c(F)c1F,0,-645.3995207,-645.4233977
16576,Fc1cnc2c(c1)CCO2,0,-500.2352432,-500.3240382
16577,Fc1cnc2c(c1)NCC2,0,-480.3551027,-480.4566737
16579,Fc1cnc2ncnn2c1,0,-511.2539057,-511.3091837
16581,Fc1cncc2[nH]ncc12,0,-495.2056891,-495.2729881
16583,Fc1n[nH]c2ccccc12,0,-479.1584476,-479.2371116
16585,Fc1nc(F)c(F)nc1F,0,-661.4683515,-661.4806115
16589,Fc1ncccc1C(F)F,0,-585.4551779,-585.5155559
16594,N#C/C(=N\O)c1ncon1,0,-523.0711976,-523.1083996
16595,N#C/C=N/N1CCOCC1,0,-473.4952603,-473.6168553
16597,N#C/N=C1\CCCCN1,0,-398.3257498,-398.4448328
16598,N#CC#CC1=CCCCC1,0,-403.0654931,-403.1869071
16599,N#CC#Cc1ccccc1,0,-400.700192,-400.776208
16600,N#CC(=O)C1CC1,0,-323.5044618,-323.5636968
16602,N#CC(C#N)N=O,0,-354.3510126,-354.3592246
16603,N#CC(F)(F)C(F)=C(F)F,0,-706.5178266,-706.5222566
16604,N#CC/C=C\CO,0,-324.7070835,-324.7886905
16605,N#CC1(C=O)CC1,0,-323.5084958,-323.5678468
16606,N#CC1(c2cocn2)CC1,0,-455.0804153,-455.1668363
16607,N#CC12CC(C(=O)O)(C1)C2,0,-476.1448634,-476.2412034
16608,N#CC12CC(CCC1=O)C2,0,-440.2301573,-440.3530983
16609,N#CC1=NN[C@H](C(F)F)C1,0,-557.5398503,-557.6118273
16610,N#CC1C(=O)CCCC1=O,0,-476.20444,-476.30099
16611,N#CC1C=CC=CC=C1,0,-363.7802545,-363.8753845
16612,N#CC1CC2(CC(=O)N2)C1,0,-456.2860418,-456.3942058
16613,N#CCC(=O)N=C(N)N,0,-450.361496,-450.439486
16614,N#CCC(=O)OC[C@H]1CO1,0,-513.2993272,-513.3902852
16615,N#CCC(=O)[C@@H]1C[C@@H]1F,1,-462.0879407,-462.1635907
16617,N#CCC(=O)c1ccoc1,1,-474.9912092,-475.0636422
16618,N#CCC1=CC=CO[C@@H]1O,0,-476.1708569,-476.2669889
16619,N#CCC1=CCCC1,0,-326.8882779,-327.0003309
16620,N#CCCCCCCC=O,0,-442.6413882,-442.8038902
16621,N#CCCCN1CC(=O)C1,0,-457.4662007,-457.5942597
16623,N#CCCNC=O,0,-340.8099831,-340.8805751
16624,N#CCCc1ccc[nH]1,0,-381.0714204,-381.1770854
16627,N#CCCn1ccc(N)n1,0,-452.4746874,-452.5832594
16629,N#CCN1C(=O)CCC1=O,0,-492.2997669,-492.3831909
16630,N#CCNC(=O)C(F)F,0,-539.3613826,-539.4126426
16631,N#CCNCc1ccco1,1,-456.2809961,-456.3898181
16633,N#CCOc1nnco1,0,-468.9557743,-469.0010873
16635,N#CC[C@H](O)CC(N)=O,0,-455.3733502,-455.4751332
16637,N#CCc1ccc(F)cn1,0,-479.1621718,-479.2354588
16641,N#CCc1ccccc1O,0,-439.0800932,-439.1780272
16642,N#CCc1ccnc(N)c1,0,-435.2598807,-435.3580517
16645,N#CCc1n[nH]c(=O)o1,0,-469.0095286,-469.0549176
16648,N#CN=C1NCOCN1,0,-450.3101353,-450.3934583
16649,N#CNC1=NCCCCC1,0,-437.6096022,-437.7551082
16650,N#CNc1ccccc1N,0,-435.2445701,-435.3435341
16654,N#C[C@@H]1CCCCC(=O)N1,0,-457.5187412,-457.6526412
16655,N#C[C@@]12CNC[C@@H]1CN=N2,0,-452.4278509,-452.5403299
16657,N#C[C@H](N)c1cccnc1,0,-435.2347053,-435.3336693
16659,N#C[C@H]1CNC(=O)N=C1O,0,-508.334969,-508.409784
16661,N#Cc1[nH]nc2c1CNC2,0,-451.2522325,-451.3419915
16663,N#Cc1c(N)nc[nH]c1=O,0,-487.2845986,-487.3488986
16665,N#Cc1c[nH]c(C(=O)O)c1,0,-491.1035757,-491.1669467
16667,N#Cc1c[nH]n2ccnc12,0,-450.0476546,-450.1139836
16668,N#Cc1c[nH]nc1C(F)F,0,-556.3703478,-556.4188308
16669,N#Cc1cc(C#N)[nH]n1,0,-410.7714949,-410.8081329
16672,N#Cc1cc(N)ccc1N,0,-435.2634702,-435.3627522
16673,N#Cc1cc(O)cc(F)c1,0,-499.0540212,-499.1162682
16676,N#Cc1cc[nH]c(=O)c1F,0,-515.1079991,-515.1593031
16677,N#Cc1ccc(=O)[nH]c1O,0,-491.0976799,-491.1616079
16680,N#Cc1ccc(C=O)cc1,0,-437.8858175,-437.9612835
16681,N#Cc1ccc(CN)o1,0,-416.9912837,-417.0726857
16682,N#Cc1ccc(CO)cn1,0,-455.1205543,-455.2067763
16683,N#Cc1ccc(F)c(O)n1,0,-515.1086676,-515.1596556
16688,N#Cc1cccc(ON)c1,0,-455.0774244,-455.1637384
16693,N#Cc1ccn(C(F)F)n1,0,-556.3646111,-556.4127271
16699,N#Cc1ccnn1CCF,0,-496.383591,-496.46885
16704,N#Cc1cnc(NN)nc1,0,-467.3398756,-467.4153636
16707,N#Cc1cncc(N)n1,0,-411.9991334,-412.0594124
16709,N#Cc1cnn(CCO)c1,0,-472.3539742,-472.4520442
16710,N#Cc1cnn2cc[nH]c12,0,-450.0720181,-450.1388601
16711,N#Cc1cnoc1C#N,0,-430.6126314,-430.6357344
16713,N#Cc1n[nH]c2c1CCC2,0,-435.2129129,-435.3149319
16716,N#Cc1nc(F)cnc1F,0,-555.1796975,-555.2061495
16717,N#Cc1nc(N)[nH]c1C#N,0,-466.1632956,-466.2148976
16719,N#Cc1ncc(C2CC2)[nH]1,0,-435.2081869,-435.3063839
16722,N#Cc1ncccc1O,0,-415.8265231,-415.8868431
16726,N#Cc1ncnc(N)c1N,0,-467.3766616,-467.4538896
16727,N#Cc1nnc2n1CCC2,0,-451.2663774,-451.3561364
16728,N#Cc1nonc1C#N,0,-446.6269959,-446.6376939
16731,N/C(=N\O)N1CCCCC1,0,-475.9101047,-476.0787667
16732,N/C(=N\O)NC1CCCC1,0,-475.9138629,-476.0791989
16733,N/C(=N\O)c1ccc[nH]1,0,-434.2344591,-434.3277651
16735,N/C(=N\O)c1nonc1N,0,-541.5243691,-541.5967211
16736,N/C(CC1(CO)CC1)=N\O,0,-495.7708036,-495.9230646
16737,N/C(CCNC1CC1)=N\O,1,-475.8764809,-476.0418949
16741,N/N=C(\N)c1ccncc1,0,-452.4757632,-452.5881202
16743,N/N=C/c1cccc(O)c1,0,-456.3020991,-456.4119951
16744,N/N=C1\CC(F)=CC(F)=N1,0,-557.5331206,-557.6054936
16745,N/N=C1\CCC/C(=N\N)C1,0,-454.8108829,-454.9676159
16748,N=C(CO)NO,0,-339.7620375,-339.8278865
16750,N=C(N)CC1CCCCC1,0,-423.9661216,-424.1695596
16751,N=C(N)CCC(F)(F)F,0,-565.8040457,-565.8895327
16753,N=C(N)CN1CCCCC1,1,-440.0082367,-440.2014767
16756,N=C(N)N/N=C/NC(N)=O,0,-522.945286,-523.050647
16757,N=C(N)NC1CCNCC1,0,-456.0696059,-456.2515149
16758,N=C(N)NCCCCCO,0,-477.1490688,-477.3379948
16759,N=C(N)NC[C@@H]1CCCO1,0,-475.9505029,-476.1174379
16760,N=C(N)NCc1cc[nH]n1,0,-469.7366159,-469.8587479
16761,N=C(N)NNC1=NCCC1,0,-470.9085428,-471.0522088
16764,N=C(N)[C@H]1CCC(F)(F)C1,0,-543.9235597,-544.0539987
16766,N=C(N)c1ccc(O)cc1,0,-456.3408107,-456.4519047
16767,N=C(N)c1cccc(F)n1,0,-496.4374073,-496.5246143
16772,N=C(N)n1ncnc1N,0,-446.5153666,-446.5995616
16774,N=C(NN)N1CCOCC1,0,-491.9559263,-492.1145423
16778,N=C(NO)c1cncnc1,0,-488.3815941,-488.4686521
16779,N=C(O)NC[C@H](F)C(=O)O,1,-591.7927929,-591.8858379
16780,N=C(O)Nc1nnn[nH]1,0,-482.4039381,-482.4620531
16781,N=C(O)[C@@H](N)CO,0,-379.1303967,-379.2264137
16782,N=C(O)[C@@H]1C[C@H](O)CN1,0,-456.5265329,-456.6560819
16784,N=C1CC=Cc2cccn21,0,-419.1742316,-419.2876116
16785,N=C1Cc2ccccc2N1,0,-419.205149,-419.319062
16787,N=C1NCc2ccccc21,0,-419.2024413,-419.3174113
16789,N=C1NNC(=O)C12CC2,0,-434.226967,-434.32192
16790,N=Cc1ccc(O)cc1O,0,-476.2282308,-476.3277028
16791,N=c1ccccn1N,0,-358.9896747,-359.0818077
16792,N=c1ccn(C2CNC2)[nH]1,1,-453.5903506,-453.7253386
16793,N=c1ncn2cc[nH]c2n1,0,-467.3434136,-467.4220486
16794,NC#CC(=O)C(F)(F)F,0,-583.2298071,-583.2536481
16795,NC(=O)/C=C(/N)C(N)=O,0,-471.4624148,-471.5527918
16797,NC(=O)/C=C/c1c[nH]cn1,0,-472.402637,-472.499789
16800,NC(=O)/C=C\[C@@H]1C[C@H]1N,0,-419.3817303,-419.5064733
16803,NC(=O)C#CC(N)=O,0,-414.8439374,-414.8902874
16804,NC(=O)C(=NO)C(N)=O,0,-507.3572864,-507.4242284
16808,NC(=O)C/C=C/CC(N)=O,0,-494.6944484,-494.8210484
16814,NC(=O)C1=CCCCO1,0,-439.2999939,-439.4165919
16816,NC(=O)C1=NNC(=O)CC1,0,-509.5402857,-509.6371197
16817,NC(=O)C1=NO[C@@H](CO)C1,0,-530.5614873,-530.6667873
16818,NC(=O)C=C1CCCC1,0,-403.3630855,-403.5022125
16819,NC(=O)CCC(=O)C(=O)O,0,-550.5309683,-550.6237223
16821,NC(=O)CN1CC=CCC1,0,-458.7032807,-458.8592587
16822,NC(=O)Cc1ccncn1,0,-472.4160607,-472.5150137
16832,NC(=O)NCCCCN=O,1,-511.8558249,-511.9936849
16835,NC(=O)Nn1cnnc1,0,-466.3595375,-466.4293335
16854,NC(=O)c1cncc(F)c1,0,-516.3272594,-516.4017404
16858,NC(=O)c1ncoc1N,0,-470.2472809,-470.3168159
16859,NC(=O)c1nn[nH]c1O,0,-486.2541637,-486.3134767
16864,NC(N)=C1C=CC(=O)C=C1,0,-456.3295145,-456.4406345
16866,NC(N)=NC[C@@H]1CCCN1,1,-456.0663904,-456.2455464
16867,NC(N)=NN=C1CCCC1,0,-454.8666261,-455.0223231
16869,NC(O)=C1N=CC=NC1=O,0,-508.3130327,-508.3875487
16870,NC/C(O)=N/CC(=O)O,0,-492.5023736,-492.6032806
16871,NC/C=C/CN=C(N)N,0,-416.7502422,-416.8989442
16873,NC/C=C/c1ccncc1,0,-420.3661007,-420.4990967
16874,NC/C=C\CCN,0,-307.2109027,-307.3512007
16875,NC1(C(F)(F)F)CC=CC1,0,-587.8280645,-587.9337455
16876,NC1(C2=NCCN2)CCC1,1,-438.782272,-438.952396
16878,NC1(c2ccco2)CC1,0,-402.1023532,-402.2199112
16884,NC1(c2ncon2)CCC1,0,-473.5012604,-473.6229874
16891,NC1=C2NC=CN2CC=C1,0,-436.3904541,-436.5124221
16892,NC1=CC(=O)C(N)=CC1=O,0,-492.2927573,-492.3786413
16893,NC1=CC=C[C@H]2NN=N[C@@H]12,0,-452.4191745,-452.5303905
16895,NC1=CCOC1=O,0,-360.6926203,-360.7552883
16896,NC1=NC=C2CCN=C2N1,0,-452.5000454,-452.6141754
16897,NC1=NCCN1C1CC1,0,-399.479411,-399.621142
16898,NC1=NNC(=O)C12CCC2,0,-473.5430684,-473.6649764
16900,NC1=NN[C@H]2C=CC=CN12,0,-452.4344498,-452.5476908
16901,NC1=NON/C1=C(\N)N=O,0,-541.4576518,-541.5291128
16902,NC1=N[C@@H](C(=O)O)NN1,0,-487.4548207,-487.5376717
16903,NC1=N[C@@H](C(F)(F)F)CO1,0,-639.8460004,-639.9163004
16905,NC1CCC(=CF)CC1,0,-428.5559771,-428.7083121
16909,NCC#Cc1cnccn1,0,-435.1825041,-435.2780031
16910,NCC(=O)N1CCC(=O)C1,0,-494.6610474,-494.7904434
16911,NCC(=O)Nc1cn[nH]c1,0,-489.6317929,-489.7421079
16916,NCC/N=C(\O)C(F)(F)F,0,-641.0262395,-641.1163985
16917,NCC1(c2ccon2)CC1,0,-457.4306613,-457.5638063
16920,NCC1=CNCC=C1,0,-344.1218897,-344.2470207
16921,NCC1=COCCO1,0,-401.1337656,-401.2470626
16922,NCC1=NO[C@H]2OCC[C@@H]12,0,-494.5799114,-494.7139314
16923,NCC1CC(=C2CCC2)C1,0,-406.6249559,-406.8128449
16924,NCCC(=O)CN,0,-343.1787672,-343.2942202
16925,NCCC1=CCCCCC1,0,-407.8785124,-408.0939734
16928,NCCCNC(=O)/C=N/O,1,-511.8633439,-512.0017789
16930,NCCC[C@H]1C=NNC1=O,1,-474.7438809,-474.8881319
16931,NCCCc1cc(O)no1,0,-494.6012055,-494.7320545
16933,NCCCc1cnn[nH]1,0,-415.5426271,-415.6729741
16934,NCCCc1nc(=O)[nH][nH]1,0,-490.8180461,-490.9522541
16935,NCCCc1ncco1,0,-419.3882447,-419.5162147
16937,NCCCn1cc[nH]c1=O,1,-474.7825704,-474.9278414
16946,NCCc1cc(=O)[nH][nH]1,0,-435.4464166,-435.5648716
16953,NCCc1nccc(O)n1,0,-473.5911926,-473.7131376
16957,NCCn1ncccc1=O,0,-473.5557836,-473.6779566
16959,NC[C@@H]1C=CCC1,0,-289.9663074,-290.0993834
16960,NC[C@@H]1CC(C2CC2)=NO1,0,-458.6143989,-458.7682949
16962,NC[C@@H]1COc2ccnn21,0,-473.5228076,-473.6471846
16966,NC[C@H]1CC(=O)N=C1O,0,-455.3617645,-455.4666105
16970,NCc1c[nH]c(=O)c(F)c1,0,-517.4997547,-517.5970877
16974,NCc1cc(F)ncc1F,0,-541.5266417,-541.6114737
16977,NCc1ccc(=O)[nH]n1,0,-434.2588143,-434.3534153
16984,NCc1ccn2c1CCC2,0,-421.5558413,-421.7146463
16988,NCc1cn[nH]c1C(F)F,0,-558.7579432,-558.8531912
16990,NCc1cnc(N)nc1N,0,-469.786205,-469.911157
16991,NCc1cncc(C=O)c1,0,-456.3202493,-456.4293183
16992,NCc1cncn1C1CC1,0,-437.5876775,-437.7333335
16994,NCc1cnn(CCF)c1,0,-498.770793,-498.900622
16997,NCc1nc(=O)cc(O)[nH]1,0,-509.5319447,-509.6281417
16999,NCc1nc(C(N)=O)no1,0,-525.5581939,-525.6408659
17011,NCc1occc(=O)c1O,0,-513.3321968,-513.4297368
17012,NN/C=N/C[C@H](N)C(=O)O,0,-527.9435618,-528.0723568
17014,NN=C1C[C@H]2CC[C@@H](C1)O2,0,-458.6616581,-458.8219321
17020,NNc1c[nH]ccc1=O,0,-434.2440258,-434.3401298
17027,NNc1cccc(F)c1F,0,-541.4920539,-541.5775039
17033,NNc1nc(N)[nH]c(=O)n1,0,-521.7768129,-521.8632979
17035,NNc1ncc(F)c(=O)[nH]1,0,-549.5983299,-549.6735279
17038,NOCCCc1ccco1,1,-478.511269,-478.651811
17041,N[C@@H](C(=O)O)c1ccoc1,0,-513.3427586,-513.4392396
17042,N[C@@H](C1=NCCN1)C1CC1,0,-438.7747796,-438.9427226
17043,N[C@@H](CO)Cc1c[nH]cn1,0,-474.763082,-474.909024
17045,N[C@@H]1C=CCO[C@@H]1C(=O)O,0,-514.5212585,-514.6420935
17046,N[C@@H]1C=C[C@@H](CO)C1,0,-365.2082287,-365.3443237
17048,N[C@@H]1CCC=CCC[C@H]1O,0,-443.8121988,-444.0052898
17057,N[C@@H]1CCc2cnoc2C1,0,-457.4685133,-457.6052753
17059,N[C@@H]1CCc2nccn2C1,0,-437.6297798,-437.7795188
17062,N[C@@H]1COc2ncccc21,0,-456.3178643,-456.4317703
17064,N[C@@H]1C[C@H]1c1c[nH]cn1,0,-398.2929549,-398.4108369
17065,N[C@@H]1Cc2c[nH]nc2C1,0,-398.2966566,-398.4182536
17068,N[C@@]12CC=C[C@@H](C1)OC2,0,-403.3099559,-403.4544679
17069,N[C@@]12CC[C@@H](CC1=O)C2,0,-403.3433035,-403.4866305
17078,N[C@H]1C=CC=C(C(=O)O)C1,0,-477.403416,-477.524824
17079,N[C@H]1C=NC(=O)NC1=O,0,-470.2348993,-470.3054683
17089,N[C@H]1CON=C1O,0,-377.8691724,-377.9421404
17090,N[C@H]1C[C@@H]2C=CC[C@H](C1)C2,0,-406.6923741,-406.8899511
17091,N[C@H]1C[C@H](c2ccon2)C1,0,-457.4330772,-457.5658982
17093,N[C@H]1N=CN=C2N=NC=C21,0,-467.2608059,-467.3380839
17094,N[C@H]1N=Nc2ccccc21,0,-435.2115734,-435.3141784
17095,N[C@H]1NC(=O)NC=C1F,0,-495.4511633,-495.5328223
17097,Nc1[nH][nH]c(=O)c1C(=O)O,0,-545.4943821,-545.5706271
17099,Nc1[nH]nc2c1COCC2,0,-473.5421164,-473.6664834
17100,Nc1[nH]nc2cccnc12,0,-451.2910888,-451.3830818
17101,Nc1[nH]nc2nnccc12,0,-467.3016682,-467.3798662
17107,Nc1c(F)ccnc1F,0,-502.2351452,-502.2933132
17108,Nc1c(O)[nH]c(=O)[nH]c1=O,0,-545.5283154,-545.6042124
17111,Nc1c[nH]c(=O)cn1,0,-394.977498,-395.045191
17113,Nc1c[nH]c2cnccc12,0,-435.252535,-435.354952
17114,Nc1c[nH]c2nccnc12,0,-451.3086159,-451.3996689
17115,Nc1c[nH]nc(O)c1=O,0,-470.210156,-470.282158
17117,Nc1cc(=O)c(N)c(N)[nH]1,0,-489.6551347,-489.7658567
17118,Nc1cc(=O)n2n1CCC2,0,-473.5493333,-473.6743623
17126,Nc1cc(CC2CC2)no1,0,-457.4432703,-457.5740543
17127,Nc1cc(CCCO)n[nH]1,0,-474.7505503,-474.8937203
17132,Nc1cc(F)c(F)cc1F,0,-585.446126,-585.506124
17138,Nc1cc(F)cnc1C=O,0,-516.3160686,-516.3891416
17150,Nc1cc2n[nH]nc2cn1,0,-467.3394759,-467.4201979
17151,Nc1cc2ncccn2n1,0,-451.2916999,-451.3833569
17153,Nc1cc[nH]c(=O)c1N,0,-434.3072052,-434.4035922
17154,Nc1ccc(/C=N/O)cn1,0,-472.3498902,-472.4477552
17155,Nc1ccc(=O)[nH]c1N,0,-434.298488,-434.394135
17158,Nc1ccc(C=O)c(N)c1,0,-456.3579756,-456.4688726
17160,Nc1ccc(CC=O)cc1,0,-440.2784334,-440.3977714
17164,Nc1ccc(N=O)c(N)n1,0,-488.4095705,-488.4949965
17165,Nc1ccc(O)c(=O)cc1,0,-476.1891849,-476.2873999
17172,Nc1ccc2c(c1)N=NC2,0,-435.2184693,-435.3202783
17173,Nc1ccc2c(c1)OCO2,0,-476.1945781,-476.2952621
17178,Nc1ccc2ccoc2n1,0,-455.1422253,-455.2335143
17181,Nc1ccc2ncnn2c1,0,-451.2990771,-451.3908431
17183,Nc1ccc2nncn2n1,0,-467.322497,-467.401934
17184,Nc1ccc2nonc2c1,0,-471.1127018,-471.1909258
17185,Nc1ccc2occc2c1,0,-439.0761831,-439.1786851
17188,Nc1cccc(F)c1C=O,0,-500.265769,-500.350517
17191,Nc1cccc2[nH]ncc12,0,-435.2503092,-435.3539032
17196,Nc1cccc2ncoc12,0,-455.1413248,-455.2325748
17197,Nc1cccc2oncc12,0,-455.1031121,-455.1937171
17202,Nc1ccn2nccc2n1,0,-451.2992914,-451.3910694
17204,Nc1ccn2nnnc2c1,0,-467.3183248,-467.3973378
17207,Nc1ccnc(N)c1N=O,0,-488.408517,-488.49408
17212,Nc1ccnc2c[nH]nc12,0,-451.2985221,-451.3910391
17214,Nc1ccnc2nc[nH]c12,0,-451.3222421,-451.4141801
17215,Nc1ccnc2nccn12,0,-451.3081009,-451.3996649
17216,Nc1ccnc2occc12,0,-455.1379477,-455.2292937
17224,Nc1cn(CC(F)F)nn1,0,-574.7997482,-574.8825012
17229,Nc1cn[nH]c1C(F)(F)F,0,-618.7456273,-618.8046333
17236,Nc1cnc2c(c1)CCN2,0,-436.4450774,-436.5712804
17237,Nc1cnc2cc[nH]c2c1,0,-435.2573439,-435.3601359
17239,Nc1cnc2cccnn12,0,-451.282433,-451.373707
17244,Nc1cnc2nccn2c1,0,-451.2967747,-451.3876387
17249,Nc1cncc2n[nH]cc12,0,-451.2883129,-451.3805299
17250,Nc1cncc2nc[nH]c12,0,-451.3178313,-451.4097413
17259,Nc1cnn2c1OCCC2,0,-473.5334104,-473.6580844
17261,Nc1cnn2ccccc12,0,-435.2281868,-435.3308028
17267,Nc1n[nH]c(=O)c(=O)n1N,0,-541.6170146,-541.6921706
17268,Nc1n[nH]c2[nH]ncc12,0,-429.1987851,-429.2734331
17269,Nc1n[nH]c2c1CCCN2,0,-453.6704507,-453.8082647
17274,Nc1n[nH]cc1C1CC1,0,-398.2837164,-398.4013414
17275,Nc1n[nH]ccc1=O,0,-394.9636529,-395.0321049
17278,Nc1nc(=O)[nH]cc1CO,0,-509.5512226,-509.6506876
17283,Nc1nc(CF)cc(=O)[nH]1,0,-533.5852155,-533.6708155
17284,Nc1nc(F)cc(F)c1N,0,-557.609169,-557.683204
17289,Nc1nc(NN=O)n[nH]1,0,-482.3708322,-482.4276892
17291,Nc1nc2c([nH]1)NON2,0,-466.2369908,-466.3083138
17293,Nc1nc2cnccc2o1,0,-471.2016217,-471.2813227
17294,Nc1nc2cnccn2n1,0,-467.3573291,-467.4376811
17295,Nc1nc2cncnc2[nH]1,0,-467.3880153,-467.4686713
17299,Nc1nc2n(n1)[C@@H](N)N=N2,0,-500.5967381,-500.6730141
17301,Nc1nc2occ(O)c2o1,0,-528.1563588,-528.2188648
17304,Nc1ncc(C2CCC2)o1,1,-457.4845285,-457.6182365
17305,Nc1ncc(C=O)c(O)n1,0,-508.3708345,-508.4465795
17307,Nc1ncc2c(n1)CCC2,0,-436.4641284,-436.5903544
17310,Nc1ncc2cc[nH]c2n1,0,-451.3349527,-451.4272017
17311,Nc1ncc2ccccn12,0,-435.2489009,-435.3519649
17312,Nc1ncc2n1CCC2,0,-398.3243362,-398.4457622
17317,Nc1nccc2[nH]nnc12,0,-467.3503672,-467.4301892
17321,Nc1nccc2cn[nH]c12,0,-451.3055671,-451.3977201
17325,Nc1nccc2nncn12,0,-467.3501064,-467.4298124
17326,Nc1nccn1C1CCC1,0,-437.6014925,-437.7474925
17327,Nc1nccn2cncc12,0,-451.3091814,-451.4009404
17332,Nc1ncn2c1CCCC2,0,-437.634689,-437.783887
17337,Nc1ncnc2c1CCC2,0,-436.4632649,-436.5895989
17344,Nc1ncnc2ocnc12,0,-487.2644405,-487.3324275
17347,Nc1ncnn2ccnc12,0,-467.3581709,-467.4369219
17349,Nc1nnc(C2CNC2)o1,0,-489.5667298,-489.6768688
17351,Nc1nnc(N)c(N)c1N,0,-485.8045246,-485.9170266
17353,Nc1nnc(NCCO)[nH]1,0,-506.8626669,-506.9834449
17354,Nc1nnc2[nH]cnn12,0,-445.2505146,-445.3126966
17356,Nc1nnc2n(N)cnn12,0,-500.5755603,-500.6531403
17358,Nc1nnc2n1CCCN2,0,-469.7275942,-469.8539392
17359,Nc1nnc2ncccn12,0,-467.3347995,-467.4139675
17365,Nc1nnnc2[nH]cnc12,0,-483.3843868,-483.4514768
17373,Nc1noc2nccnc12,0,-487.2035381,-487.2706171
17377,Nc1onc2c1CCCC2,0,-457.4807456,-457.6170326
17379,Nn1c(=O)cn[nH]c1=O,0,-486.2553923,-486.3150543
17380,Nn1c(CO)nnc1CO,0,-526.7036902,-526.8123542
17381,Nn1ccc(C(=O)O)c1,0,-454.1482963,-454.2303573
17382,Nn1cnc2ccccc21,0,-435.2311688,-435.3350118
17384,O/C(=C(/O)[C@H]1CO1)[C@@H]1CO1,0,-534.3143848,-534.4192938
17385,O/C=C/CCO,0,-307.6851204,-307.7737134
17387,O/N=C/C=C/c1ccco1,0,-476.130624,-476.225811
17395,O/N=C1/CCC/C(=N\O)N1,0,-510.6262281,-510.7456351
17396,O/N=C1/CCN(C2CC2)C1,0,-458.6065655,-458.7608595
17398,O/N=C1/CCn2cnnc21,0,-488.3553456,-488.4422546
17399,O/N=C1/NCCN/C1=N/O,0,-526.6429883,-526.7513503
17400,O/N=C1C(=N/O)\[C@H](O)[C@H]\1O,0,-566.3851466,-566.4643356
17401,O/N=C1\C=CC=C\C1=N/O,0,-492.1443208,-492.2284958
17403,O/N=C1\CCCNCC1,0,-420.5339719,-420.6866849
17404,O/N=C1\CNCC(NO)=N1,0,-526.6480377,-526.7563587
17406,O/N=C1\Cc2ccccc21,0,-438.992231,-439.092157
17409,O/N=N/c1cnccn1,0,-449.0509902,-449.1102982
17410,O=C(C(F)F)C(F)F,0,-590.2605603,-590.2824233
17414,O=C(CCO)CCO,0,-422.2548845,-422.3739985
17416,O=C(CO)[C@H](O)[C@@H](O)CO,0,-572.734373,-572.860438
17420,O=C(NO)c1cc(=O)[nH]o1,0,-565.2543945,-565.3133135
17424,O=C(O)/C=C/NC1CC1,0,-439.2751295,-439.3885635
17426,O=C(O)/C=C/c1cc[nH]c1,0,-476.2262932,-476.3233482
17427,O=C(O)/C=C/c1cocn1,0,-512.1551095,-512.2282735
17431,O=C(O)/C=C1\CCC(=O)O1,0,-533.2660122,-533.3488682
17434,O=C(O)C(=CO)C(=O)O,0,-531.1219881,-531.1781551
17442,O=C(O)C(F)=C1CCCC1,0,-522.5222244,-522.6405644
17443,O=C(O)C/N=C1/CCCN1,0,-494.6691612,-494.8019612
17445,O=C(O)C1=C(F)CNCC1,0,-538.5706979,-538.6793909
17448,O=C(O)C1=CNCCC1=O,0,-513.3805157,-513.4800587
17453,O=C(O)CC1=CCNC1=O,1,-513.3863512,-513.4792782
17454,O=C(O)CC1=COCC1,0,-459.1741464,-459.2761554
17462,O=C(O)CCc1cnc[nH]1,0,-493.4932851,-493.6024501
17465,O=C(O)CNCCCCO,0,-516.9237975,-517.0908055
17467,O=C(O)COC1CC=CC1,1,-498.4664826,-498.5953546
17480,O=C(O)[C@@H]1C=CC=NC1=O,0,-512.1562802,-512.2300612
17481,O=C(O)[C@@H]1CC=CCCC1,0,-462.5430003,-462.6990703
17482,O=C(O)[C@@H]1CN=CNC1,0,-455.3624377,-455.4687687
17488,O=C(O)[C@@]12C=C[C@@H](CC1)C2,0,-461.3360778,-461.4696458
17503,O=C(O)c1ccc(CO)[nH]1,0,-513.3721862,-513.4686212
17512,O=C(O)c1coc(F)n1,0,-534.0198626,-534.0534676
17513,O=C(O)c1n[nH]c(O)n1,0,-506.1738188,-506.2204138
17518,O=C(c1nnc[nH]1)C1CC1,1,-472.3430686,-472.4412766
17521,O=C1C(F)=C(F)C1(F)F,0,-627.1277497,-627.1324917
17522,O=C1C(F)=C(O)CC[C@H]1F,0,-582.4807077,-582.5643537
17523,O=C1C(O)=Nc2ncnn21,0,-523.1569915,-523.1992065
17524,O=C1C/C(=N\O)NC(O)=N1,0,-545.4426123,-545.5135083
17526,O=C1C=C(C(F)(F)F)N=N1,0,-637.3772128,-637.3979048
17527,O=C1C=C(CO)CCO1,0,-459.1687679,-459.2731959
17528,O=C1C=C(O)C(=O)C=C1O,0,-532.0470958,-532.1100978
17529,O=C1C=C(O)C(=O)[C@@H]2O[C@H]12,0,-531.9931077,-532.0553807
17530,O=C1C=C2CCC(=O)N2C1,0,-476.2305891,-476.3298301
17531,O=C1C=C2CCCC[C@H]2C1,0,-425.4059954,-425.5657264
17532,O=C1C=C2NCCC=C2O1,0,-476.208672,-476.310505
17533,O=C1C=CC(=O)C(F)=C1,0,-480.8016893,-480.8472103
17534,O=C1C=CC(=O)N1C1CC1,0,-476.1908049,-476.2885049
17535,O=C1C=CC(=O)N1CO,0,-474.0581087,-474.1275287
17536,O=C1C=CC2(C=C1)CO2,0,-420.7889362,-420.8713192
17537,O=C1C=CC2(CCCC2)C1,0,-425.3932682,-425.5506372
17538,O=C1C=CC2C=CC1C=C2,0,-422.9620079,-423.0755269
17539,O=C1C=CC=CCC1=O,0,-420.8137981,-420.8951041
17540,O=C1C=CC=CCCCC1,0,-425.3664064,-425.5243934
17541,O=C1C=CC=C[C@@H]2C[C@H]12,0,-384.8514642,-384.9590382
17542,O=C1C=CCCC=CC1,1,-386.0618273,-386.1916303
17543,O=C1C=CCCCC=C1,0,-386.0653456,-386.1959626
17544,O=C1C=CCCNC(=O)N1,0,-493.4801409,-493.5912509
17545,O=C1C=CC[C@@H]2C[C@@H]2CC1,0,-425.3481856,-425.5055256
17546,O=C1C=C[C@@H](C2CC2)NN1,0,-457.4504432,-457.5834772
17547,O=C1C=C[C@@H]2CO[C@H]1O2,0,-457.9390483,-458.0238823
17549,O=C1C=Cc2ccccc21,0,-421.8241473,-421.9150993
17550,O=C1C=c2ccccc2=N1,0,-437.846174,-437.924231
17552,O=C1CC(=O)CC2(CC2)C1,0,-461.322852,-461.453278
17553,O=C1CC(=O)OCO1,0,-455.8326449,-455.8867799
17554,O=C1CC(C(F)(F)F)=NN1,0,-638.6347891,-638.6796881
17555,O=C1CC(CO)=NC=C1O,0,-513.3308412,-513.4255012
17556,O=C1CC(F)(C(=O)O)C1,0,-519.1508949,-519.2147079
17558,O=C1CC2=C(CC=C2)O1,0,-420.8206909,-420.9038659
17559,O=C1CC2=CCC[C@H]2O1,0,-422.0323896,-422.1401146
17561,O=C1CC2CCN(CC2)C1,0,-442.6281432,-442.8002392
17562,O=C1CC=C(CCO)O1,0,-459.1722377,-459.2752597
17563,O=C1CC=C2C=CN=C2N1,0,-455.1299379,-455.2196189
17564,O=C1CC=C2CC[C@H]2CC1,0,-425.3588876,-425.5159896
17567,O=C1CCC2(CC2)C(=O)C1,0,-461.3268876,-461.4586536
17568,O=C1CCC2(CCC2)OC1,0,-462.4976762,-462.6542212
17569,O=C1CCC2=C(CCC2)N1,0,-441.4745436,-441.6222646
17570,O=C1CCC2=C1COCO2,0,-497.269446,-497.381335
17571,O=C1CCCC(=O)C1(F)F,0,-582.4843517,-582.5667657
17572,O=C1CCCC(=O)NC1,0,-439.3108311,-439.4281971
17573,O=C1CCCC(O)CCC1,0,-463.722451,-463.902637
17574,O=C1CCCC=C[C@H]2C[C@@H]12,0,-425.3532683,-425.5121633
17578,O=C1CCCCCC(=O)C1,0,-462.5386805,-462.6952145
17579,O=C1CCCCCC2=N[C@H]12,0,-441.3984833,-441.5445883
17582,O=C1CCCCC[C@H]2C[C@H]12,0,-426.5527127,-426.7347117
17584,O=C1CCCCNCC1,0,-404.5256626,-404.6914576
17585,O=C1CCCC[C@@H]2C[C@@H]2C1,0,-426.5612185,-426.7425715
17586,O=C1CCCOCC1,0,-385.1087448,-385.2328608
17587,O=C1CCC[C@@H]1C(F)(F)F,0,-607.7341958,-607.8268008
17588,O=C1CCC[C@]12CCCO2,0,-462.5259396,-462.6834866
17589,O=C1CCCc2[nH]cnc21,0,-456.3366301,-456.4506011
17590,O=C1CCCc2c[nH]cc21,0,-440.2779804,-440.4036734
17593,O=C1CCCc2ccoc21,0,-460.1444178,-460.2574858
17598,O=C1CCCn2nccc21,0,-456.3166547,-456.4308437
17601,O=C1CCN2NC=NC2=N1,0,-488.4065321,-488.4965271
17603,O=C1CCNC(=O)CC1,0,-439.3129899,-439.4300429
17604,O=C1CCNC2(CC2)C1,0,-403.3124953,-403.4540673
17606,O=C1CCOC2(CNC2)C1,0,-478.5398688,-478.6841818
17607,O=C1CCOCCC1(F)F,0,-583.6654348,-583.7714618
17609,O=C1CCOC[C@H]1F,0,-445.0791053,-445.1676703
17610,O=C1CCON1,0,-322.5223602,-322.5798062
17612,O=C1CC[C@@H]2CC(=O)[C@H]1C2,0,-461.3502027,-461.4859047
17613,O=C1CC[C@@H]2CC(F)(F)[C@@H]12,0,-546.4912723,-546.5989713
17614,O=C1CC[C@@H]2CC=CN12,0,-402.1535557,-402.2738107
17616,O=C1CC[C@@]12CCC21CC1,0,-425.3161962,-425.4700162
17617,O=C1CC[C@H]2C=CC=C12,0,-384.8735251,-384.9813861
17619,O=C1CC[C@H]2COC[C@H]2C1,0,-462.5226355,-462.6817565
17621,O=C1CC[C@H]2[C@@H](C1)C2(F)F,0,-546.5142473,-546.6216043
17623,O=C1CCc2[nH]ncc21,0,-417.0053435,-417.0909965
17627,O=C1CCc2ncccc21,0,-439.0926084,-439.1942244
17628,O=C1CCn2cccc2C1,0,-440.2638498,-440.3873768
17629,O=C1CCn2ccnc21,0,-417.0170436,-417.1022966
17631,O=C1CCn2nnnc2N1,0,-504.4674904,-504.5457734
17632,O=C1CN1C1CCCCC1,0,-442.6038201,-442.7719891
17634,O=C1CN2C=CC=CC2=N1,0,-455.1411298,-455.2319148
17635,O=C1CN2CCC[C@H]1C2,0,-403.3258983,-403.4712343
17637,O=C1CNC(=O)NC(=O)C1,0,-529.4494662,-529.5356212
17640,O=C1CNC2=C(NON2)N1,0,-525.442055,-525.529656
17641,O=C1CNC2CC(C2)O1,0,-439.2464774,-439.3664124
17642,O=C1CNCC12CNC2,0,-419.3472125,-419.4769285
17644,O=C1CNCCC[C@@H]1F,0,-464.497679,-464.626788
17645,O=C1CNCCNC1,0,-381.2681472,-381.3937332
17650,O=C1CN[C@H]2CCC[C@H]2O1,0,-478.5880281,-478.7368761
17652,O=C1COC(=O)CN1,0,-435.9522966,-436.0182236
17654,O=C1COCCOC1,0,-421.0281563,-421.1281503
17655,O=C1COCC[C@H]1CO,0,-460.3489687,-460.4772247
17656,O=C1COCc2[nH]ccc21,0,-476.1958181,-476.2970481
17657,O=C1CO[C@@H]2C(=O)CO[C@H]12,0,-533.1853139,-533.2697099
17658,O=C1CO[C@H](C(=O)O)C1,0,-495.1278049,-495.2066439
17660,O=C1COc2ccccc21,0,-458.9682751,-459.0583751
17663,O=C1C[C@@H](C=C(F)F)CN1,0,-562.60279,-562.696845
17665,O=C1C[C@@H]2C(=O)OC[C@@H]2O1,0,-533.255302,-533.343342
17666,O=C1C[C@@H]2C=C[C@@H]2N1,0,-362.8194018,-362.9108548
17668,O=C1C[C@@H]2CO[C@H](C1)O2,0,-459.1567405,-459.2643805
17671,O=C1C[C@@](O)(CF)CCO1,0,-559.6522489,-559.7705349
17672,O=C1C[C@H](O)C=C1CO,0,-459.1611444,-459.2636714
17674,O=C1C[C@H]2C=CC[C@@H]2O1,0,-422.0106676,-422.1192386
17675,O=C1C[C@H]2C=C[C@@H](C1)O2,0,-422.0076462,-422.1157032
17676,O=C1C[C@H]2CC=CC=C12,0,-384.8499362,-384.9566472
17683,O=C1C[C@H]2CN[C@@H](C1)C2,0,-403.33911,-403.483469
17685,O=C1C[C@H]2C[C@@H]3O[C@@H]3[C@@H]2C1,0,-461.2918986,-461.4277536
17686,O=C1C[C@H]2C[C@H](O)[C@@H](C1)O2,0,-498.4677543,-498.6026583
17689,O=C1Cc2ccccc2C1,0,-423.036094,-423.148614
17692,O=C1Cc2cccnc2N1,0,-455.1702843,-455.2613553
17697,O=C1N=C(O)C(=O)C(=O)N1,0,-564.176438,-564.21485
17698,O=C1N=C(O)N[C@@H](O)[C@H]1F,0,-590.5892472,-590.6622852
17699,O=C1N=C(O)[C@H]2CNC[C@H]12,0,-493.4296865,-493.5425675
17700,O=C1N=CC(F)=C[C@H]1F,0,-522.0685581,-522.1123451
17701,O=C1N=CC2(N=N2)C(=O)N1,0,-523.1400529,-523.1788769
17702,O=C1N=CC2=CC=NC2=N1,0,-469.9404282,-469.9942092
17703,O=C1N=CC=C2N=CN=C12,0,-469.9396917,-469.9938037
17704,O=C1N=CN=C2C=CO[C@@H]12,0,-491.0317444,-491.0973324
17705,O=C1N=CN=C2C=NN=C12,0,-485.9513686,-485.9920426
17706,O=C1N=CN=C2NN=C[C@H]12,0,-487.2040973,-487.2700033
17707,O=C1N=NC(C2CC2)=N1,0,-432.9950637,-433.0641427
17709,O=C1N=Nc2ccccc21,0,-453.8994574,-453.9659424
17711,O=C1NC(=O)C2=C1CCC2,0,-476.2318734,-476.3316334
17715,O=C1NC=C2C(=O)NC=C12,0,-491.0855069,-491.1512769
17717,O=C1NC=N[C@H]2NC=N[C@H]12,0,-488.4218955,-488.5132105
17719,O=C1NCC2=C1CC=CC2,0,-440.2719508,-440.3949608
17726,O=C1NCCc2cncn21,0,-472.4071175,-472.5105305
17727,O=C1NCCc2nc[nH]c21,0,-472.4117911,-472.5153511
17729,O=C1NCCc2oncc21,0,-492.2399979,-492.3301699
17731,O=C1NCCn2nncc21,0,-488.4199592,-488.5112312
17733,O=C1NCN=C2N=CN=C12,0,-487.2161289,-487.2823119
17743,O=C1NCc2nccn21,0,-433.0967681,-433.1699821
17745,O=C1NN=C2CCC[C@@H]12,0,-418.1911516,-418.2991796
17749,O=C1N[C@@H]2C=CC=C[C@H]12,0,-400.9324551,-401.0278871
17750,O=C1N[C@@H]2C=CCC[C@H]12,0,-402.1379165,-402.2576095
17755,O=C1N[C@H]2C=C[C@@H]1C2,0,-362.8261667,-362.9200247
17760,O=C1OCC2=C1CCNC2,0,-477.3971757,-477.5221527
17763,O=C1OCC[C@H]2CCN[C@H]12,0,-478.5799499,-478.7278689
17765,O=C1OC[C@@H]2CC=CC[C@H]12,0,-461.3402159,-461.4762449
17771,O=C1OCc2nonc21,0,-488.8052809,-488.8419759
17772,O=C1O[C@@H]2C=CC=C[C@H]1C2,0,-460.1317701,-460.2458831
17773,O=C1O[C@@H]2C=CC[C@H]2[C@H]1O,0,-497.2471637,-497.3587447
17775,O=C1O[C@H](CO)[C@@H](O)[C@H]1O,0,-571.5582781,-571.6654271
17776,O=C1O[C@H](F)[C@@H](F)O1,0,-541.0334785,-541.0622085
17782,O=C1[C@@H]2CNC[C@H]1OC2,0,-439.257117,-439.37842
17785,O=C1[C@H]2CC[C@H]2[C@@H]2C[C@H]12,0,-386.0426668,-386.1739288
17786,O=C1[C@H]2C[C@H]3CO[C@@H]1[C@H]3C2,0,-461.3168169,-461.4553659
17787,O=CC#CC(F)(F)F,0,-527.8498355,-527.8574275
17788,O=CC(=O)/C=C\[C@H](O)CO,1,-534.3846598,-534.4867598
17791,O=CC(=O)c1cnccn1,0,-491.0497342,-491.1108142
17792,O=CC(C=O)C1CCCC1,0,-462.5198553,-462.6699563
17793,O=CC(C=O)c1ncc[nH]1,0,-492.2566869,-492.3400919
17794,O=CC(O)(O)C=O,0,-417.6900406,-417.7332906
17795,O=CC1(C(F)F)CCC1,0,-508.4039667,-508.5040127
17796,O=CC1(n2nccn2)CC1,0,-472.3138244,-472.4092764
17797,O=CC12C3C4C5C3C1C5C42,0,-422.8116983,-422.9231133
17798,O=CC12CCC(CC1)CC2,0,-426.5866687,-426.7692457
17800,O=CC1=NOC2(COC2)C1,0,-513.2363265,-513.3306545
17803,O=CC1=NO[C@H]2CCC[C@H]12,0,-477.3084947,-477.4307597
17804,O=CC1C2(CC2)C12CC2,0,-385.9805359,-386.1054909
17805,O=CC1CC(C(F)(F)F)C1,0,-607.7001537,-607.7906027
17806,O=CC1CC2(CCCC2)C1,0,-426.5583887,-426.7359617
17807,O=CCC(=O)CC=O,0,-419.8637875,-419.9326205
17808,O=CCCC(F)(F)F,0,-530.3183414,-530.3755824
17809,O=CCCC1OCCO1,0,-460.3388813,-460.4655683
17810,O=CCCCCC1CC1,1,-388.4434398,-388.6121078
17811,O=CCCOC1CCCC1,0,-463.7030021,-463.8770091
17812,O=CCC[C@H]1CC=CCC1,0,-426.5735572,-426.7505722
17814,O=CCCc1cnoc1,0,-438.0410426,-438.1319416
17815,O=CCCc1nc[nH]n1,0,-434.2594653,-434.3510633
17816,O=CC[C@H]1CCCC12CC2,0,-426.5505086,-426.7284786
17824,O=CNC(=O)/C=C\C(=O)O,0,-549.3198251,-549.3881531
17826,O=CNC1=CCCCC1,0,-403.3527793,-403.4936213
17836,O=CON1C(=O)CCC1=O,0,-549.2766587,-549.3471507
17838,O=CO[C@@H]1C=CCOCC1,0,-498.4469154,-498.5789144
17840,O=C[C@@H](F)[C@H](O)[C@H](O)CO,1,-596.7576577,-596.8716977
17841,O=C[C@@H](O)[C@H](O)C=O,0,-456.9867121,-457.0586741
17843,O=C[C@@H]1CC[C@H](C=O)O1,0,-459.1477277,-459.2479787
17844,O=C[C@@H]1CC[C@H]2C[C@@H]1CO2,0,-462.5146271,-462.6740571
17845,O=C[C@@H]1C[C@H]1c1ccco1,0,-460.10044,-460.208351
17848,O=C[C@@H]1[C@H]2CCOC[C@@H]12,0,-423.1836925,-423.3132315
17850,O=C[C@H](O)/C(O)=C(\O)CO,0,-571.5267808,-571.6300188
17851,O=C[C@H](O)CN1CCCC1,0,-479.7571199,-479.9217369
17853,O=C[C@H]1CCN(C2CC2)C1,0,-442.5895678,-442.7563208
17854,O=C[C@H]1CN2CCC1CC2,0,-442.620317,-442.791907
17855,O=C[C@H]1Cc2ccccc21,0,-422.9811625,-423.0920395
17856,O=Cc1c(F)ncnc1F,0,-576.2745124,-576.3121554
17859,O=Cc1cc(=O)[nH]cc1F,0,-536.1867778,-536.2482688
17865,O=Cc1cc(C2CC2)no1,0,-476.1241711,-476.2194851
17879,O=Cc1ccc(F)nc1F,0,-560.2294213,-560.2789123
17880,O=Cc1ccc(O)c(F)c1,0,-520.1381454,-520.2114584
17881,O=Cc1ccc(O)nn1,0,-452.9400822,-452.9987992
17882,O=Cc1ccc2n1CCC2,0,-440.2646469,-440.3891889
17883,O=Cc1cccc(CF)n1,0,-500.2459028,-500.3306808
17888,O=Cc1ccn(CCF)n1,0,-517.4698088,-517.5648428
17890,O=Cc1ccnn1C1CC1,0,-456.2688371,-456.3783211
17894,O=Cc1cn(CCO)nn1,0,-509.4727437,-509.5688357
17895,O=Cc1cn2c(n1)CCC2,0,-456.3212641,-456.4338481
17896,O=Cc1cncc(F)c1O,0,-536.1911544,-536.2542304
17898,O=Cc1cnn(C(F)F)c1,0,-577.449662,-577.508501
17899,O=Cc1cnn2c1CCC2,0,-456.3048644,-456.4174474
17900,O=Cc1coc(C(=O)O)c1,0,-532.0408576,-532.1014266
17901,O=Cc1coc(C(F)F)n1,0,-597.3336635,-597.3798935
17902,O=Cc1cocc1CO,0,-457.9582834,-458.0399864
17905,O=Cc1nc(C2CC2)n[nH]1,0,-472.3433715,-472.4412845
17907,O=Cc1nc[nH]c1C(=O)O,0,-528.2469673,-528.3109153
17911,O=Cc1noc2c1CCC2,0,-476.1433208,-476.2422028
17913,O=Cc1occc1C1CC1,0,-460.098969,-460.207422
17915,O=N/C=C1/C=CC=CN1,0,-416.9479383,-417.0313223
17916,O=NC(=O)C1=CNC=CN1,0,-508.2185975,-508.2904945
17917,O=NC(F)(F)F,0,-467.6717898,-467.6635778
17918,O=NC1=C(NO)CCCC1,0,-494.5259922,-494.6574952
17920,O=NCNCCO,0,-379.0275683,-379.1192463
17923,O=NN1CCC(=O)NC1=O,0,-545.4227892,-545.4952902
17925,O=NN1CCCCCC1=O,0,-494.5800931,-494.7111041
17927,O=NNc1ccncc1,0,-433.0093722,-433.0803962
17930,O=Nc1c[nH]c(=O)[nH]c1=O,0,-544.2383012,-544.2888522
17931,O=Nc1ccc(N=O)cc1,0,-490.9279605,-490.9885425
17932,O=Nc1cccnc1N=O,0,-506.9650205,-507.0119825
17933,O=c1[nH]c(O)nnc1F,0,-530.1777905,-530.2122765
17934,O=c1[nH]c2c([nH]1)CNCC2,0,-473.5887596,-473.7143686
17935,O=c1[nH]c2c([nH]1)NON2,0,-486.1384629,-486.1985639
17941,O=c1[nH]ccc2[nH]cnc12,0,-471.2199026,-471.3001496
17945,O=c1[nH]ccc2c1OCC2,0,-476.2130557,-476.3144457
17954,O=c1[nH]cnc2c1CN=N2,0,-487.2212322,-487.2879682
17956,O=c1[nH]cnc2cn[nH]c12,0,-487.2588184,-487.3278524
17957,O=c1[nH]cnc2n[nH]nc12,0,-503.2949331,-503.3524781
17958,O=c1[nH]cnc2ncnn12,0,-503.3155502,-503.3724232
17960,O=c1[nH]cnn2cncc12,0,-487.2421709,-487.3103129
17962,O=c1[nH]nc2ccccn12,0,-471.195112,-471.274982
17966,O=c1[nH]ncn2cccc12,0,-471.1808347,-471.2602497
17970,O=c1c(=O)c2ccccc12,0,-457.7431374,-457.8083114
17971,O=c1c(O)c(O)c(=O)c1=O,0,-567.9691135,-568.0057855
17972,O=c1c(O)c[nH]cc1F,0,-498.0771357,-498.1359327
17973,O=c1c2c(c1=O)NCCN2,0,-492.2348847,-492.3229327
17974,O=c1cc(CO)[nH]cc1O,0,-513.3551391,-513.4534581
17975,O=c1cc(CO)ccn1O,0,-513.3055804,-513.4019614
17976,O=c1cc(F)[nH]c(F)c1,0,-522.1066488,-522.1515198
17977,O=c1cc(NO)[nH]c(=O)[nH]1,0,-545.4640117,-545.5387507
17978,O=c1cc(O)oc(CO)c1,0,-533.2159548,-533.2994708
17979,O=c1cc2c(c[nH]1)CCN2,0,-456.344312,-456.458945
17980,O=c1cc2c(n[nH]1)CCC2,0,-456.3201714,-456.4341074
17981,O=c1cc2ccccn2[nH]1,0,-455.1093816,-455.1998866
17982,O=c1cc[nH]c(C(F)F)c1,0,-561.4163834,-561.4894804
17983,O=c1cc[nH]c2c1CCC2,0,-440.2772342,-440.4028262
17984,O=c1cc[nH]c2ccnn12,0,-471.181054,-471.260361
17985,O=c1cc[nH]c2ccoc12,0,-475.0082359,-475.0871149
17986,O=c1cc[nH]c2nccn12,0,-471.2103674,-471.2902734
17987,O=c1cc[nH]n2cccc12,0,-455.0905444,-455.1807324
17988,O=c1ccc(=O)n(CO)[nH]1,0,-529.3857562,-529.4711042
17989,O=c1ccc(CCO)c[nH]1,0,-477.4166792,-477.5375572
17990,O=c1ccc2[nH]ccc2[nH]1,0,-455.1555034,-455.2468184
17991,O=c1ccc2c([nH]1)NCC2,0,-456.3387409,-456.4531929
17992,O=c1ccc2cn[nH]c2[nH]1,0,-471.1947355,-471.2744675
17993,O=c1ccc2nccn2[nH]1,0,-471.1661962,-471.2440762
17994,O=c1cccc2n1CCN2,0,-456.3402761,-456.4549551
17995,O=c1ccccc(O)c1O,0,-496.0940896,-496.1814416
17996,O=c1ccccn1CCO,0,-477.4124377,-477.5348927
17997,O=c1ccn2[nH]ccc2n1,0,-471.1507734,-471.2290934
17998,O=c1ccnc2nc[nH]n12,0,-487.237108,-487.304157
17999,O=c1ccnc[nH]1,0,-339.6263228,-339.6798108
18000,O=c1nc(NF)cc[nH]1,0,-494.200736,-494.259162
18001,O=c1ncc2c([nH]1)CNC2,0,-472.3785355,-472.4810425
18002,O=c1nccc2[nH]ccn12,0,-471.2023417,-471.2814677
18003,O=c1ncn2nccc2[nH]1,0,-487.2427262,-487.3102892
18004,O=c1ncnc2cc[nH]n12,0,-487.237607,-487.304511
18005,O=c1nn[nH]c2nc[nH]c12,0,-503.2627128,-503.3179978
18007,OC/C(F)=C1/CCCNC1,0,-503.7828071,-503.9372751
18009,OC1(c2c[nH]nn2)CNC1,0,-489.5531655,-489.6639505
18013,OC1(c2ncc[nH]2)CCC1,0,-457.4912134,-457.6242514
18015,OC1=C(O)c2ccccc21,0,-458.8795597,-458.9653537
18018,OCC#Cc1cncnc1,0,-455.0705606,-455.1541536
18020,OCC(CO)=NO,0,-398.9473397,-399.0282127
18021,OCC1(CO)CC=CC1,0,-424.3955525,-424.5470855
18022,OCC1(CO)CCC=CO1,0,-499.6366045,-499.7927245
18023,OCC1=C(CO)CC=CC1,0,-462.4964862,-462.6516412
18024,OCC1=C(O)C[C@@H](O)O1,0,-496.2782156,-496.3807196
18025,OCC1=Cc2ccccc21,0,-422.9285181,-423.0386531
18026,OCC1CCC=CCC1,0,-388.4560399,-388.6313869
18027,OCC=C1CCCCCC1,0,-427.7596746,-427.9621176
18028,OCCC#Cc1cn[nH]c1,0,-456.252221,-456.358669
18029,OCCCC1=CCC=CC1,0,-426.5619541,-426.7405141
18030,OCCCCn1ccnc1,0,-458.6951282,-458.8512652
18031,OCCCc1ccnnc1,1,-457.4762492,-457.6069242
18043,OCCc1nccnn1,0,-434.229152,-434.322662
18044,OCCn1ccnc1CO,0,-494.6395797,-494.7730827
18049,OC[C@H](O)Cn1cccc1,0,-478.5735229,-478.7169979
18052,OC[C@H]1NCc2[nH]ncc21,0,-473.521797,-473.646092
18054,OCc1[nH]nc2c1CCC2,0,-457.485522,-457.620764
18056,OCc1c[nH]c(C2CC2)n1,0,-457.4867514,-457.6182534
18061,OCc1cc2n(n1)CCO2,0,-493.4064954,-493.5170634
18069,OCc1ccn(C2CC2)n1,1,-457.4575488,-457.5884778
18071,OCc1ccoc1C(F)F,0,-582.4624325,-582.5440715
18074,OCc1cnc2n1CCC2,0,-457.5065961,-457.6423031
18077,OCc1coc(CO)c1,0,-459.1417067,-459.2437227
18078,OCc1coc(CO)n1,0,-475.210396,-475.30041
18084,OCc1nnc(C2CC2)o1,0,-493.3975108,-493.5034408
18085,OCc1nnn2c1CCC2,0,-473.5262416,-473.6491116
18089,ON=C(C1CC1)C1CC1,0,-403.2311849,-403.3680039
18090,ON=C1CCCC[C@@H]1NO,0,-495.7367398,-495.8926948
18091,ON=C1COCO1,0,-397.7373082,-397.7977572
18092,ON=C[C@H]1CCCO1,1,-401.1076934,-401.2176764
18094,ON=Cc1ccccc1F,0,-500.1922399,-500.2769049
18097,O[C@@H]1C(F)=CC=C[C@@H]1O,0,-483.1717134,-483.2638004
18099,O[C@@H]1C=C[C@H]2C[C@@H]2CCC1,0,-426.524913,-426.705737
18100,O[C@@H]1CC/C=C/CCC1,0,-388.4276821,-388.6041911
18101,O[C@@H]1CC=CCCOC1,0,-424.3836985,-424.5369755
18102,O[C@@H]1CCC1=C1CCC1,0,-387.2094737,-387.3586507
18103,O[C@@H]1CCCc2c[nH]nc21,0,-457.5015423,-457.6385413
18108,O[C@@H]1CCc2nc[nH]c2C1,0,-457.5205774,-457.6578914
18112,O[C@@H]1Cc2cccc(F)c21,0,-484.1495405,-484.2481485
18114,O[C@@H]1[C@H](O)[C@@H](O)C=C[C@H]1O,0,-535.5868413,-535.7174393
18115,O[C@@]12C=C[C@H](CCCC1)O2,0,-462.41757,-462.577258
18117,O[C@H]1C/C=C\CCCCC1,0,-427.7522733,-427.9565193
18118,O[C@H]1C=CC=CCC=CC1,0,-425.3355927,-425.4921737
18119,O[C@H]1C=CCCCC[C@@H]1O,1,-463.6958721,-463.8767311
18120,O[C@H]1C=CN=CN1,0,-340.7839206,-340.8595056
18121,O[C@H]1C=C[C@@H]2C[C@@H]2[C@H]2C[C@H]21,0,-425.3096205,-425.4683725
18122,O[C@H]1C=C[C@H](F)C1,0,-369.8296491,-369.9132681
18124,O[C@H]1CCC2=CCC[C@H]21,0,-387.2634798,-387.4178918
18125,O[C@H]1CCC[C@]12C=CCO2,0,-462.5026783,-462.6591323
18128,O[C@H]1CC[C@H]1n1ccnc1,1,-457.4762039,-457.6100829
18134,O[C@H]1COc2nccn2C1,0,-493.4359131,-493.5490261
18137,O[C@]1(C(F)(F)F)CC=NO1,0,-659.6692995,-659.7251405
18138,Oc1[nH]cc2ncccc12,0,-455.1226065,-455.2120065
18140,Oc1cc(C(F)(F)F)no1,0,-658.4813287,-658.5136507
18141,Oc1cc(C(F)F)[nH]n1,0,-539.345066,-539.400613
18143,Oc1cc(C2CNC2)on1,0,-493.3683126,-493.4780086
18145,Oc1cc(F)c(O)c(F)c1,0,-581.2963667,-581.3558817
18150,Oc1cc2cc[nH]c2cn1,0,-455.1513215,-455.2424535
18151,Oc1cc2ccccc2o1,0,-458.9624645,-459.0523155
18152,Oc1cc2n(n1)CCCC2,0,-457.5064715,-457.6437615
18157,Oc1ccc(F)c(O)c1F,0,-581.2967399,-581.3567309
18168,Oc1ccc2nncn2c1,0,-471.161874,-471.239875
18169,Oc1ccc2ocnc2c1,0,-475.021476,-475.100136
18171,Oc1cccc2[nH]ccc12,0,-439.0907616,-439.1928836
18176,Oc1cccc2c1OCO2,0,-496.0768189,-496.1652399
18178,Oc1cccc2ccoc12,0,-458.9586477,-459.0489287
18180,Oc1cccc2n[nH]nc12,0,-471.1677578,-471.2479948
18186,Oc1cccn2nnnc12,0,-487.1985574,-487.2655874
18187,Oc1ccn2nccc2c1,0,-455.1178056,-455.2087086
18188,Oc1ccn2ncnc2n1,0,-487.2386086,-487.3063976
18194,Oc1ccnn2cccc12,0,-455.105581,-455.195854
18195,Oc1cn2ccccc2n1,0,-455.1400812,-455.2311952
18197,Oc1cnc(CF)cc1O,0,-537.3857428,-537.4693708
18200,Oc1cnc2[nH]cnc2c1,0,-471.2052166,-471.2846246
18202,Oc1cnc2ccnn2c1,0,-471.1612103,-471.2398653
18205,Oc1cncc2cc[nH]c12,0,-455.1406508,-455.2315348
18208,Oc1cnn(CC2CC2)c1,0,-457.4531775,-457.5843835
18209,Oc1cnn2c1CNCC2,0,-473.5348743,-473.6600673
18210,Oc1cnnc2[nH]ccc12,0,-471.1667543,-471.2456603
18212,Oc1coc2ccccc12,0,-458.952877,-459.04151
18220,Oc1nc2cccnc2o1,0,-491.085738,-491.153571
18221,Oc1ncc(O)c(O)n1,0,-490.1278036,-490.1870956
18223,Oc1nccc2nccn12,0,-471.202127,-471.28199
18226,Oc1ncnc(CF)c1F,0,-577.4702745,-577.5308955
18227,Oc1ncnc2nncn12,0,-503.2852145,-503.3410065
18230,Oc1nnc2n1NCCC2,0,-489.5734806,-489.6868286
18231,Oc1nncc2c[nH]nc12,0,-487.2014278,-487.2693528
18232,Oc1nncc2ccnn12,0,-487.1969315,-487.2641885
18233,Oc1nncc2occc12,0,-491.0393356,-491.1061276
18234,Oc1nncn2nccc12,0,-487.1913742,-487.2576822
18235,Oc1nnnc2n[nH]cc12,0,-503.2171623,-503.2716823
18236,Oc1nnnn1C1CCC1,0,-489.5531353,-489.6627683
18237,Oc1noc2c1CCNC2,0,-493.4018488,-493.5149748
18241,c1[nH]cc2c1OCCCO2,0,-477.3565568,-477.4812518
18244,c1[nH]nc2c1CNCCC2,0,-437.6012588,-437.7519268
18245,c1[nH]nc2c1NCCCC2,0,-437.6063486,-437.7567376
18246,c1c/c(=N/C2CC2)cn[nH]1,0,-436.3568761,-436.4780231
18252,c1c[nH]c([C@H]2CCOC2)n1,0,-457.5021629,-457.6385789
18253,c1cc(C2=NCCN2)co1,0,-456.2916665,-456.4039085
18256,c1cc(CNC2CC2)co1,0,-441.3856603,-441.5290473
18260,c1cc2c([nH]1)CCCNC2,0,-421.5549477,-421.7167577
18265,c1cc2c(o1)CNCC2,0,-402.1235912,-402.2454582
18266,c1cc2cc[nH]c2nn1,0,-395.9182553,-395.9942083
18269,c1cc2cnccn2c1,0,-379.8736182,-379.9614272
18270,c1cc2cnncc2o1,0,-415.7788523,-415.8421983
18295,c1ccc2cnccc2c1,0,-401.9586361,-402.0637001
18298,c1ccc2nncnc2c1,0,-434.0272675,-434.1077775
18299,c1ccc2nocc2c1,0,-399.7190648,-399.7943028
18302,c1ccn(CC[C@H]2CO2)c1,1,-441.401968,-441.545342
18304,c1ccn2nncc2c1,0,-395.9062492,-395.9822022
18307,c1cn(CC2CNC2)nn1,1,-453.6030535,-453.7367005
18311,c1cn2c(n1)NCCCC2,0,-437.6256136,-437.7764156
18327,c1cnc2c(n1)NCCN2,0,-452.5031077,-452.6190857
18330,c1cnc2ccoc2c1,0,-399.7630493,-399.8389693
18332,c1cnc2n[nH]nc2n1,0,-428.013037,-428.06681
18335,c1cnc2ncncc2n1,0,-450.1075103,-450.1769423
18344,c1cnn2nnnc2n1,0,-444.0128254,-444.0525374
18347,c1coc(C2=NCCC2)c1,0,-440.238536,-440.361809
18361,c1nc([C@H]2CCNC2)no1,0,-473.5183448,-473.6419738
18365,c1nc2cnncc2[nH]1,0,-411.9722239,-412.0365359
18367,c1ncc([C@@H]2CCCO2)[nH]1,0,-457.5016859,-457.6370819
18369,c1ncc2[nH]cnc2n1,0,-412.0075944,-412.0727564
18374,c1ncc2ncoc2n1,0,-431.8794967,-431.9323027
18377,c1ncn2c1CCNCC2,0,-437.6108922,-437.7614142
