index,Diene,Diene_Index,Ene,Ene_Index,Product,Unreverse,Title,Structure_Id,Diene_Distort_p,Ene_Distort_p,Interaction_p,G_E_p,deltaEa_dimp,deltaGa_dimp,Times_1_Diene_Distort_var,Times_1_Distort_var,Times_1_Interaction_var,Times_1_Ene_Distort_var,Times_1_G_mean,Times_2_Diene_Distort_var,Times_2_Ene_Distort_var,Times_2_Interaction_var,Times_2_G_mean,deltaG_pred,deltaG_p,deltaGa_p,deltaGa(Solvent)_p
12601,c1nncnn1,5944,O=C1C[C@@H]2C=C[C@@H]2N1,17666,[H]N1C(=O)C([H])([H])[C@]2([H])C3([H])C4([H])N=NC([H])(N=N4)C3([H])[C@]12[H],0,0 3 4 5 8 0,1,18.00451677588852,8.851620737574436,19.29746185626753,15.171842922634264,8.187766434305978,23.35960935694024,0.0031879874425363,0.0237664639717996,0.003674122509524,0.0237664639717996,-7.302486077495928,0.0111923814873208,0.0184049201196275,0.026787804416954,-6.122162461378771,-4.882165456730117,-5.591463234330185,24.213678812716395,21.7103410009535
17517,c1nncnn1,5944,O[C@@H]1CC/C=C/CCC1,18100,[H]O[C@@]1([H])C([H])([H])C([H])([H])C([H])([H])C2([H])C3([H])N=NC([H])(N=N3)C2([H])C([H])([H])C1([H])[H],0,0 3 6 5 8 0,1,15.679657403964184,3.078813747578872,17.88861853165703,15.013681538192326,1.129985636751556,16.143667174943882,0.0344917070590426,0.0518026434154249,0.0170603309297034,0.0518026434154249,-18.6158013412288,0.0507932468530385,0.0134444075426514,0.0084188645060054,-15.254178947050733,-14.958513879976891,-13.816980322355649,17.771449557687625,15.318834236280445
17622,c1nncnn1,5944,O[C@@]12C=C[C@H](CCCC1)O2,18115,[H]O[C@]12O[C@@]([H])(C([H])([H])C([H])([H])C([H])([H])C1([H])[H])C1([H])C3([H])N=NC([H])(N=N3)C12[H],1,0 3 2 3 8 1,0,18.11396680115134,9.85291579336994,22.56309766177105,15.274584882615333,7.916410894098306,23.19099577671364,0.0112115337292875,0.0097781809016618,0.0106529744300623,0.0097781809016618,-13.145509460090947,0.0056937609676159,0.0106575821012017,0.0212021383552848,-12.530332384547044,-8.00779491833655,-7.784160836746544,23.086593101114254,20.843253815469545
20359,c1nncnn1,5944,C1=CCNC1,12046,[H]N1C([H])([H])C2([H])C3([H])N=NC([H])(N=N3)C2([H])C1([H])[H],1,0 3 0 1 8 1,0,18.61705609126829,8.941590281548391,20.513197343984004,15.42894308778693,7.52445271764142,22.95339580542835,0.0859658522833124,0.0731898226222578,0.0846125327679459,0.0731898226222578,-4.038525391893252,0.0878953977197013,0.029232316551673,0.112196496621882,-4.03312455288706,-3.473912092431448,-5.023004709894813,22.43614930923805,19.85284691520899
20408,c1nncnn1,5944,C1=C[C@H]2NC[C@@H]2C1,12063,[H]N1C([H])([H])[C@]2([H])C([H])([H])C3([H])C4([H])N=NC([H])(N=N4)C3([H])[C@@]12[H],0,0 3 0 1 8 0,1,17.937422931387648,8.744324443935767,20.468664551293635,15.085470525693472,5.923910642522756,21.00938116821623,0.0160503338408386,0.0232917587838204,0.0173963093310951,0.0232917587838204,-8.083804483672687,0.0100401677515079,0.0143885391628221,0.0394683638908649,-8.053051336645972,-7.9825054741559,-5.894926675634544,21.91090658036228,20.457296098638498
20725,c1nncnn1,5944,C=CC1OCCO1,12186,[H]C1([H])OC([H])(C2([H])C3([H])N=NC([H])(N=N3)C2([H])[H])OC1([H])[H],1,0 3 0 1 8 1,0,18.53182860856809,9.499306102293817,18.71637504462249,15.163578616849886,8.689700825095443,23.85327944194533,0.0095188264947094,0.0432143414988911,0.035656864690841,0.0432143414988911,-6.38240858573613,0.0079799627485746,0.0282455436395927,0.0205366732224053,-6.813530778727973,-4.754048573846589,-5.889194714490497,25.41342685300464,23.97564340550192
21552,c1nncnn1,5944,NC(=O)[C@@H]1C=CCN1,13129,[H]N([H])C(=O)[C@@]1([H])N([H])C([H])([H])C2([H])C3([H])N=NC([H])(N=N3)C21[H],0,0 3 4 5 8 0,1,18.55565582428349,9.741414477300808,20.803040401540457,15.633295858495725,7.882235324431164,23.515531182926885,0.0084256690556863,0.0171016759485831,0.0121316277913447,0.0171016759485831,-3.71292886381255,0.0125565869174895,0.0191302706436716,0.033756826275875,-3.636492571366901,-2.6787181121127226,-5.490930060206335,23.90008962238779,21.914942062070715
23401,c1nncnn1,5944,C1=C[C@@H]2CC[C@H]3C=CC1C23,13779,[H]C1=C([H])[C@]2([H])C([H])([H])C([H])([H])[C@@]3([H])C4([H])C5([H])N=NC([H])(N=N5)C4([H])[C@@]1([H])[C@@]32[H],1,0 3 0 1 8 1,0,17.56191114335507,9.10033933620117,20.81409430087182,15.425798634475187,5.741714242296791,21.16751287677198,0.0223751072938315,0.0271544426198897,0.0199595408028576,0.0271544426198897,-11.347294449116248,0.0259159404090444,0.0199732228548306,0.0138840389085044,-12.939798950286878,-11.482918319721136,-10.485341767503511,21.751200617949166,18.230596476966795
23512,c1nncnn1,5944,C1=C[C@H]2C[C@@H]1[C@H]1CNC[C@H]12,13790,[H]N1C([H])([H])[C@@]2([H])[C@@]3([H])C4([H])C5([H])N=NC([H])(N=N5)C4([H])[C@]([H])(C3([H])[H])[C@@]2([H])C1([H])[H],0,0 3 0 1 8 0,1,17.93726983959401,8.240716156008467,20.58262133711247,15.21398644882656,5.767246500921811,20.98123294974837,0.0010057831495117,0.004402387642515,0.0009601600249002,0.004402387642515,-9.733374266455217,0.0009390270780283,0.0141922794874473,0.0088147355697997,-8.205792639295524,-6.173397008175797,-5.122669781361161,21.54039980336852,20.10994235218071
23517,c1nncnn1,5944,C1=C[C@H]2O[C@@H]2CCC1,13793,[H]C12N=NC([H])(N=N1)C1([H])C2([H])C([H])([H])C([H])([H])C([H])([H])[C@@]2([H])O[C@]12[H],1,0 3 0 1 8 1,0,18.037765797747472,9.913336604606531,20.60946540822644,15.361624706721562,8.027090801353303,23.388715508074867,0.0302294748880541,0.0226726179191525,0.0708005522485968,0.0226726179191525,-7.130708628340301,0.0536333632917393,0.0149833065613507,0.0589306215390357,-6.72038778555914,-5.970670625433119,-6.186093075645363,23.444503086705893,21.29813667345249
25177,c1nncnn1,5944,C=CCC#CCCCC,13989,[H]C([H])([H])C([H])([H])C([H])([H])C([H])([H])C#CC([H])([H])C1([H])C2([H])N=NC([H])(N=N2)C1([H])[H],0,0 3 0 1 8 0,1,18.50154731188624,9.737354205041314,20.35313712322368,16.700460978597924,6.9686477401958165,23.66910871879374,0.0083263214019953,0.0373413494645396,0.0275707972360468,0.0373413494645396,-5.005889624297112,0.0387790972321375,0.0427041146236481,0.3076004244801298,-4.523340729241788,-4.986314544338665,-5.304491308833395,24.486897882851856,22.82868376218522
25846,c1nncnn1,5944,C=CC[C@@H]1COCCO1,14046,[H]C1([H])OC([H])([H])[C@@]([H])(C([H])([H])C2([H])C3([H])N=NC([H])(N=N3)C2([H])[H])OC1([H])[H],1,0 3 0 1 8 1,0,18.25391531020836,9.775537698913904,18.901818704457103,15.335752271185658,9.227284178839296,24.56303645002496,0.0081403788669645,0.1107090270053546,0.0774961799415242,0.1107090270053546,-5.43030426892512,0.0052887513540569,0.0814244894277279,0.1786030190148903,-4.551660232335678,-4.912843385815165,-5.119077012699179,24.47895345478782,23.224672232541224
32306,c1nncnn1,5944,C[C@@H]1C=C[C@H]2C[C@@H](O)[C@H]12,15683,[H]O[C@]1([H])C([H])([H])[C@]2([H])C3([H])C4([H])N=NC([H])(N=N4)C3([H])[C@@]([H])(C([H])([H])[H])[C@]21[H],0,0 3 2 3 8 0,1,18.29384446180962,9.340391069617189,21.14212189238462,15.259407257704282,4.71364327245767,19.973050530161952,0.0064279024258699,0.0229166950047324,0.0095876827671889,0.0229166950047324,-9.634747222208986,0.0074534516266941,0.0394925041782402,0.0162566864506186,-9.564175926862228,-9.299793548717638,-6.209263397794107,22.68967914018343,21.02025952975617
21004,c1cnncn1,11875,O[C@@H]1CC/C=C/CCC1,18100,[H]O[C@@]1([H])C([H])([H])C([H])([H])C([H])([H])C2([H])C3([H])N=NC([H])(C([H])=N3)C2([H])C([H])([H])C1([H])[H],1,4 1 5 6 9 1,10,19.15934245553324,6.2408738330811815,18.519167382726923,15.187860875570548,5.6226617375826216,20.810522613153168,0.0511582346802236,0.076340276878782,0.0426897653062629,0.076340276878782,-7.897784353774149,0.0863332829558989,0.0461314371343481,0.0305540344845902,-6.190533259977414,-5.640944583450938,-5.125993884997609,24.45666070236444,23.43170252370892
8139,C/C(=C\N=O)NO,11985,C1=CNCC1,12052,[H]ON([H])C1(C([H])([H])[H])C([H])=NOC2([H])N([H])C([H])([H])C([H])([H])C21[H],0,1 4 0 1 13 0,1,21.08631129668761,5.305756068176963,16.65018983734581,15.331397684553476,9.723731744519252,25.05512942907273,0.0353974058361278,0.0850814372480949,0.1650547780672469,0.0850814372480949,-13.08205158146948,0.0206174273904047,0.0862934193281514,0.4995961207046234,-13.248573769322585,-11.607649521671746,-11.230059091274398,24.37804232074762,23.88736509038092
7000,C=C/C=C/CC(=O)O,12113,O[C@@H]1CC/C=C/CCC1,18100,[H]OC(=O)C([H])([H])C1([H])C([H])=C([H])C([H])([H])C2([H])C([H])([H])C([H])([H])C([H])([H])[C@]([H])(O[H])C([H])([H])C([H])([H])C12[H],1,0 3 5 6 16 1,2,15.115017572493793,4.924169136578092,14.214327492286513,16.006783500125444,6.229723354179329,22.23650685430477,0.1183093954708989,0.0650144459347942,0.1532032972090241,0.0650144459347942,-32.11683873182234,0.0878614576348869,0.0501229640801202,0.0691668348402756,-31.84086182015369,-31.073753735545345,-31.99615818647237,24.05914129691818,23.863195203478405
14002,Cc1coc(C=O)n1,12827,O[C@@H]1CC/C=C/CCC1,18100,[H]O[C@@]1([H])C([H])([H])C([H])([H])C([H])([H])C2([H])C3(C([H])=O)N=C(C([H])([H])[H])C([H])(O3)C2([H])C([H])([H])C1([H])[H],1,4 2 5 6 13 1,6,18.67499521242025,4.03768494662962,18.366235824959823,15.07154235364987,5.533697007264617,20.60523936091449,0.0536922907834102,0.0479967024461942,0.0352599167822349,0.0479967024461942,-6.357855775240715,0.1019609912393591,0.0719611145587189,0.0556077531025727,-6.700686520137964,-6.303145817734418,-6.0886430138672765,22.901393762452766,21.94490857877273
17517,Cc1nnc(C)nn1,12881,O[C@@H]1CC/C=C/CCC1,18100,[H]O[C@@]1([H])C([H])([H])C([H])([H])C([H])([H])C2([H])C3(C([H])([H])[H])N=NC(C([H])([H])[H])(N=N3)C2([H])C([H])([H])C1([H])[H],0,1 4 6 5 14 0,1,18.92713537792817,4.2422419596141765,19.58403785066592,17.205971052821475,3.075044671488662,20.281015724310137,0.0383727641779779,0.064218241242931,0.0231725507712077,0.064218241242931,-11.322298824929504,0.1777743532242566,0.0231370608196684,0.0314293388221669,-8.795609458847778,-8.054363585800793,-6.483244370961447,22.425668403408885,21.73621559056419
1139,N#CC(=N)C(=N)C#N,13033,NC1=C2NC=CN2CC=C1,16891,[H]C1=C([H])C([H])([H])N2C(=C1N([H])[H])N([H])C1([H])N([H])C(C#N)=C(C#N)N([H])C21[H],0,3 5 4 5 10 0,3,14.149174220579823,6.868003185043335,17.584065269877946,15.368341068942684,2.0140671454327297,17.382408214375417,0.001064387,0.006007336,0.00038895,0.006007336,-26.18143668,0.003081674,0.000632462,0.001082582,-28.20621796,-25.803506674660547,-18.237065479829266,19.92988285643141,18.965535576839496
3521,N#CC(=N)C(=N)C#N,13033,O[C@@H]1CC/C=C/CCC1,18100,[H]O[C@@]1([H])C([H])([H])C([H])([H])C([H])([H])C2([H])N([H])C(C#N)=C(C#N)N([H])C2([H])C([H])([H])C1([H])[H],0,3 5 6 5 10 0,1,10.416152794448983,3.8775983020735776,7.858532797143727,14.655472600442607,4.6449087668577285,19.300381367300336,0.002501182,0.003565405,0.004426954,0.003565405,-38.87453654,0.003558111,0.005081238,0.000185923,-36.52242091,-36.619619481571135,-34.27345550571008,22.47360818987469,21.04673446421663
4695,N#CC(=N)C(=N)C#N,13033,C1=CN2CCNC[C@H]2N1,13773,[H]N1C([H])([H])C([H])([H])N2C3([H])N([H])C(C#N)=C(C#N)N([H])C3([H])N([H])[C@]2([H])C1([H])[H],1,3 5 0 1 10 1,0,12.082817796739953,6.105670472181981,13.20365935771975,14.057887107663229,3.0509488613395668,17.108835969002794,0.01113993,0.021785374,0.003791894,0.021785374,-28.17525566,0.007962653,0.00889923,0.001463454,-28.01890162,-27.71924528819688,-27.33148542567465,17.386559296322513,16.75809895814354
4537,O=C(O)/N=N/C(=O)O,13337,NC1=C2NC=CN2CC=C1,16891,[H]OC(=O)N1N=C(O[H])OC2([H])N3C(=C(N([H])[H])C([H])=C([H])C3([H])[H])N([H])C12[H],0,0 4 5 4 10 0,7,15.22444829647673,8.078679132790475,25.64852555251253,16.545073444906354,0.106822399710321,16.651895844616675,0.0215448495174048,0.0331427861478848,0.0011077097330063,0.0331427861478848,-19.08435352862553,0.0051990285236356,0.0145237670621649,0.0054781770819695,-20.236449158398045,-20.21568118953634,-13.267649495620349,16.37104272910141,17.96978003847327
14001,O=C(O)/N=N/C(=O)O,13337,O[C@@H]1CC/C=C/CCC1,18100,[H]OC(=O)N1N=C(O[H])OC2([H])C([H])([H])C([H])([H])C([H])([H])[C@]([H])(O[H])C([H])([H])C([H])([H])C12[H],0,3 6 6 5 10 0,5,10.94815968986892,4.462286529016401,13.432268219259829,15.7775277105049,1.811170745413096,17.588698455917996,0.0148185452772458,0.0249196160725766,0.0124715665748588,0.0249196160725766,-35.9752040756661,0.032760974435814,0.0259611779007357,0.0063878766529748,-34.959161263187085,-32.75212197970278,-30.32735089877191,18.21801619755178,19.21043367131545
18623,O=C(O)/N=N/C(=O)O,13337,C1=CN2CCNC[C@H]2N1,13773,[H]OC(=O)N1N=C(O[H])OC2([H])N3C([H])([H])C([H])([H])N([H])C([H])([H])[C@@]3([H])N([H])C12[H],0,0 4 1 0 10 0,3,14.03243727879914,7.399833898642898,24.469828394412872,15.877044361325233,-0.905993107961038,14.971051253364196,0.0371486625063905,0.0967367744572007,0.0130048517322098,0.0967367744572007,-21.23819240273523,0.0116557217214418,0.0222879679517678,0.0760124296788516,-22.18329410088012,-21.54076668093822,-21.825204892106257,14.349598815620244,15.972125284223129
14002,O=C(O)C1=CCC=C1,13341,O[C@@H]1CC/C=C/CCC1,18100,[H]OC(=O)C1=C([H])C2([H])C([H])([H])C1([H])C1([H])C([H])([H])C([H])([H])[C@@]([H])(O[H])C([H])([H])C([H])([H])C([H])([H])C21[H],1,6 4 5 6 14 1,6,14.450628215458035,2.5442404392491174,13.590712190703677,14.937285878408089,3.242242578160969,18.17952845656906,0.0412368267426636,0.144124314881015,0.1061384908463132,0.144124314881015,-20.49125160820928,0.1157820234280198,0.0451651897816881,0.0312885331278272,-19.627973859707343,-19.06311479407105,-14.934036693649354,20.38093721922116,21.526128920781765
3521,O=C(O)C1C=CC=C1,13347,O[C@@H]1CC/C=C/CCC1,18100,[H]OC(=O)C1([H])C2([H])C([H])=C([H])C1([H])C1([H])C([H])([H])C([H])([H])[C@@]([H])(O[H])C([H])([H])C([H])([H])C([H])([H])C21[H],0,4 7 6 5 14 0,1,14.491566706968602,1.2257258909990227,12.014739429723535,15.033530694732685,4.456672712091271,19.49020340682395,0.0814565123072524,0.1404078518459737,0.0572086155643516,0.1404078518459737,-19.519840721934663,0.2075351819555247,0.0739582074218216,0.0411486561360385,-17.92927000578669,-16.310622144142364,-15.68594610086118,20.30189099163422,20.35587350316335
18624,O=C1C(=O)C(O)C1=O,13364,C1=CN2CCNC[C@H]2N1,13773,[H]OC1([H])C(=O)C2=C1OC1([H])N([H])[C@@]3([H])N(C([H])([H])C([H])([H])N([H])C3([H])[H])C1([H])O2,1,7 0 0 1 10 1,4,16.387871687733252,8.602511874823623,16.376748053505718,14.98914451553176,9.728664875006022,24.71780939053778,0.0076805631703241,0.0113569032317762,0.0010439775660191,0.0113569032317762,-8.92237261646573,0.0011827790956697,0.0110652818401243,0.0058869951150281,-8.968934195528071,-7.805288722532545,-9.141522567915374,23.234243641530377,23.18749347159305
7000,O=c1occcc1O,13458,O[C@@H]1CC/C=C/CCC1,18100,[H]OC12C(=O)OC([H])(C([H])=C1[H])C1([H])C([H])([H])C([H])([H])C([H])([H])[C@]([H])(O[H])C([H])([H])C([H])([H])C21[H],1,3 6 5 6 12 1,2,19.68691308253134,5.107358577064487,18.54275372470717,15.21107700370137,7.084852728209871,22.29592973191124,0.0726947992839712,0.0961780524210054,0.0631505411727506,0.0961780524210054,-11.0952514480501,0.0512014347264656,0.0650722560554249,0.0537248292255793,-8.38546282500473,-9.027567448820657,-9.504253092763712,23.021623565787984,23.52093634012072
7000,OCC1=NN=CC1,13471,O[C@@H]1CC/C=C/CCC1,18100,[H]OC([H])([H])C12N=NC([H])(C1([H])[H])C1([H])C([H])([H])C([H])([H])[C@@]([H])(O[H])C([H])([H])C([H])([H])C([H])([H])C21[H],1,2 5 5 6 13 1,2,17.75817336241162,2.900836007321665,16.61892735432721,15.50628393145088,4.022480491554186,19.528764423005065,0.0428497249629515,0.0492623560300432,0.0381982741956736,0.0492623560300432,-17.536597464930445,0.0596029948606363,0.0371177480022488,0.037288149045212,-15.906611577677609,-18.07093827324222,-14.448687043693802,20.365824996790348,21.12924017500212
10520,C/C=C/C=N/n1cnnc1,13713,O[C@@H]1CC/C=C/CCC1,18100,[H]O[C@@]1([H])C([H])([H])C([H])([H])C([H])([H])C2([H])C([H])(C([H])([H])[H])C([H])=C([H])N(n3c([H])nnc3[H])C2([H])C([H])([H])C1([H])[H],1,1 4 5 6 18 1,2,13.17544418897193,5.572884970599954,14.984090840291673,16.573438834555187,4.985943680922244,21.55938251547743,0.0298170074885817,0.1635281594869229,0.1218811847252844,0.1635281594869229,-21.43480397391899,0.0653383173701765,0.0651289719858216,0.1643765263274301,-20.350765909386844,-22.60493371162196,-18.75230995688484,21.673364770157715,22.586633395376182
13997,C/N=C(\C#N)C(=O)C(=O)O,13744,O[C@@H]1CC/C=C/CCC1,18100,[H]OC(=O)C1=C(C#N)N(C([H])([H])[H])C2([H])C([H])([H])C([H])([H])[C@@]([H])(O[H])C([H])([H])C([H])([H])C([H])([H])C2([H])O1,0,1 6 6 5 14 0,1,13.935623876901811,4.770231812779523,12.51104996280324,16.966052890675712,4.871225463077597,21.83727835375331,0.0051227313168253,0.0146329505039296,0.0057409704017769,0.0146329505039296,-25.684680602787765,0.0036649301229523,0.0123595530148108,0.0007721737025508,-22.982108540574373,-23.17404365886981,-18.8526059702458,24.51876391715963,21.075694097799285
18620,C/N=C(\C#N)C(=O)C(=O)O,13744,C1=CN2CCNC[C@H]2N1,13773,[H]OC(=O)C1=C(C#N)N(C([H])([H])[H])C2([H])N([H])[C@@]3([H])N(C([H])([H])C([H])([H])N([H])C3([H])[H])C2([H])O1,1,1 6 0 1 14 1,0,13.972380588037831,6.365323444033402,20.68077797970865,16.011065890490926,-0.5125561728915429,15.498509717599385,0.0693197467936712,0.0511911932314312,0.0080224662456157,0.0511911932314312,-15.153215687778008,0.0042896743842934,0.0063984971104062,0.0023779372386234,-15.408171437593497,-15.405882760992093,-13.268813834004114,15.406426943846856,10.80521211676106
4537,C1=C[C@@H]2O[C@@H]2C=C/C=C/1,13782,NC1=C2NC=CN2CC=C1,16891,[H]C1=C([H])C([H])([H])N2C(=C1N([H])[H])N([H])C1([H])C2([H])C2([H])C([H])=C([H])C1([H])/C([H])=C(/[H])[C@]1([H])O[C@]21[H],0,2 5 5 4 17 0,7,16.587748813361717,5.338877153229161,14.879000084369554,15.464943688585018,6.468108110558468,21.933051799143485,0.003957350400547,0.0033790739811479,0.0009485246402055,0.0033790739811479,-36.75332967171886,0.00723072646983,0.007822417882124,0.0068678191723027,-38.10542479122888,-35.883041715543534,-35.262933586123985,24.58886999278419,23.993686641703984
13997,C1=C[C@@H]2O[C@@H]2C=C/C=C/1,13782,O[C@@H]1CC/C=C/CCC1,18100,[H]O[C@@]1([H])C([H])([H])C([H])([H])C([H])([H])C2([H])C3([H])C([H])=C([H])C([H])(C2([H])C([H])([H])C1([H])[H])[C@@]1([H])O[C@@]1([H])/C([H])=C\3[H],0,2 5 6 5 17 0,1,15.378078642578943,2.04377143505268,11.144906384939429,14.738064046874088,6.618580457638441,21.35664450451253,0.0162467534327673,0.0167404555604333,0.0112615384050824,0.0167404555604333,-50.61514200655657,0.1177113367344497,0.0127776042928611,0.0211795134385355,-47.23200861581668,-45.03831741864416,-45.81730663792163,24.26028855354108,23.081075317305352
13997,C=CC(=O)C=C,13948,O[C@@H]1CC/C=C/CCC1,18100,[H]O[C@@]1([H])C([H])([H])C([H])([H])C([H])([H])C2([H])OC(C([H])=C([H])[H])=C([H])C([H])([H])C2([H])C([H])([H])C1([H])[H],0,0 3 6 5 12 0,1,13.918101163802836,4.609311367716007,10.497356510360458,15.397417238069476,7.032764761105423,22.4301819991749,0.0162153578352506,0.052694147648366,0.0286804705249155,0.052694147648366,-23.89317775151356,0.0652001501842348,0.0405611232953603,0.0462961274950196,-22.764950020778727,-21.14230438389881,-18.75514661973152,23.26400023020659,22.948716763115293
6999,C=CC(=O)COC(C)=O,13950,O[C@@H]1CC/C=C/CCC1,18100,[H]O[C@@]1([H])C([H])([H])C([H])([H])C([H])([H])C2([H])OC(C([H])([H])OC(=O)C([H])([H])[H])=C([H])C([H])([H])C2([H])C([H])([H])C1([H])[H],0,0 3 6 5 17 0,1,15.382953037679163,4.9427147853918,12.988203620748624,15.849637576872478,7.010212508878418,22.859850085750896,0.0098506695216493,0.0145632916338704,0.0277459067436307,0.0145632916338704,-20.615893640746144,0.0285553253417787,0.0279323639516183,0.0558016975140822,-19.06289504259473,-18.448514543381577,-16.676181235610755,22.827013649889885,23.83908478000808
6999,C=CC(=O)[C@@H](C)C(=O)OC,13970,O[C@@H]1CC/C=C/CCC1,18100,[H]O[C@@]1([H])C([H])([H])C([H])([H])C([H])([H])C2([H])OC([C@]([H])(C(=O)OC([H])([H])[H])C([H])([H])[H])=C([H])C([H])([H])C2([H])C([H])([H])C1([H])[H],0,0 3 6 5 20 0,1,14.939916550856358,5.288468488672828,11.793812166165724,15.399250537514124,8.01468983554794,23.413940373062065,0.0102504246298192,0.0326744488345545,0.0276804094511734,0.0326744488345545,-20.95655328298957,0.0318105881940476,0.033872199839173,0.0289397761412123,-19.746394915649688,-18.73500516561028,-17.00947641594329,23.41802426416956,22.92377284150251
14002,CC(=O)c1c[nH]c(=O)cn1,14232,O[C@@H]1CC/C=C/CCC1,18100,[H]O[C@@]1([H])C([H])([H])C([H])([H])C([H])([H])C2([H])C3([H])N=C(C(=O)C([H])([H])[H])C([H])(N([H])C3=O)C2([H])C([H])([H])C1([H])[H],1,8 4 5 6 16 1,6,19.190177393553647,5.581522441970938,19.8889417436036,14.849952533508976,5.03654684657705,19.88649938008603,0.0247590183475786,0.0548544065423068,0.073859981851247,0.0548544065423068,-13.411138365710109,0.0398082024057877,0.0426176285336824,0.0221347559888434,-10.519320098489622,-13.395453637196084,-10.746036051099807,22.24866342176416,21.010349622557825
27216,CC(=O)c1ccnnc1,14246,OCC1=Cc2ccccc21,18025,[H]OC([H])([H])C12c3c([H])c([H])c([H])c([H])c3C1([H])C1([H])N=NC2([H])C([H])=C1C(=O)C([H])([H])[H],1,5 8 2 3 15 1,8,19.36689422558508,10.861589567461952,22.741389150715825,15.52572366788046,6.98584333633973,22.51156700422019,0.0080762208187477,0.0328483133524224,0.0072852930708047,0.0328483133524224,-7.410122409990123,0.0180310668931,0.0526611067949158,0.0232497276238488,-8.287743968351101,-11.036288219813734,-11.383703064170817,23.6619408727314,21.35266262071963
14001,CCC=C(C(=O)O)C(=O)O,14649,O[C@@H]1CC/C=C/CCC1,18100,[H]OC(=O)C1=C(O[H])OC2([H])C([H])([H])C([H])([H])C([H])([H])[C@]([H])(O[H])C([H])([H])C([H])([H])C2([H])C1([H])C([H])([H])C([H])([H])[H],0,2 8 6 5 18 0,5,15.939369512979685,4.289556984376867,14.830789087982168,15.81894302236234,5.799569254829873,21.618512277192213,0.0074229325092007,0.0499731845543953,0.015305092831955,0.0499731845543953,-19.00459296016958,0.0121749600555175,0.0359094842339338,0.0408100513624712,-17.650526179301238,-14.204698381306464,-12.121551986706828,20.80675112011754,21.474390919534336
14002,CCCC(=O)C1=CC=CC1,14653,O[C@@H]1CC/C=C/CCC1,18100,[H]O[C@@]1([H])C([H])([H])C([H])([H])C([H])([H])C2([H])C3(C(=O)C([H])([H])C([H])([H])C([H])([H])[H])C([H])=C([H])C([H])(C3([H])[H])C2([H])C([H])([H])C1([H])[H],1,5 8 5 6 22 1,6,15.328637569677586,3.489663643365194,14.607917396648157,15.520523559548725,4.243871387114419,19.764394946663145,0.0928265536770738,0.0180031403325086,0.0040542606129634,0.0180031403325086,-9.951758254272631,0.3132497842684265,0.0099734380852373,0.0096820862855041,-10.19540969302824,-11.35087379376538,-7.583324034471541,22.06587177711221,22.44631609624751
20414,CCc1cnc(CC)cn1,15010,OCC1=Cc2ccccc21,18025,[H]OC([H])([H])C12c3c([H])c([H])c([H])c([H])c3C1([H])C1([H])N=C(C([H])([H])C([H])([H])[H])C2([H])N=C1C([H])([H])C([H])([H])[H],1,8 3 2 3 22 1,8,19.470203043414468,10.866491834831772,20.45441783397124,15.53380972656546,8.761503361708158,24.295313088273616,0.0111198748202851,0.0395172722466913,0.070504780282749,0.0395172722466913,-8.56498621158071,0.0211581259494752,0.0617850991381384,0.1678740330099359,-8.13465827887017,-10.71620105482956,-10.69775348515222,25.27120074035563,23.817669033324336
14002,COC(=O)/C=C/C=C=O,15372,O[C@@H]1CC/C=C/CCC1,18100,[H]O[C@@]1([H])C([H])([H])C([H])([H])C([H])([H])C2([H])C([H])(C(=O)OC([H])([H])[H])C([H])=C([H])C(=O)C2([H])C([H])([H])C1([H])[H],1,4 7 5 6 15 1,6,18.367330237475223,3.978345004867794,14.419303037671208,14.906769011185489,10.167710492092024,25.07447950327752,0.0242452177302142,0.1094386806572653,0.0715645093179155,0.1094386806572653,-32.76194000966705,0.0001130768008325,0.0620236667551926,0.0175341081863372,-32.51125036936484,-35.61822357583772,-32.15407019543862,24.668052558768427,23.97904738535528
14002,COC(=O)c1cocc1C,15426,O[C@@H]1CC/C=C/CCC1,18100,[H]O[C@@]1([H])C([H])([H])C([H])([H])C([H])([H])C2([H])C3([H])OC([H])(C(C(=O)OC([H])([H])[H])=C3C([H])([H])[H])C2([H])C([H])([H])C1([H])[H],1,7 5 5 6 18 1,6,17.107048748649817,4.569785991299744,15.515707122811552,14.783587560494748,7.503471340842308,22.28705890133705,0.0268801502984766,0.1980206111138211,0.1089972547541385,0.1980206111138211,-9.808160735785286,0.017888587016021,0.0698924101745382,0.0243736558437809,-9.039443028314246,-8.955344811958263,-7.606784045351873,22.57409334992708,23.35384103393619
14002,Cc1coc(C)c1C(=O)O,16220,O[C@@H]1CC/C=C/CCC1,18100,[H]OC(=O)C1=C(C([H])([H])[H])C2([H])OC1(C([H])([H])[H])C1([H])C([H])([H])C([H])([H])C([H])([H])[C@]([H])(O[H])C([H])([H])C([H])([H])C21[H],1,4 2 5 6 18 1,6,18.13799283088747,3.9099787513285023,16.553792411862798,14.930402596239812,6.837831005932108,21.76823360217192,0.0233715738897831,0.0533910978918569,0.0561432778549264,0.0533910978918569,-6.43516141190004,0.0866332094705374,0.0359720445084129,0.061123148209765,-6.825246188632782,-7.059747285635783,-6.825882358477049,22.62521754420566,23.26572728733668
7000,Cc1nc(C)c(=O)[nH]c1C,16254,O[C@@H]1CC/C=C/CCC1,18100,[H]O[C@@]1([H])C([H])([H])C([H])([H])C([H])([H])C2([H])C3(C([H])([H])[H])C(C([H])([H])[H])=NC(C([H])([H])[H])(C(=O)N3[H])C2([H])C([H])([H])C1([H])[H],1,8 3 5 6 20 1,2,18.63912222989368,5.823626968767838,19.632711796621784,15.964122012565182,5.086604072287226,21.050726084852407,0.1019612787920692,0.0473611035218207,0.0724059585679948,0.0473611035218207,-10.762216353893976,0.0198876948483767,0.0050028215181536,0.0124968806165798,-10.035232922613218,-10.703122364995906,-10.154003590377236,22.77664063432924,21.95173252843901
7000,Cc1ncc(=O)[nH]c1C,16304,O[C@@H]1CC/C=C/CCC1,18100,[H]O[C@@]1([H])C([H])([H])C([H])([H])C([H])([H])C2([H])C3(C([H])([H])[H])C(C([H])([H])[H])=NC([H])(C(=O)N3[H])C2([H])C([H])([H])C1([H])[H],1,7 3 5 6 17 1,2,18.164556987107964,5.583198961336862,19.946425473342835,15.804531220890311,4.110838498989491,19.9153697198798,0.177219755493191,0.053378228853232,0.1243282366150103,0.053378228853232,-12.53621980105502,0.0489085674431752,0.0398872843097966,0.0292361380130149,-11.769535574258768,-11.683603585643093,-11.685145128299354,21.596045359535985,21.82527752297328
17522,Fc1nc(F)c(F)nc1F,16585,O[C@@H]1CC/C=C/CCC1,18100,[H]O[C@@]1([H])C([H])([H])C([H])([H])C([H])([H])C2([H])C3(F)N=C(F)C(F)(N=C3F)C2([H])C([H])([H])C1([H])[H],1,3 8 5 6 10 1,6,21.849506775707333,5.208202140120983,20.21013047026464,15.360465092720135,6.436446125784837,21.79691121850497,0.0493621380226743,0.0134424655415264,0.0104205946301937,0.0134424655415264,-8.58931669309841,0.0101613925063269,0.0034447068065769,0.0025943324673495,-6.529776768223144,-7.112341678891571,-5.719283348956861,23.774831570678334,22.650577136902434
9311,N#C[C@H]1C=CC=NC1=O,16658,C1=CN2CCNC[C@H]2N1,13773,[H]C1=C([H])C2([H])C3([H])N([H])[C@@]4([H])N(C([H])([H])C([H])([H])N([H])C4([H])[H])C3([H])N1C(=O)[C@@]2([H])C#N,0,3 6 0 1 13 0,1,23.60999793238021,10.623655747304667,24.87372724512088,15.085740820457398,9.72392488770882,24.80966570816621,0.0080459941740158,0.1015553847492709,0.0093684115139016,0.1015553847492709,-6.743695226297497,0.0175255967130727,0.0636115436416304,0.0077639296529484,-6.679023042472956,-5.117794230269855,-5.9564493942990815,23.394063477308205,23.67122859288213
6999,NC1=NON/C1=C(\N)N=O,16901,O[C@@H]1CC/C=C/CCC1,18100,[H]O[C@@]1([H])C([H])([H])C([H])([H])C([H])([H])C2([H])ON=C(N([H])[H])C3(C(N([H])[H])=NON3[H])C2([H])C([H])([H])C1([H])[H],0,5 9 6 5 15 0,1,8.308364944077127,2.36886572656843,12.078111350084182,15.33880678064061,-1.6176967250164456,13.721110055624164,0.0101517870702615,0.0415464899932695,0.0201395291200506,0.0415464899932695,-33.28880968834773,0.0694586316905188,0.0075465431235515,0.0182566018618946,-28.94342460904356,-29.52527129924708,-27.05837256833116,14.982753754304944,12.704322333568236
7000,NCc1ncoc1C(F)F,17006,O[C@@H]1CC/C=C/CCC1,18100,[H]O[C@@]1([H])C([H])([H])C([H])([H])C([H])([H])C2([H])C3(C([H])(F)F)OC([H])(N=C3C([H])([H])N([H])[H])C2([H])C([H])([H])C1([H])[H],1,6 4 5 6 16 1,2,18.272367845725043,4.219697277983064,17.95535879996782,15.545124786099455,6.885683714591682,22.430808500691136,0.1046377943469694,0.0230205587605788,0.0565288951568013,0.0230205587605788,-7.25593508028183,0.0188348079573813,0.0181239692687046,0.0192510233960096,-9.010664593724243,-6.693574563572781,-7.128707678485686,22.46170014507086,22.78312538795752
14002,N[C@H]1N=CN=C2N=NC=C21,17093,O[C@@H]1CC/C=C/CCC1,18100,[H]O[C@@]1([H])C([H])([H])C([H])([H])C([H])([H])C2([H])N3N=C([H])C4(C3=NC([H])=N[C@]4([H])N([H])[H])C2([H])C([H])([H])C1([H])[H],1,6 9 5 6 15 1,6,16.47713074676902,4.727591042840516,19.894996517248657,15.326223281758647,0.6232795085319616,15.94950279029061,0.0512032299453429,0.0827266542154113,0.0610333488265396,0.0827266542154113,-11.265721669033006,0.0886453933731329,0.0400457748059677,0.0115793863676369,-11.901302386335942,-9.897096649066626,-9.206404111840024,17.921802950807553,17.783841386980917
28001,Nc1ccccc1N=O,17199,O[C@@H]1CC/C=C/CCC1,18100,[H]O[C@@]1([H])C([H])([H])C([H])([H])C([H])([H])C2([H])ON=C3C(N([H])[H])=C([H])C([H])=C([H])C3([H])C2([H])C([H])([H])C1([H])[H],0,5 8 6 5 15 0,9,13.240100343195463,5.835940448550479,10.797443232739386,15.4759812470648,6.393576897821088,21.86955814488589,0.0084575618072669,0.0064776197613592,0.0292795947503593,0.0064776197613592,-8.927624972370573,0.0014063971211144,0.003850947281521,0.0124294494082383,-8.957799613299706,-8.997662313400959,-6.6353004739095205,24.02381582986357,23.314374027029302
21004,O=C(O)C(=O)c1ccoc1,17441,O[C@@H]1CC/C=C/CCC1,18100,[H]OC(=O)C(=O)C1=C([H])C2([H])OC1([H])C1([H])C([H])([H])C([H])([H])C([H])([H])[C@]([H])(O[H])C([H])([H])C([H])([H])C21[H],1,9 7 5 6 14 1,10,16.891397980513077,4.979947611617648,17.33273349832507,15.359464629167771,4.657257096664878,20.016721725832653,0.0171829361504606,0.1240220649530627,0.0396830731806621,0.1240220649530627,-7.227773109020923,0.02702979132566,0.0791094623942039,0.0273438256699911,-5.049484756215762,-6.994537746848927,-6.755969178657949,21.649210155204628,21.521191304200947
14002,O=C(O)c1cc(=O)[nH]cn1,17498,O[C@@H]1CC/C=C/CCC1,18100,[H]OC(=O)C1=NC2([H])N([H])C(=O)C1([H])C1([H])C([H])([H])C([H])([H])[C@@]([H])(O[H])C([H])([H])C([H])([H])C([H])([H])C21[H],1,8 4 5 6 14 1,6,20.939090205819515,6.220835203408875,22.723747452230143,15.616672115448385,3.83369738682989,19.45036950227827,0.0187265641083823,0.0639279946106006,0.0678584824436963,0.0639279946106006,-12.109800191167524,0.0042370038537847,0.0536876464176475,0.028358978265795,-9.968823989910774,-12.453294878413956,-10.03649635906799,23.177816274453647,23.927580046159697
14002,O=C(O)c1ccc(=O)oc1,17502,O[C@@H]1CC/C=C/CCC1,18100,[H]OC(=O)C1=C([H])C2([H])C(=O)OC1([H])C1([H])C([H])([H])C([H])([H])C([H])([H])[C@]([H])(O[H])C([H])([H])C([H])([H])C21[H],1,9 5 5 6 14 1,6,18.953930579474743,5.852238538464608,19.621139016053377,15.055965602534554,5.658689211063365,20.71465481359792,0.053570031251131,0.0919822726025905,0.0260159815139577,0.0919822726025905,-13.236371131719253,0.0284516762120526,0.0487536360912785,0.0344207191256528,-12.12106893036053,-12.981337390445226,-11.102338781015852,23.27032162129173,23.04836800011976
14002,O=C(O)c1coc(F)n1,17512,O[C@@H]1CC/C=C/CCC1,18100,[H]OC(=O)C1=NC2(F)OC1([H])C1([H])C([H])([H])C([H])([H])[C@@]([H])(O[H])C([H])([H])C([H])([H])C([H])([H])C21[H],1,6 4 5 6 11 1,6,19.98647759467868,5.039577259633246,19.149965498113858,14.884336768445522,5.491100167550748,20.37543693599627,0.0080021072171378,0.064877231117242,0.041566468866265,0.064877231117242,-10.077195177403915,0.031844633377086,0.0446358935694052,0.0188794706377864,-8.347997804867866,-8.215384297117751,-6.1658670650364975,22.70315449228124,23.323740278013485
14002,O=C(O)c1ncc[nH]c1=O,17514,O[C@@H]1CC/C=C/CCC1,18100,[H]OC(=O)C12N=C([H])C([H])(N([H])C1=O)C1([H])C([H])([H])C([H])([H])[C@@]([H])(O[H])C([H])([H])C([H])([H])C([H])([H])C21[H],1,3 6 5 6 14 1,6,18.59745119252545,6.536734685286756,23.904993144742427,15.554386780138753,2.8842145654770697,18.438601345615822,0.0118909958086123,0.0386282612542843,0.0645298653460128,0.0386282612542843,-11.34704208491761,0.00364002126376,0.0698751174741433,0.0296070633764541,-10.12407557823716,-12.419668177169328,-10.746481517962486,20.354500201140795,22.03536200643995
7000,O=C1CC(CO)=NC=C1O,17555,O[C@@H]1CC/C=C/CCC1,18100,[H]OC([H])([H])C12N=C([H])C(O[H])(C(=O)C1([H])[H])C1([H])C([H])([H])C([H])([H])[C@@]([H])(O[H])C([H])([H])C([H])([H])C([H])([H])C21[H],1,3 8 5 6 17 1,2,20.41531416684212,5.330144111608759,22.059176386062823,16.696655756587433,2.698022105617284,19.39467786220472,0.0874334010725181,0.0451493920793408,0.0252520004153572,0.0451493920793408,-19.142043304837884,0.1156823950448363,0.0313914313501052,0.0434198127134233,-16.942372425224832,-19.587671502835,-11.93248257158438,22.36189335639061,22.33806423881988
7000,O=C1CC2=C(CC=C2)O1,17558,O[C@@H]1CC/C=C/CCC1,18100,[H]O[C@@]1([H])C([H])([H])C([H])([H])C([H])([H])C2([H])C3([H])C([H])=C4C([H])([H])C(=O)OC4(C3([H])[H])C2([H])C([H])([H])C1([H])[H],1,6 4 5 6 15 1,2,12.838003434253627,2.025860382278273,13.715276199016747,15.05360360951325,2.6674923446830903,17.72109595419634,0.1365732723798478,0.058217077229033,0.0477887113863663,0.058217077229033,-23.12444981422784,0.0699298873302833,0.0580029837510667,0.0396379224940801,-23.250602554967905,-22.10794412877548,-22.142254244632795,18.48687633734816,18.635697293955293
13998,O=C1CC[C@H]2C=CC=C12,17617,O[C@@H]1CC/C=C/CCC1,18100,[H]O[C@@]1([H])C([H])([H])C([H])([H])C([H])([H])C2([H])C3([H])C([H])=C([H])C4(C(=O)C([H])([H])C([H])([H])[C@@]34[H])C2([H])C([H])([H])C1([H])[H],1,5 8 5 6 17 1,2,16.307686666722148,2.7902452344335646,14.130102532333783,15.09132127333282,6.46638063633322,21.55770190966604,0.0909552485244015,0.1101480572426002,0.0568141023665098,0.1101480572426002,-7.345264505048064,0.2532466005443521,0.058107316047918,0.0374281204026135,-8.128937085868309,-10.338601272677828,-9.72672569181872,21.143089065880755,20.10887567983765
14002,O=Cc1cc(=O)[nH]cc1F,17859,O[C@@H]1CC/C=C/CCC1,18100,[H]O[C@@]1([H])C([H])([H])C([H])([H])C([H])([H])C2([H])C3([H])C(F)=C(C([H])=O)C([H])(C(=O)N3[H])C2([H])C([H])([H])C1([H])[H],1,7 3 5 6 14 1,6,18.76563202349642,5.696109050911765,20.021162177960367,15.215334513018602,3.3495305000211744,18.56486501303978,0.0504812388042104,0.1502145512978074,0.1022669044871694,0.1502145512978074,-17.026540786295676,0.0276122682975039,0.0766756543537312,0.0158395628247807,-15.628055357870103,-15.441044775202997,-11.80232618225211,21.950216753889293,22.062277140405165
14002,O=Cc1nc2c(o1)CCC2,17906,O[C@@H]1CC/C=C/CCC1,18100,[H]O[C@@]1([H])C([H])([H])C([H])([H])C([H])([H])C2([H])C3(C([H])=O)N=C4C([H])([H])C([H])([H])C([H])([H])C4(O3)C2([H])C([H])([H])C1([H])[H],1,2 5 5 6 17 1,6,18.40031339442925,4.917997270657658,18.25735596205788,14.95492616806777,4.693773410736419,19.64869957880419,0.0580385586683449,0.1285205267160478,0.0311199815169575,0.1285205267160478,-8.641232536573632,0.1648088462498746,0.1042342691610672,0.036778834808859,-8.244337769318072,-7.522587254027591,-5.459272515995629,22.94925650803186,21.80086577020087
13609,O=NC(=O)C1=CNC=CN1,17916,OCC1=Cc2ccccc21,18025,[H]OC([H])([H])C12OC(N=O)=C3N([H])C([H])=C([H])N([H])C3([H])C1([H])c1c([H])c([H])c([H])c([H])c12,0,3 5 2 3 15 0,5,18.135824224999634,8.955051159572827,19.72901087407495,14.963650384731086,7.097865763137161,22.061516147868247,0.0067393056247126,0.0713950001464864,0.0706908615414697,0.0713950001464864,-23.798471079675387,0.0636730817680564,0.1967108903929863,0.1015470433142752,-23.445929047424315,-25.09859397769956,-26.931043566366824,22.259055409224658,23.092150139644176
18456,O=NC(=O)C1=CNC=CN1,17916,C1=CC2=C(C1)[C@@H]1C=C[C@H]2C1,13755,[H]C1=C([H])N([H])C2([H])C(=C(N=O)OC34C([H])=C([H])C([H])([H])C23[C@]2([H])C([H])=C([H])[C@@]4([H])C2([H])[H])N1[H],1,3 5 2 3 15 1,16,20.412078691467013,9.73631069530229,20.64132882392096,16.179444126272944,9.295934865783693,25.47537899205664,0.0001068758045904,0.0006309343974414,0.0018898596792189,0.0006309343974414,-14.940191781457337,0.0110415838383427,0.00116648654484,0.0005351319584347,-12.386265190958106,-17.573037684684017,-14.9723893522536,22.33483570556476,22.431663992250257
20396,O=NC(=O)C1=CNC=CN1,17916,C=CCN1CCC=C1CN,14015,[H]C1=C([H])N([H])C2([H])C(=C(N=O)OC3(C([H])([H])N([H])[H])N(C([H])([H])C([H])=C([H])[H])C([H])([H])C([H])([H])C23[H])N1[H],1,3 5 7 6 15 1,14,18.845608816355103,8.620419386157629,26.250135252725244,15.5751467939722,2.000987306339741,17.57613410031194,0.0065732225782403,0.004905493488625,0.027200031995097,0.004905493488625,-5.00731944408286,0.2701436616777142,0.0579954434345732,0.0215647133322871,-4.295934688600234,-6.129409119657961,-7.229738569369697,16.563129381743703,19.84329615693389
6802,O=NC1=C(NO)CCCC1,17918,OCC1=Cc2ccccc21,18025,[H]ON([H])C12C(=NOC3(C([H])([H])O[H])c4c([H])c([H])c([H])c([H])c4C31[H])C([H])([H])C([H])([H])C([H])([H])C2([H])[H],1,0 3 2 3 20 1,0,18.06442102332434,8.910188545241791,19.015104176708306,15.6443645168449,7.797722600351786,23.442087117196685,0.0134485750683184,0.0413831576258362,0.1207012980743216,0.0413831576258362,-27.80647796134526,0.049185213800428,0.0815291592211678,0.2148413831064146,-27.92867352624919,-28.78245220280653,-30.776585793815947,23.042361012215306,22.845919572063053
6999,O=NC1=C(NO)CCCC1,17918,O[C@@H]1CC/C=C/CCC1,18100,[H]ON([H])C12C(=NOC3([H])C([H])([H])C([H])([H])[C@@]([H])(O[H])C([H])([H])C([H])([H])C([H])([H])C13[H])C([H])([H])C([H])([H])C([H])([H])C2([H])[H],0,0 3 6 5 20 0,1,19.895666978969736,2.791136543831464,14.768645798278351,15.515366890119694,8.310162620155575,23.825529510275267,0.0902750432585948,0.0348583677333768,0.0204193421576069,0.0348583677333768,-21.90959270976468,0.0930640363779021,0.0200289539031993,0.0024341085235169,-21.874998495242508,-21.787507251711943,-17.631947821596327,25.39892047244727,23.927212582044035
2272,O=Nc1c[nH]c(=O)[nH]c1=O,17930,NC1=C2NC=CN2CC=C1,16891,[H]C1=C([H])C([H])([H])N2C(=C1N([H])[H])N([H])C1([H])C2([H])ON=C2C(=O)N([H])C(=O)N([H])C21[H],0,0 3 5 4 13 0,7,14.88058663102326,6.312890377534266,25.22852450674908,16.216401117189225,-3.39133818350507,12.825062933684157,0.0145208565959031,0.0092713173160433,0.0051768432388288,0.0092713173160433,-12.27103715113264,0.0110040066162608,0.0044573050783432,0.0186740665624501,-13.89889444388458,-13.96383511268337,-9.499982765526523,14.896703544559042,13.223545992273486
4570,O=Nc1c[nH]c(=O)[nH]c1=O,17930,O=C1C=Cc2ccccc21,17549,[H]c1c([H])c([H])c2c(c1[H])C(=O)C1([H])C2([H])ON=C2C(=O)N([H])C(=O)N([H])C21[H],0,0 3 3 2 13 0,3,13.463140978130324,6.656309495443294,17.50423238939624,15.423100950277911,1.666408890948464,17.089509841226377,0.0210069356211032,0.05649996051055,0.0814783524483079,0.05649996051055,-9.69350702436416,0.0251877877244959,0.036680496136371,0.0931134786892213,-9.397243253618916,-8.505345411186674,-8.477504517018033,17.6112691853064,16.578216454596365
4842,O=Nc1c[nH]c(=O)[nH]c1=O,17930,O=C1CC[C@H]2C=CC=C12,17617,[H]C1=C([H])[C@]2([H])C([H])([H])C([H])([H])C(=O)C23ON=C2C(=O)N([H])C(=O)N([H])C2([H])C13[H],0,0 3 8 7 13 0,7,14.734314241166478,7.917344016160541,19.098282328940893,15.60496021363513,3.688390362522696,19.293350576157827,0.0089432351441456,0.0096821922689864,0.0279662425261114,0.0096821922689864,-9.58922417250885,0.011215426667338,0.0393926819399961,0.0304391782376293,-10.676900996326689,-6.18591398583246,-7.399867828009171,19.67720952321375,19.973240592531152
7000,O=Nc1c[nH]c(=O)[nH]c1=O,17930,O[C@@H]1CC/C=C/CCC1,18100,[H]O[C@@]1([H])C([H])([H])C([H])([H])C([H])([H])C2([H])ON=C3C(=O)N([H])C(=O)N([H])C3([H])C2([H])C([H])([H])C1([H])[H],1,0 3 5 6 13 1,2,10.59616644400496,3.87099875582722,16.890455956210594,15.604366628342984,-3.659832522335812,11.944534106007174,0.0162542732605866,0.0200593863245833,0.0793106593133072,0.0200593863245833,-25.75700705252934,0.0202963576918893,0.0201357029121489,0.0117573375521467,-24.387498223687267,-26.082520496743044,-23.42449077020693,16.06411873962045,15.447597205278814
8140,O=Nc1c[nH]c(=O)[nH]c1=O,17930,C1=CNCC1,12052,[H]N1C(=O)C2=NOC3([H])N([H])C([H])([H])C([H])([H])C3([H])C2([H])N([H])C1=O,1,0 3 1 0 13 1,2,14.12304707668477,7.867873594844322,21.22448152143002,15.49489699859198,1.777312191851415,17.272209190443395,0.0414398407995726,0.0170517454045077,0.1018543354966399,0.0170517454045077,-13.17733092476152,0.0490392749357159,0.0133505734681245,0.1050376308930677,-13.292638696020298,-12.976260280721156,-13.116336744151113,17.344958893878673,15.219779600388843
8263,O=Nc1c[nH]c(=O)[nH]c1=O,17930,C=CC(=N)N,12160,[H]N=C(N([H])[H])C1([H])ON=C2C(=O)N([H])C(=O)N([H])C2([H])C1([H])[H],1,0 3 1 0 13 1,2,13.937851077793336,7.62360236696418,17.764072264205424,15.665818145599657,3.56686736494715,19.23268551054681,0.0073264223196718,0.0306300590500517,0.0873592897692394,0.0306300590500517,-11.511791008533322,0.0467695094863051,0.0866868290483941,0.2056857835724456,-11.629616863933414,-10.81534442795096,-11.696949547784548,20.610528953110123,21.487868431235544
8370,O=Nc1c[nH]c(=O)[nH]c1=O,17930,CC(C)=C1C=CC=C1,12319,[H]C1=C([H])C2([H])C([H])(ON=C3C(=O)N([H])C(=O)N([H])C32[H])C1=C(C([H])([H])[H])C([H])([H])[H],0,0 3 4 5 13 0,3,15.594110066066127,8.458498026190814,19.695586013597367,15.800457247113364,3.482455295124126,19.28291254223749,0.0252986903322942,0.0204722991661268,0.189846143704437,0.0204722991661268,-5.892523821015296,0.0178202525827908,0.0558866136402281,0.0885547728127114,-6.443012503819233,-5.559083176962236,-7.625027386708378,21.630049019343883,19.50101663910681
9313,O=Nc1c[nH]c(=O)[nH]c1=O,17930,C1=CN2CCNC[C@H]2N1,13773,[H]N1C(=O)C2=NOC3([H])N4C([H])([H])C([H])([H])N([H])C([H])([H])[C@@]4([H])N([H])C3([H])C2([H])N([H])C1=O,0,0 3 1 0 13 0,3,13.935044268370005,5.722409863043396,23.71434585813701,15.68052777763362,-3.484177973784199,12.19634980384942,0.0221184463804329,0.0274953428031345,0.0215343953999829,0.0274953428031345,-14.76413557092512,0.0120324797736436,0.0345192432267453,0.0519463329876918,-15.549882832038378,-15.202250643624396,-14.99996602091126,13.256818596181756,11.789354041561989
9331,O=Nc1c[nH]c(=O)[nH]c1=O,17930,C1=C[C@@H]2C=C[C@H](C=C1)C2,13777,[H]C1=C([H])[C@@]2([H])C3([H])C4([H])C(=NOC3([H])[C@@]([H])(C([H])=C1[H])C2([H])[H])C(=O)N([H])C(=O)N4[H],0,0 3 3 4 13 0,5,14.062536203381798,7.584470010254879,16.95866167955351,15.864531908342595,4.03056493243712,19.895096840779715,0.0058646682814379,0.0059607610781911,0.0751924603108712,0.0059607610781911,-13.869795487837166,0.0062685737286658,0.0300473815974211,0.0158044644525943,-12.91185377210698,-13.058664335207853,-10.96448313525248,21.454902838645715,19.26071212874922
14044,O=Nc1c[nH]c(=O)[nH]c1=O,17930,Cc1nc2c([nH]1)CNC2,16292,[H]N1C(=O)C2=NOC34N([H])C(C([H])([H])[H])=NC3(C([H])([H])N([H])C4([H])[H])C2([H])N([H])C1=O,0,0 3 4 3 13 0,7,16.26710284164053,8.203732652129318,26.32097672320885,17.29929707698659,-1.8397708658943053,15.459526211092284,0.0119282288564147,0.00263752029132,0.0876584753839802,0.00263752029132,-13.319751376253372,0.0560046347086606,0.0254705227650552,0.1277153088880466,-13.206906520308491,-13.05070765710564,-12.43616134066408,16.233830129205614,15.159641264068243
11368,O=Nc1cccnc1N=O,17932,NC1=C2NC=CN2CC=C1,16891,[H]C1=C(N=O)C2=NOC3([H])N([H])C4=C(N([H])[H])C([H])=C([H])C([H])([H])N4C3([H])N2C([H])=C1[H],0,6 9 5 4 13 0,43,12.659558914041174,6.88825854209643,16.262980511556645,16.180890405853845,4.256937279741516,20.43782768559536,4.737498859104727e-05,1.5518615590518606e-05,0.0003657039217863,1.5518615590518606e-05,-12.46297754722702,3.865633863117138e-07,3.119502432329703e-07,1.649306807547272e-05,-14.937080683779511,-13.34794541911858,-9.689817352938888,20.862956002765088,17.45760008763471
35003,O=Nc1cccnc1N=O,17932,O[C@@H]1CC/C=C/CCC1,18100,[H]O[C@@]1([H])C([H])([H])C([H])([H])C([H])([H])C2([H])ON=C3C(N=O)=C([H])C([H])=C([H])N3C2([H])C([H])([H])C1([H])[H],0,6 9 6 5 13 0,13,8.817564579487446,4.040877480848367,7.518267679115329,15.399063151225477,3.569606206896337,18.96866935812181,9.754486122173463e-05,7.12067439481447e-05,0.0238080353455091,7.12067439481447e-05,-25.68194323769942,1.2936719124517504e-05,8.428742808100205e-06,4.993784733318556e-05,-22.243496718402568,-23.134763824876977,-21.052208797689133,22.80414530210697,18.906973909448347
6802,O=c1[nH]c(O)nnc1F,17933,OCC1=Cc2ccccc21,18025,[H]OC([H])([H])C12c3c([H])c([H])c([H])c([H])c3C1([H])C1(F)N=NC2(O[H])N([H])C1=O,1,3 7 2 3 11 1,0,21.149319843090744,11.372076610269264,24.546321304189675,15.65344490273988,9.54725992549401,25.20070482823389,0.0058239335410868,0.0239288624244415,0.0270812851557592,0.0239288624244415,-12.718784510464983,0.0164950228177776,0.0261006068139522,0.1478686793065036,-11.266195950843084,-12.66474327551984,-16.079351311505214,22.927476143936488,23.3106110679356
7000,O=c1[nH]c(O)nnc1F,17933,O[C@@H]1CC/C=C/CCC1,18100,[H]OC12N=NC(F)(C(=O)N1[H])C1([H])C([H])([H])C([H])([H])[C@@]([H])(O[H])C([H])([H])C([H])([H])C([H])([H])C21[H],1,3 7 5 6 11 1,2,24.191063097965905,5.073232320832174,21.269396750935208,15.644866459824849,6.931384732596271,22.57625119242112,0.0443988175998123,0.0452557803483296,0.0153435350793766,0.0452557803483296,-10.221289489610506,0.0258823179408429,0.0229214788549797,0.0172117708602186,-8.7023048085874,-7.8707824077045885,-9.169416507065648,22.82222044340301,22.999222079439484
6802,O[C@@H]1C(F)=CC=C[C@@H]1O,18097,OCC1=Cc2ccccc21,18025,[H]OC([H])([H])C12c3c([H])c([H])c([H])c([H])c3C1([H])C1([H])C([H])=C([H])C2(F)[C@@]([H])(O[H])[C@@]1([H])O[H],1,2 6 2 3 16 1,0,16.141396698006254,8.825579942812219,18.210508397129395,14.834262510276943,5.423896002750244,20.25815851302719,0.0028674340296534,0.0132885209584973,0.0677318472965018,0.0132885209584973,-33.3356137515318,0.0651179057859165,0.0820371848879497,0.1047918069358054,-32.71649881376278,-35.48371862861311,-35.843586733432254,20.44072678840329,21.784216214800114
6999,O[C@@H]1C(F)=CC=C[C@@H]1O,18097,O[C@@H]1CC/C=C/CCC1,18100,[H]O[C@@]1([H])C([H])([H])C([H])([H])C([H])([H])C2([H])C3([H])C([H])=C([H])C(F)(C2([H])C([H])([H])C1([H])[H])[C@@]([H])(O[H])[C@@]3([H])O[H],0,2 6 6 5 16 0,1,18.55659973129024,2.6332723101725524,12.588479030524192,14.399143187950994,8.468033310434336,22.86717649838533,0.0564871138090635,0.047111585354191,0.0161548295485039,0.047111585354191,-28.13272784344756,0.0700733014467267,0.0275945142962644,0.0384762961681428,-26.22950338041164,-23.692437784243857,-23.63456861629394,23.95110177589308,23.53812546553477
