index,Diene,Diene_Index,Ene,Ene_Index,Product,Unreverse,Title,Structure_Id,Diene_Distort_p,Ene_Distort_p,Interaction_p,deltaG_p,deltaGa_p,Diene_Distort,Ene_Distort,deltaGa(Solvent)_p,Ratio_p,deltaGa(Solvent),Ratio,Diene_Distort_pred,Ene_Distort_pred,deltaGa(Solvent)_pred
17517,c1nncnn1,5944,O[C@@H]1CC/C=C/CCC1,18100,[H]O[C@@]1([H])C([H])([H])C([H])([H])C([H])([H])C2([H])C3([H])N=NC([H])(N=N3)C2([H])C([H])([H])C1([H])[H],0,0 3 6 5 8 0,1,15.6796574,3.078813748,17.88861853,-13.81698032,17.77144956,14.28607413,2.93991029,15.31883424,0.835870753,11.02802573,0.829332814,16.6754916649977,2.75036946454024,16.729747701579807
20359,c1nncnn1,5944,C1=CCNC1,12046,[H]N1C([H])([H])C2([H])C3([H])N=NC([H])(N=N3)C2([H])C1([H])[H],1,0 3 0 1 8 1,0,18.61705609,8.941590282,20.51319734,-5.02300471,22.43614931,18.47713345,8.201532303,19.85284692,0.675543198,19.85686037,0.692580867,18.55659255278543,8.653440145159212,20.14180742843731
20725,c1nncnn1,5944,C=CC1OCCO1,12186,[H]C1([H])OC([H])(C2([H])C3([H])N=NC([H])(N=N3)C2([H])[H])OC1([H])[H],1,0 3 0 1 8 1,0,18.53182861,9.499306102,18.71637504,-5.889194714,25.41342685,17.3047614,8.70762674,23.97564341,0.661115891,20.53466893,0.665250776,19.096839396781945,9.814393349906167,25.45288426345737
21004,c1cnncn1,11875,O[C@@H]1CC/C=C/CCC1,18100,[H]O[C@@]1([H])C([H])([H])C([H])([H])C([H])([H])C2([H])C3([H])N=NC([H])(C([H])=N3)C2([H])C([H])([H])C1([H])[H],1,4 1 5 6 9 1,10,19.15934246,6.240873833,18.51916738,-5.125993885,24.4566607,19.75696049,5.018520355,23.43170252,0.754298398,20.50804662,0.797440042,19.630773426340106,5.672655509092028,23.35769344041297
14002,Cc1coc(C=O)n1,12827,O[C@@H]1CC/C=C/CCC1,18100,[H]O[C@@]1([H])C([H])([H])C([H])([H])C([H])([H])C2([H])C3(C([H])=O)N=C(C([H])([H])[H])C([H])(O3)C2([H])C([H])([H])C1([H])[H],1,4 2 5 6 13 1,6,18.67499521,4.037684947,18.36623582,-6.088643014,22.90139376,21.42767673,8.485312275,21.94490858,0.82222772,24.00420051,0.716333521,19.724957887838173,5.203896668850108,22.917752272173864
17517,Cc1nnc(C)nn1,12881,O[C@@H]1CC/C=C/CCC1,18100,[H]O[C@@]1([H])C([H])([H])C([H])([H])C([H])([H])C2([H])C3(C([H])([H])[H])N=NC(C([H])([H])[H])(N=N3)C2([H])C([H])([H])C1([H])[H],0,1 4 6 5 14 0,1,18.92713538,4.24224196,19.58403785,-6.483244371,22.4256684,18.37170843,4.27592807,21.73621559,0.816903066,16.57491113,0.811197602,19.788736978338548,4.367213823564523,20.073555729295734
7000,O=c1occcc1O,13458,O[C@@H]1CC/C=C/CCC1,18100,[H]OC12C(=O)OC([H])(C([H])=C1[H])C1([H])C([H])([H])C([H])([H])C([H])([H])[C@]([H])(O[H])C([H])([H])C([H])([H])C21[H],1,3 6 5 6 12 1,2,19.68691308,5.107358577,18.54275372,-9.504253093,23.02162357,18.18048596,5.585142815,23.52093634,0.794010542,19.55044898,0.764990741,18.909105723070837,4.866815719805741,23.794319691917117
14002,Cc1coc(C)c1C(=O)O,16220,O[C@@H]1CC/C=C/CCC1,18100,[H]OC(=O)C1=C(C([H])([H])[H])C2([H])OC1(C([H])([H])[H])C1([H])C([H])([H])C([H])([H])C([H])([H])[C@]([H])(O[H])C([H])([H])C([H])([H])C21[H],1,4 2 5 6 18 1,6,18.13799283,3.909978751,16.55379241,-6.825882358,22.62521754,20.75603901,6.831298202,23.26572729,0.822660387,23.83693349,0.752375586,18.18132018502766,4.659298755204498,22.877700361236272
7000,Cc1nc(C)c(=O)[nH]c1C,16254,O[C@@H]1CC/C=C/CCC1,18100,[H]O[C@@]1([H])C([H])([H])C([H])([H])C([H])([H])C2([H])C3(C([H])([H])[H])C(C([H])([H])[H])=NC(C([H])([H])[H])(C(=O)N3[H])C2([H])C([H])([H])C1([H])[H],1,8 3 5 6 20 1,2,18.63912223,5.823626969,19.6327118,-10.15400359,22.77664063,19.91768457,6.546516112,21.95173253,0.761938982,20.49006497,0.752627476,19.84820902704329,5.453879295323619,22.02199241079093
7000,Cc1ncc(=O)[nH]c1C,16304,O[C@@H]1CC/C=C/CCC1,18100,[H]O[C@@]1([H])C([H])([H])C([H])([H])C([H])([H])C2([H])C3(C([H])([H])[H])C(C([H])([H])[H])=NC([H])(C(=O)N3[H])C2([H])C([H])([H])C1([H])[H],1,7 3 5 6 17 1,2,18.16455699,5.583198961,19.94642547,-11.68514513,21.59604536,18.12643374,5.494069975,21.82527752,0.764895724,19.7144072,0.767402506,19.325695598780868,5.60954547553021,22.49558362159894
14002,O=C(O)c1cc(=O)[nH]cn1,17498,O[C@@H]1CC/C=C/CCC1,18100,[H]OC(=O)C1=NC2([H])N([H])C(=O)C1([H])C1([H])C([H])([H])C([H])([H])[C@@]([H])(O[H])C([H])([H])C([H])([H])C([H])([H])C21[H],1,8 4 5 6 14 1,6,20.93909021,6.220835203,22.72374745,-10.03649636,23.17781627,22.47670237,6.036243152,23.92758005,0.770955365,21.54086079,0.788298156,20.82393892437686,5.77252673487977,23.71791605034327
14002,O=C(O)c1ccc(=O)oc1,17502,O[C@@H]1CC/C=C/CCC1,18100,[H]OC(=O)C1=C([H])C2([H])C(=O)OC1([H])C1([H])C([H])([H])C([H])([H])C([H])([H])[C@]([H])(O[H])C([H])([H])C([H])([H])C21[H],1,9 5 5 6 14 1,6,18.95393058,5.852238538,19.62113902,-11.10233878,23.27032162,20.26311454,5.168518582,23.048368,0.764081325,17.86641845,0.796768121,18.550489966627328,5.048307165043473,24.120770352257793
14002,O=C(O)c1ncc[nH]c1=O,17514,O[C@@H]1CC/C=C/CCC1,18100,[H]OC(=O)C12N=C([H])C([H])(N([H])C1=O)C1([H])C([H])([H])C([H])([H])[C@@]([H])(O[H])C([H])([H])C([H])([H])C([H])([H])C21[H],1,3 6 5 6 14 1,6,18.59745119,6.536734685,23.90499314,-10.74648152,20.3545002,19.61202619,5.292019995,22.03536201,0.73992654,17.94159985,0.787503607,19.304517306851668,6.174112317163745,21.856050759120393
