index,Diene,Diene_Index,Ene,Ene_Index,Product,Unreverse,Title,Structure_Id,Diene_Distort_p,Ene_Distort_p,Interaction_p,G_E_p,deltaEa_dimp,deltaGa_dimp,Times_1_Diene_Distort_var,Times_1_Distort_var,Times_1_Interaction_var,Times_1_Ene_Distort_var,Times_1_G_mean,Times_2_Diene_Distort_var,Times_2_Ene_Distort_var,Times_2_Interaction_var,Times_2_G_mean,deltaG_pred,deltaG_p,deltaGa_p,deltaGa(Solvent)_p,Diene-CAS-id,Bio,Reported
3521,CC1=C(C)C(C)=C(C)C1,3001,O[C@@H]1CC/C=C/CCC1,18100,[H]O[C@@]1([H])C([H])([H])C([H])([H])C([H])([H])C2([H])C3(C([H])([H])[H])C(C([H])([H])[H])=C(C([H])([H])[H])C(C([H])([H])[H])(C3([H])[H])C2([H])C([H])([H])C1([H])[H],0,1 6 6 5 23 0,1,16.4354448,1.515102541,12.79120105,14.89313639,3.180827416,18.0739638,0.088286395,0.107210821,0.035031254,0.107210821,-17.43874355,0.400684553,0.035583009,0.0087423,-16.91039245,-16.28227107,-14.56250068,20.15321017,20.91650412,,,
12601,c1nncnn1,5944,O=C1C[C@@H]2C=C[C@@H]2N1,17666,[H]N1C(=O)C([H])([H])[C@]2([H])C3([H])C4([H])N=NC([H])(N=N4)C3([H])[C@]12[H],0,0 3 4 5 8 0,1,18.00451678,8.851620738,19.29746186,15.17184292,8.187766434,23.35960936,0.003187987,0.023766464,0.003674123,0.023766464,-7.302486077,0.011192381,0.01840492,0.026787804,-6.122162461,-4.882165457,-5.591463234,24.21367881,21.710341,,,
13407,c1nncnn1,5944,O=C1N[C@H]2C=C[C@@H]1C2,17755,[H]N1C(=O)[C@]2([H])C3([H])C4([H])N=NC([H])(N=N4)C3([H])[C@@]1([H])C2([H])[H],0,0 3 4 5 8 0,1,18.07204709,10.43701331,20.25936132,15.19109355,9.107805035,24.29889859,0.011006295,0.005529785,0.004441512,0.005529785,-7.516474551,0.003330828,0.003857173,0.005651723,-7.955559014,-5.06512933,-6.520921771,23.50275148,21.09980585,,TRUE,TRUE
17517,c1nncnn1,5944,O[C@@H]1CC/C=C/CCC1,18100,[H]O[C@@]1([H])C([H])([H])C([H])([H])C([H])([H])C2([H])C3([H])N=NC([H])(N=N3)C2([H])C([H])([H])C1([H])[H],0,0 3 6 5 8 0,1,15.6796574,3.078813748,17.88861853,15.01368154,1.129985637,16.14366717,0.034491707,0.051802643,0.017060331,0.051802643,-18.61580134,0.050793247,0.013444408,0.008418865,-15.25417895,-14.95851388,-13.81698032,17.77144956,15.31883424,,,
20359,c1nncnn1,5944,C1=CCNC1,12046,[H]N1C([H])([H])C2([H])C3([H])N=NC([H])(N=N3)C2([H])C1([H])[H],1,0 3 0 1 8 1,0,18.61705609,8.941590282,20.51319734,15.42894309,7.524452718,22.95339581,0.085965852,0.073189823,0.084612533,0.073189823,-4.038525392,0.087895398,0.029232317,0.112196497,-4.033124553,-3.473912092,-5.02300471,22.43614931,19.85284692,55,FALSE,
20457,c1nncnn1,5944,C1NCC2=C1CNC2,12076,[H]N1C([H])([H])C23C4([H])N=NC([H])(N=N4)C2(C1([H])[H])C([H])([H])N([H])C3([H])[H],1,0 3 3 4 8 1,0,18.13259507,10.70262759,23.07219445,16.20008557,6.006022195,22.20610777,0.004433014,0.007456713,0.001611124,0.007456713,-7.539550314,0.003749847,0.019558603,0.000424045,-8.206341657,-7.049166725,-9.412392547,21.69550285,18.44944929,2406,TRUE,
20725,c1nncnn1,5944,C=CC1OCCO1,12186,[H]C1([H])OC([H])(C2([H])C3([H])N=NC([H])(N=N3)C2([H])[H])OC1([H])[H],1,0 3 0 1 8 1,0,18.53182861,9.499306102,18.71637504,15.16357862,8.689700825,23.85327944,0.009518826,0.043214341,0.035656865,0.043214341,-6.382408586,0.007979963,0.028245544,0.020536673,-6.813530779,-4.754048574,-5.889194714,25.41342685,23.97564341,,,
21552,c1nncnn1,5944,NC(=O)[C@@H]1C=CCN1,13129,[H]N([H])C(=O)[C@@]1([H])N([H])C([H])([H])C2([H])C3([H])N=NC([H])(N=N3)C21[H],0,0 3 4 5 8 0,1,18.55565582,9.741414477,20.8030404,15.63329586,7.882235324,23.51553118,0.008425669,0.017101676,0.012131628,0.017101676,-3.712928864,0.012556587,0.019130271,0.033756826,-3.636492571,-2.678718112,-5.49093006,23.90008962,21.91494206,,,
23512,c1nncnn1,5944,C1=C[C@H]2C[C@@H]1[C@H]1CNC[C@H]12,13790,[H]N1C([H])([H])[C@@]2([H])[C@@]3([H])C4([H])C5([H])N=NC([H])(N=N5)C4([H])[C@]([H])(C3([H])[H])[C@@]2([H])C1([H])[H],0,0 3 0 1 8 0,1,17.93726984,8.240716156,20.58262134,15.21398645,5.767246501,20.98123295,0.001005783,0.004402388,0.00096016,0.004402388,-9.733374266,0.000939027,0.014192279,0.008814736,-8.205792639,-6.173397008,-5.122669781,21.5403998,20.10994235,,,
25177,c1nncnn1,5944,C=CCC#CCCCC,13989,[H]C([H])([H])C([H])([H])C([H])([H])C([H])([H])C#CC([H])([H])C1([H])C2([H])N=NC([H])(N=N2)C1([H])[H],0,0 3 0 1 8 0,1,18.50154731,9.737354205,20.35313712,16.70046098,6.96864774,23.66910872,0.008326321,0.037341349,0.027570797,0.037341349,-5.005889624,0.038779097,0.042704115,0.307600424,-4.523340729,-4.986314544,-5.304491309,24.48689788,22.82868376,,,
21004,c1cnncn1,11875,O[C@@H]1CC/C=C/CCC1,18100,[H]O[C@@]1([H])C([H])([H])C([H])([H])C([H])([H])C2([H])C3([H])N=NC([H])(C([H])=N3)C2([H])C([H])([H])C1([H])[H],1,4 1 5 6 9 1,10,19.15934246,6.240873833,18.51916738,15.18786088,5.622661738,20.81052261,0.051158235,0.076340277,0.042689765,0.076340277,-7.897784354,0.086333283,0.046131437,0.030554034,-6.19053326,-5.640944583,-5.125993885,24.4566607,23.43170252,,,
7000,C=C/C=C/CC(=O)O,12113,O[C@@H]1CC/C=C/CCC1,18100,[H]OC(=O)C([H])([H])C1([H])C([H])=C([H])C([H])([H])C2([H])C([H])([H])C([H])([H])C([H])([H])[C@]([H])(O[H])C([H])([H])C([H])([H])C12[H],1,0 3 5 6 16 1,2,15.11501757,4.924169137,14.21432749,16.0067835,6.229723354,22.23650685,0.118309395,0.065014446,0.153203297,0.065014446,-32.11683873,0.087861458,0.050122964,0.069166835,-31.84086182,-31.07375374,-31.99615819,24.0591413,23.8631952,,,
3521,CC(C)C1C=CC=C1,12331,O[C@@H]1CC/C=C/CCC1,18100,[H]O[C@@]1([H])C([H])([H])C([H])([H])C([H])([H])C2([H])C3([H])C([H])=C([H])C([H])(C3([H])C([H])(C([H])([H])[H])C([H])([H])[H])C2([H])C([H])([H])C1([H])[H],0,4 7 6 5 20 0,1,14.39468028,1.860762125,9.915580906,14.71647032,5.650092336,20.36656266,0.064429555,0.044553777,0.013532922,0.044553777,-16.88763695,0.221636277,0.021147463,0.027439195,-16.86411923,-14.87454323,-13.89826078,22.18932293,22.1297854,,,
7000,CCC1=CCC(C)=C1,12437,O[C@@H]1CC/C=C/CCC1,18100,[H]O[C@@]1([H])C([H])([H])C([H])([H])C([H])([H])C2([H])C3(C([H])([H])[H])C([H])=C(C([H])([H])C([H])([H])[H])C([H])(C3([H])[H])C2([H])C([H])([H])C1([H])[H],1,5 3 5 6 20 1,2,15.06300814,2.198387067,12.1185199,14.85373698,4.997486678,19.85122366,0.082226493,0.108085042,0.047822698,0.108085042,-16.36337645,0.332811336,0.049275817,0.042779491,-16.10137048,-16.93046434,-15.03201009,21.31834317,21.65674045,,,
7000,COc1ccoc1,12645,O[C@@H]1CC/C=C/CCC1,18100,[H]O[C@@]1([H])C([H])([H])C([H])([H])C([H])([H])C2([H])C3([H])OC([H])(C([H])=C3OC([H])([H])[H])C2([H])C([H])([H])C1([H])[H],1,6 4 5 6 13 1,2,17.24671522,4.671920963,13.82069455,14.46540231,8.664888483,23.1302908,0.085345531,0.09825359,0.033776921,0.09825359,-7.874312415,0.110553434,0.010082631,0.010861662,-7.37767386,-7.622868195,-5.817550122,23.66349579,23.50902003,,,
7000,Cc1ncoc1C,12873,O[C@@H]1CC/C=C/CCC1,18100,[H]O[C@@]1([H])C([H])([H])C([H])([H])C([H])([H])C2([H])C3(C([H])([H])[H])OC([H])(N=C3C([H])([H])[H])C2([H])C([H])([H])C1([H])[H],1,5 3 5 6 14 1,2,18.23160625,3.661695003,16.21094978,15.08614788,5.932623409,21.01877129,0.048290977,0.047440073,0.062185559,0.047440073,-9.584725241,0.054364341,0.009915673,0.015618715,-9.561382719,-8.51218289,-7.169820401,22.4310614,21.91967497,,,
17517,Cc1nnc(C)nn1,12881,O[C@@H]1CC/C=C/CCC1,18100,[H]O[C@@]1([H])C([H])([H])C([H])([H])C([H])([H])C2([H])C3(C([H])([H])[H])N=NC(C([H])([H])[H])(N=N3)C2([H])C([H])([H])C1([H])[H],0,1 4 6 5 14 0,1,18.92713538,4.24224196,19.58403785,17.20597105,3.075044671,20.28101572,0.038372764,0.064218241,0.023172551,0.064218241,-11.32229882,0.177774353,0.023137061,0.031429339,-8.795609459,-8.054363586,-6.483244371,22.4256684,21.73621559,,,
7000,Nc1ccco1,13251,O[C@@H]1CC/C=C/CCC1,18100,[H]O[C@@]1([H])C([H])([H])C([H])([H])C([H])([H])C2([H])C3(N([H])[H])OC([H])(C([H])=C3[H])C2([H])C([H])([H])C1([H])[H],1,1 4 5 6 11 1,2,17.84831268,4.352395466,15.1299041,14.80096204,6.234918243,21.03588029,0.039136674,0.166654577,0.002344941,0.166654577,-6.177814926,0.098849821,0.033696707,0.018234481,-6.365283109,-6.483224706,-6.468970295,23.02534264,23.30175733,1185.8,TRUE,
14002,O=C(O)C1=CCC=C1,13341,O[C@@H]1CC/C=C/CCC1,18100,[H]OC(=O)C1=C([H])C2([H])C([H])([H])C1([H])C1([H])C([H])([H])C([H])([H])[C@@]([H])(O[H])C([H])([H])C([H])([H])C([H])([H])C21[H],1,6 4 5 6 14 1,6,14.45062822,2.544240439,13.59071219,14.93728588,3.242242578,18.17952846,0.041236827,0.144124315,0.106138491,0.144124315,-20.49125161,0.115782023,0.04516519,0.031288533,-19.62797386,-19.06311479,-14.93403669,20.38093722,21.52612892,,,
3521,O=C(O)C1C=CC=C1,13347,O[C@@H]1CC/C=C/CCC1,18100,[H]OC(=O)C1([H])C2([H])C([H])=C([H])C1([H])C1([H])C([H])([H])C([H])([H])[C@@]([H])(O[H])C([H])([H])C([H])([H])C([H])([H])C21[H],0,4 7 6 5 14 0,1,14.49156671,1.225725891,12.01473943,15.03353069,4.456672712,19.49020341,0.081456512,0.140407852,0.057208616,0.140407852,-19.51984072,0.207535182,0.073958207,0.041148656,-17.92927001,-16.31062214,-15.6859461,20.30189099,20.3558735,,,
7000,O=c1occcc1O,13458,O[C@@H]1CC/C=C/CCC1,18100,[H]OC12C(=O)OC([H])(C([H])=C1[H])C1([H])C([H])([H])C([H])([H])C([H])([H])[C@]([H])(O[H])C([H])([H])C([H])([H])C21[H],1,3 6 5 6 12 1,2,19.68691308,5.107358577,18.54275372,15.211077,7.084852728,22.29592973,0.072694799,0.096178052,0.063150541,0.096178052,-11.09525145,0.051201435,0.065072256,0.053724829,-8.385462825,-9.027567449,-9.504253093,23.02162357,23.52093634,,,
7000,C1=CC2=C(C1)CCCC2,13754,O[C@@H]1CC/C=C/CCC1,18100,[H]O[C@@]1([H])C([H])([H])C([H])([H])C([H])([H])C2([H])C3([H])C([H])=C4C([H])([H])C([H])([H])C([H])([H])C([H])([H])C4(C3([H])[H])C2([H])C([H])([H])C1([H])[H],1,0 3 5 6 21 1,2,14.30662632,2.087254769,12.15508191,15.10268638,5.379648302,20.48233468,0.105780834,0.051789524,0.024225806,0.051789524,-16.41292039,0.158950865,0.030229511,0.022487008,-16.18292984,-16.75486742,-17.34914654,20.55881023,20.77959254,,,
3521,C1=C[C@@H]2CCC[C@@H]2C=C1,13778,O[C@@H]1CC/C=C/CCC1,18100,[H]O[C@@]1([H])C([H])([H])C([H])([H])C([H])([H])C2([H])C3([H])C([H])=C([H])C([H])(C2([H])C([H])([H])C1([H])[H])[C@@]1([H])C([H])([H])C([H])([H])C([H])([H])[C@@]31[H],0,7 1 6 5 21 0,1,14.77583465,3.342610146,10.66599874,15.14162961,7.440513774,22.58214338,0.076034878,0.084304531,0.021075287,0.084304531,-23.58183851,0.216460986,0.035895605,0.022631297,-22.30605956,-21.38186427,-21.52374953,23.73542312,22.96460052,,,
7000,CC(C)(C)C1=CCC=C1,14278,O[C@@H]1CC/C=C/CCC1,18100,[H]O[C@@]1([H])C([H])([H])C([H])([H])C([H])([H])C2([H])C3([H])C([H])=C(C(C([H])([H])[H])(C([H])([H])[H])C([H])([H])[H])C([H])(C3([H])[H])C2([H])C([H])([H])C1([H])[H],1,7 5 5 6 23 1,2,14.96896935,2.360736386,11.19208046,14.88100406,6.634234925,21.51523899,0.062814093,0.064346517,0.024754632,0.064346517,-17.55646886,0.121823075,0.021970492,0.029010579,-16.81675034,-16.70880732,-15.98871512,21.78089973,22.06928766,,,
3521,CC1=C(C)C(C)C(C)=C1C,14523,O[C@@H]1CC/C=C/CCC1,18100,[H]O[C@@]1([H])C([H])([H])C([H])([H])C([H])([H])C2([H])C3(C([H])([H])[H])C(C([H])([H])[H])=C(C([H])([H])[H])C(C([H])([H])[H])(C3([H])C([H])([H])[H])C2([H])C([H])([H])C1([H])[H],0,6 2 6 5 26 0,1,15.99723086,1.879085256,12.76924073,14.73855052,5.220480449,19.95903097,0.05095341,0.096878667,0.023342393,0.096878667,-16.13764366,0.296427215,0.020849726,0.007515527,-15.8872417,-15.53054414,-14.37198544,20.44346314,20.45780324,,,
7000,CNc1nc[nH]c(=O)c1N,15347,O[C@@H]1CC/C=C/CCC1,18100,[H]O[C@@]1([H])C([H])([H])C([H])([H])C([H])([H])C2([H])C3(N([H])[H])C(=O)N([H])C([H])(N=C3N([H])C([H])([H])[H])C2([H])C([H])([H])C1([H])[H],1,8 4 5 6 18 1,2,18.77847404,4.695320526,18.16283194,15.19340382,6.188712853,21.38211668,0.138551169,0.066499055,0.172933298,0.066499055,-11.02026069,0.042179351,0.014537929,0.01474973,-12.34830845,-13.5309133,-12.39743359,21.36954123,21.85235421,,,
14002,COC(=O)c1cocc1C,15426,O[C@@H]1CC/C=C/CCC1,18100,[H]O[C@@]1([H])C([H])([H])C([H])([H])C([H])([H])C2([H])C3([H])OC([H])(C(C(=O)OC([H])([H])[H])=C3C([H])([H])[H])C2([H])C([H])([H])C1([H])[H],1,7 5 5 6 18 1,6,17.10704875,4.569785991,15.51570712,14.78358756,7.503471341,22.2870589,0.02688015,0.198020611,0.108997255,0.198020611,-9.808160736,0.017888587,0.06989241,0.024373656,-9.039443028,-8.955344812,-7.606784045,22.57409335,23.35384103,,,
7000,Cc1nc(C)c(=O)[nH]c1C,16254,O[C@@H]1CC/C=C/CCC1,18100,[H]O[C@@]1([H])C([H])([H])C([H])([H])C([H])([H])C2([H])C3(C([H])([H])[H])C(C([H])([H])[H])=NC(C([H])([H])[H])(C(=O)N3[H])C2([H])C([H])([H])C1([H])[H],1,8 3 5 6 20 1,2,18.63912223,5.823626969,19.6327118,15.96412201,5.086604072,21.05072608,0.101961279,0.047361104,0.072405959,0.047361104,-10.76221635,0.019887695,0.005002822,0.012496881,-10.03523292,-10.70312236,-10.15400359,22.77664063,21.95173253,2997/g,TRUE,
7000,Cc1nc2c(o1)CCCC2,16294,O[C@@H]1CC/C=C/CCC1,18100,[H]O[C@@]1([H])C([H])([H])C([H])([H])C([H])([H])C2([H])C3(C([H])([H])[H])N=C4C([H])([H])C([H])([H])C([H])([H])C([H])([H])C4(O3)C2([H])C([H])([H])C1([H])[H],1,1 4 5 6 21 1,2,19.73060698,3.997055273,17.20484054,15.63551019,6.239918481,21.87542867,0.044645966,0.103352486,0.016027712,0.103352486,-7.115613253,0.245370397,0.072025982,0.010256597,-7.37709304,-7.213194754,-6.571165031,22.88680817,23.59788406,,,
7000,Cc1nc2c(o1)CNC2,16295,O[C@@H]1CC/C=C/CCC1,18100,[H]O[C@@]1([H])C([H])([H])C([H])([H])C([H])([H])C2([H])C3(C([H])([H])[H])N=C4C([H])([H])N([H])C([H])([H])C4(O3)C2([H])C([H])([H])C1([H])[H],1,1 4 5 6 17 1,2,17.28666592,2.440838801,16.40820232,15.14006562,3.476507356,18.61657297,0.123616197,0.171745056,0.057573764,0.171745056,-8.725533461,0.407318509,0.132368563,0.068135784,-8.370701906,-9.883588171,-9.015460798,19.87614137,20.50909217,9500,TRUE,
7000,Cc1ncc(=O)[nH]c1C,16304,O[C@@H]1CC/C=C/CCC1,18100,[H]O[C@@]1([H])C([H])([H])C([H])([H])C([H])([H])C2([H])C3(C([H])([H])[H])C(C([H])([H])[H])=NC([H])(C(=O)N3[H])C2([H])C([H])([H])C1([H])[H],1,7 3 5 6 17 1,2,18.16455699,5.583198961,19.94642547,15.80453122,4.110838499,19.91536972,0.177219755,0.053378229,0.124328237,0.053378229,-12.5362198,0.048908567,0.039887284,0.029236138,-11.76953557,-11.68360359,-11.68514513,21.59604536,21.82527752,224,FALSE,
3521,Cc1oc(C)c(C)c1C,16381,O[C@@H]1CC/C=C/CCC1,18100,[H]O[C@@]1([H])C([H])([H])C([H])([H])C([H])([H])C2([H])C3(C([H])([H])[H])OC(C([H])([H])[H])(C(C([H])([H])[H])=C3C([H])([H])[H])C2([H])C([H])([H])C1([H])[H],0,3 1 6 5 21 0,1,18.98720817,4.402276577,15.53528001,15.02771254,6.482285531,21.50999807,0.0250822,0.086610924,0.000948811,0.086610924,-6.691380314,0.150696504,0.006776245,0.01003033,-6.4137906,-6.158774492,-5.516220529,23.12217203,22.57947463,,,
17522,Fc1nc(F)c(F)nc1F,16585,O[C@@H]1CC/C=C/CCC1,18100,[H]O[C@@]1([H])C([H])([H])C([H])([H])C([H])([H])C2([H])C3(F)N=C(F)C(F)(N=C3F)C2([H])C([H])([H])C1([H])[H],1,3 8 5 6 10 1,6,21.84950678,5.20820214,20.21013047,15.36046509,6.436446126,21.79691122,0.049362138,0.013442466,0.010420595,0.013442466,-8.589316693,0.010161393,0.003444707,0.002594332,-6.529776768,-7.112341679,-5.719283349,23.77483157,22.65057714,,,
7000,NCc1ncoc1C(F)F,17006,O[C@@H]1CC/C=C/CCC1,18100,[H]O[C@@]1([H])C([H])([H])C([H])([H])C([H])([H])C2([H])C3(C([H])(F)F)OC([H])(N=C3C([H])([H])N([H])[H])C2([H])C([H])([H])C1([H])[H],1,6 4 5 6 16 1,2,18.27236785,4.219697278,17.9553588,15.54512479,6.885683715,22.4308085,0.104637794,0.023020559,0.056528895,0.023020559,-7.25593508,0.018834808,0.018123969,0.019251023,-9.010664594,-6.693574564,-7.128707678,22.46170015,22.78312539,,,
14002,O=C(O)c1cc(=O)[nH]cn1,17498,O[C@@H]1CC/C=C/CCC1,18100,[H]OC(=O)C1=NC2([H])N([H])C(=O)C1([H])C1([H])C([H])([H])C([H])([H])[C@@]([H])(O[H])C([H])([H])C([H])([H])C([H])([H])C21[H],1,8 4 5 6 14 1,6,20.93909021,6.220835203,22.72374745,15.61667212,3.833697387,19.4503695,0.018726564,0.063927995,0.067858482,0.063927995,-12.10980019,0.004237004,0.053687646,0.028358978,-9.96882399,-12.45329488,-10.03649636,23.17781627,23.92758005,22,TRUE,
14002,O=C(O)c1ccc(=O)oc1,17502,O[C@@H]1CC/C=C/CCC1,18100,[H]OC(=O)C1=C([H])C2([H])C(=O)OC1([H])C1([H])C([H])([H])C([H])([H])C([H])([H])[C@]([H])(O[H])C([H])([H])C([H])([H])C21[H],1,9 5 5 6 14 1,6,18.95393058,5.852238538,19.62113902,15.0559656,5.658689211,20.71465481,0.053570031,0.091982273,0.026015982,0.091982273,-13.23637113,0.028451676,0.048753636,0.034420719,-12.12106893,-12.98133739,-11.10233878,23.27032162,23.048368,,,
14002,O=C(O)c1ncc[nH]c1=O,17514,O[C@@H]1CC/C=C/CCC1,18100,[H]OC(=O)C12N=C([H])C([H])(N([H])C1=O)C1([H])C([H])([H])C([H])([H])[C@@]([H])(O[H])C([H])([H])C([H])([H])C([H])([H])C21[H],1,3 6 5 6 14 1,6,18.59745119,6.536734685,23.90499314,15.55438678,2.884214565,18.43860135,0.011890996,0.038628261,0.064529865,0.038628261,-11.34704208,0.003640021,0.069875117,0.029607063,-10.12407558,-12.41966818,-10.74648152,20.3545002,22.03536201,20,TRUE,
7000,O=c1[nH]c(O)nnc1F,17933,O[C@@H]1CC/C=C/CCC1,18100,[H]OC12N=NC(F)(C(=O)N1[H])C1([H])C([H])([H])C([H])([H])[C@@]([H])(O[H])C([H])([H])C([H])([H])C([H])([H])C21[H],1,3 7 5 6 11 1,2,24.1910631,5.073232321,21.26939675,15.64486646,6.931384733,22.57625119,0.044398818,0.04525578,0.015343535,0.04525578,-10.22128949,0.025882318,0.022921479,0.017211771,-8.702304809,-7.870782408,-9.169416507,22.82222044,22.99922208,None,FALSE,
7000,OCc1coc(CO)c1,18077,O[C@@H]1CC/C=C/CCC1,18100,[H]OC([H])([H])C1=C([H])C2(C([H])([H])O[H])OC1([H])C1([H])C([H])([H])C([H])([H])[C@@]([H])(O[H])C([H])([H])C([H])([H])C([H])([H])C21[H],1,5 3 5 6 17 1,2,18.82113724,4.911967801,18.03133524,15.75130814,4.608888666,20.36019681,0.081898576,0.055863359,0.084844546,0.055863359,-7.879566341,0.157356555,0.048984889,0.080575348,-8.480734268,-7.884335454,-6.564683912,22.61782468,23.7492695,3492,FALSE,
4574,O[C@@H]1C(F)=CC=C[C@@H]1O,18097,O=C1C=c2ccccc2=N1,17550,[H]O[C@@]1([H])C2([H])C([H])=C([H])C(F)(C34C(=NC(=O)C32[H])C([H])=C([H])C([H])=C4[H])[C@@]1([H])O[H],0,2 6 3 2 16 0,3,23.83007573,10.45433428,22.93138644,14.95323563,13.31839086,28.27162648,0.026614612,0.010489264,0.012035415,0.010489264,-5.791608394,0.057412412,0.026164236,0.01056424,-4.706893541,-4.173819039,-9.575844763,24.55043224,23.71683135,,,
6999,O[C@@H]1C(F)=CC=C[C@@H]1O,18097,O[C@@H]1CC/C=C/CCC1,18100,[H]O[C@@]1([H])C([H])([H])C([H])([H])C([H])([H])C2([H])C3([H])C([H])=C([H])C(F)(C2([H])C([H])([H])C1([H])[H])[C@@]([H])(O[H])[C@@]3([H])O[H],0,2 6 6 5 16 0,1,18.55659973,2.63327231,12.58847903,14.39914319,8.46803331,22.8671765,0.056487114,0.047111585,0.01615483,0.047111585,-28.13272784,0.070073301,0.027594514,0.038476296,-26.22950338,-23.69243778,-23.63456862,23.95110178,23.53812547,,,
