,index,Diene,Diene_Index,Ene,Ene_Index,Product,Unreverse,Title,Structure_Id,Diene_Distort_p,Ene_Distort_p,Interaction_p,G_E_p,deltaEa_dimp,deltaGa_dimp,Times_1_Diene_Distort_var,Times_1_Distort_var,Times_1_Interaction_var,Times_1_Ene_Distort_var,Times_1_G_mean,Times_2_Diene_Distort_var,Times_2_Ene_Distort_var,Times_2_Interaction_var,Times_2_G_mean,deltaG_pred,deltaG_p,deltaGa_p,deltaGa(Solvent)_p
1,3421,CC1=C(C)C(C)=C(C)C1,3001,OCC1=Cc2ccccc21,18025,[H]OC([H])([H])C12c3c([H])c([H])c([H])c([H])c3C1([H])C1(C([H])([H])[H])C(C([H])([H])[H])=C(C([H])([H])[H])C2(C([H])([H])[H])C1([H])[H],1,1 6 2 3 23 1,0,14.225075115576312,9.740819458103749,19.67496047529882,15.450897298769776,3.240977561082939,18.69187485985272,0.0196680272362566,0.0170176778419547,0.0951007996417879,0.0170176778419547,-20.91947513473029,0.0718050410805804,0.0314117990840792,0.1074052664741567,-20.41640093899428,-24.857237416201343,-25.25289367103609,19.9586025657294,21.19679232430264
2,3521,CC1=C(C)C(C)=C(C)C1,3001,O[C@@H]1CC/C=C/CCC1,18100,[H]O[C@@]1([H])C([H])([H])C([H])([H])C([H])([H])C2([H])C3(C([H])([H])[H])C(C([H])([H])[H])=C(C([H])([H])[H])C(C([H])([H])[H])(C3([H])[H])C2([H])C([H])([H])C1([H])[H],0,1 6 6 5 23 0,1,16.43544480189604,1.515102541445447,12.791201045151563,14.893136386087098,3.1808274156640106,18.07396380175111,0.088286394598326,0.1072108208899784,0.035031254279008,0.1072108208899784,-17.438743553616398,0.4006845533349502,0.0355830093269008,0.0087422995826409,-16.91039244576607,-16.282271074583107,-14.562500682551963,20.15321017227369,20.91650412461702
3,12601,c1nncnn1,5944,O=C1C[C@@H]2C=C[C@@H]2N1,17666,[H]N1C(=O)C([H])([H])[C@]2([H])C3([H])C4([H])N=NC([H])(N=N4)C3([H])[C@]12[H],0,0 3 4 5 8 0,1,18.00451677588852,8.851620737574436,19.29746185626753,15.171842922634264,8.187766434305978,23.35960935694024,0.0031879874425363,0.0237664639717996,0.003674122509524,0.0237664639717996,-7.302486077495928,0.0111923814873208,0.0184049201196275,0.026787804416954,-6.122162461378771,-4.882165456730117,-5.591463234330185,24.213678812716395,21.7103410009535
4,13407,c1nncnn1,5944,O=C1N[C@H]2C=C[C@@H]1C2,17755,[H]N1C(=O)[C@]2([H])C3([H])C4([H])N=NC([H])(N=N4)C3([H])[C@@]1([H])C2([H])[H],0,0 3 4 5 8 0,1,18.072047091113177,10.437013306818631,20.25936131643546,15.191093551068471,9.10780503504255,24.298898586111022,0.0110062952218113,0.0055297852241758,0.0044415121559253,0.0055297852241758,-7.516474551155554,0.0033308276307561,0.0038571732372949,0.0056517230395581,-7.955559014277966,-5.0651293300464495,-6.520921770912892,23.502751479351687,21.099805847492103
5,13497,c1nncnn1,5944,O=C1O[C@@H]2C=CC[C@H]2[C@H]1O,17773,[H]O[C@@]1([H])C(=O)O[C@]2([H])C3([H])C4([H])N=NC([H])(N=N4)C3([H])C([H])([H])[C@@]12[H],0,0 3 4 5 8 0,1,17.779814272575948,10.441697868956965,20.095902295202485,15.424115387023903,8.612494768904163,24.036610155928063,0.0174497050423001,0.0233463853596698,0.0039458267602549,0.0233463853596698,-4.997981900232276,0.0079046229978979,0.0171131889238952,0.0115210949052359,-5.413994716263616,-4.98482423161121,-5.07868847328032,23.80088211238696,21.15133550901682
6,17025,c1nncnn1,5944,OCC1=Cc2ccccc21,18025,[H]OC([H])([H])C12c3c([H])c([H])c([H])c([H])c3C1([H])C1([H])N=NC2([H])N=N1,1,0 3 2 3 8 1,0,14.610783007857728,8.937076501876259,21.197028185480384,15.130875344238502,2.384700680717021,17.51557602495552,0.0121183841883894,0.035731925993097,0.0163139152277736,0.035731925993097,-17.885413452644926,0.0229873386259198,0.0375732646852275,0.0400829958360005,-17.702775865359946,-19.12127032671974,-20.041071257529,18.95842634817393,16.198161619435954
7,17517,c1nncnn1,5944,O[C@@H]1CC/C=C/CCC1,18100,[H]O[C@@]1([H])C([H])([H])C([H])([H])C([H])([H])C2([H])C3([H])N=NC([H])(N=N3)C2([H])C([H])([H])C1([H])[H],0,0 3 6 5 8 0,1,15.679657403964184,3.078813747578872,17.88861853165703,15.013681538192326,1.129985636751556,16.143667174943882,0.0344917070590426,0.0518026434154249,0.0170603309297034,0.0518026434154249,-18.6158013412288,0.0507932468530385,0.0134444075426514,0.0084188645060054,-15.254178947050733,-14.958513879976891,-13.816980322355649,17.771449557687625,15.318834236280445
8,17622,c1nncnn1,5944,O[C@@]12C=C[C@H](CCCC1)O2,18115,[H]O[C@]12O[C@@]([H])(C([H])([H])C([H])([H])C([H])([H])C1([H])[H])C1([H])C3([H])N=NC([H])(N=N3)C12[H],1,0 3 2 3 8 1,0,18.11396680115134,9.85291579336994,22.56309766177105,15.274584882615333,7.916410894098306,23.19099577671364,0.0112115337292875,0.0097781809016618,0.0106529744300623,0.0097781809016618,-13.145509460090947,0.0056937609676159,0.0106575821012017,0.0212021383552848,-12.530332384547044,-8.00779491833655,-7.784160836746544,23.086593101114254,20.843253815469545
9,20359,c1nncnn1,5944,C1=CCNC1,12046,[H]N1C([H])([H])C2([H])C3([H])N=NC([H])(N=N3)C2([H])C1([H])[H],1,0 3 0 1 8 1,0,18.61705609126829,8.941590281548391,20.513197343984004,15.42894308778693,7.52445271764142,22.95339580542835,0.0859658522833124,0.0731898226222578,0.0846125327679459,0.0731898226222578,-4.038525391893252,0.0878953977197013,0.029232316551673,0.112196496621882,-4.03312455288706,-3.473912092431448,-5.023004709894813,22.43614930923805,19.85284691520899
10,20408,c1nncnn1,5944,C1=C[C@H]2NC[C@@H]2C1,12063,[H]N1C([H])([H])[C@]2([H])C([H])([H])C3([H])C4([H])N=NC([H])(N=N4)C3([H])[C@@]12[H],0,0 3 0 1 8 0,1,17.937422931387648,8.744324443935767,20.468664551293635,15.085470525693472,5.923910642522756,21.00938116821623,0.0160503338408386,0.0232917587838204,0.0173963093310951,0.0232917587838204,-8.083804483672687,0.0100401677515079,0.0143885391628221,0.0394683638908649,-8.053051336645972,-7.9825054741559,-5.894926675634544,21.91090658036228,20.457296098638498
11,20457,c1nncnn1,5944,C1NCC2=C1CNC2,12076,[H]N1C([H])([H])C23C4([H])N=NC([H])(N=N4)C2(C1([H])[H])C([H])([H])N([H])C3([H])[H],1,0 3 3 4 8 1,0,18.13259507154802,10.70262758727648,23.072194445941268,16.20008557155354,6.006022194503327,22.206107766056867,0.0044330135602456,0.0074567133868951,0.0016111238360581,0.0074567133868951,-7.539550313797733,0.0037498471093061,0.0195586025129398,0.0004240445347824,-8.206341657154127,-7.049166725117015,-9.412392547138708,21.69550284506235,18.449449285627395
12,20725,c1nncnn1,5944,C=CC1OCCO1,12186,[H]C1([H])OC([H])(C2([H])C3([H])N=NC([H])(N=N3)C2([H])[H])OC1([H])[H],1,0 3 0 1 8 1,0,18.53182860856809,9.499306102293817,18.71637504462249,15.163578616849886,8.689700825095443,23.85327944194533,0.0095188264947094,0.0432143414988911,0.035656864690841,0.0432143414988911,-6.38240858573613,0.0079799627485746,0.0282455436395927,0.0205366732224053,-6.813530778727973,-4.754048573846589,-5.889194714490497,25.41342685300464,23.97564340550192
13,21552,c1nncnn1,5944,NC(=O)[C@@H]1C=CCN1,13129,[H]N([H])C(=O)[C@@]1([H])N([H])C([H])([H])C2([H])C3([H])N=NC([H])(N=N3)C21[H],0,0 3 4 5 8 0,1,18.55565582428349,9.741414477300808,20.803040401540457,15.633295858495725,7.882235324431164,23.515531182926885,0.0084256690556863,0.0171016759485831,0.0121316277913447,0.0171016759485831,-3.71292886381255,0.0125565869174895,0.0191302706436716,0.033756826275875,-3.636492571366901,-2.6787181121127226,-5.490930060206335,23.90008962238779,21.914942062070715
14,23401,c1nncnn1,5944,C1=C[C@@H]2CC[C@H]3C=CC1C23,13779,[H]C1=C([H])[C@]2([H])C([H])([H])C([H])([H])[C@@]3([H])C4([H])C5([H])N=NC([H])(N=N5)C4([H])[C@@]1([H])[C@@]32[H],1,0 3 0 1 8 1,0,17.56191114335507,9.10033933620117,20.81409430087182,15.425798634475187,5.741714242296791,21.16751287677198,0.0223751072938315,0.0271544426198897,0.0199595408028576,0.0271544426198897,-11.347294449116248,0.0259159404090444,0.0199732228548306,0.0138840389085044,-12.939798950286878,-11.482918319721136,-10.485341767503511,21.751200617949166,18.230596476966795
15,23512,c1nncnn1,5944,C1=C[C@H]2C[C@@H]1[C@H]1CNC[C@H]12,13790,[H]N1C([H])([H])[C@@]2([H])[C@@]3([H])C4([H])C5([H])N=NC([H])(N=N5)C4([H])[C@]([H])(C3([H])[H])[C@@]2([H])C1([H])[H],0,0 3 0 1 8 0,1,17.93726983959401,8.240716156008467,20.58262133711247,15.21398644882656,5.767246500921811,20.98123294974837,0.0010057831495117,0.004402387642515,0.0009601600249002,0.004402387642515,-9.733374266455217,0.0009390270780283,0.0141922794874473,0.0088147355697997,-8.205792639295524,-6.173397008175797,-5.122669781361161,21.54039980336852,20.10994235218071
16,23517,c1nncnn1,5944,C1=C[C@H]2O[C@@H]2CCC1,13793,[H]C12N=NC([H])(N=N1)C1([H])C2([H])C([H])([H])C([H])([H])C([H])([H])[C@@]2([H])O[C@]12[H],1,0 3 0 1 8 1,0,18.037765797747472,9.913336604606531,20.60946540822644,15.361624706721562,8.027090801353303,23.388715508074867,0.0302294748880541,0.0226726179191525,0.0708005522485968,0.0226726179191525,-7.130708628340301,0.0536333632917393,0.0149833065613507,0.0589306215390357,-6.72038778555914,-5.970670625433119,-6.186093075645363,23.444503086705893,21.29813667345249
17,25070,c1nncnn1,5944,C=CC/N=C(/N)NCCO,13979,[H]OC([H])([H])C([H])([H])N([H])/C(=N\C([H])([H])C1([H])C2([H])N=NC([H])(N=N2)C1([H])[H])N([H])[H],1,0 3 0 1 8 1,0,18.881480020627848,10.656967149222757,21.62242549683453,15.79340475657979,9.233201961837718,25.026606718417508,0.0033165116139223,0.0051269963299196,0.0069514401211403,0.0051269963299196,-2.768425121506929,0.004175756182561,0.0128645668823582,0.00853601427866,-2.6871881430250824,-2.686896847731738,-5.745917955311072,24.331138097991087,22.704995050393727
18,25177,c1nncnn1,5944,C=CCC#CCCCC,13989,[H]C([H])([H])C([H])([H])C([H])([H])C([H])([H])C#CC([H])([H])C1([H])C2([H])N=NC([H])(N=N2)C1([H])[H],0,0 3 0 1 8 0,1,18.50154731188624,9.737354205041314,20.35313712322368,16.700460978597924,6.9686477401958165,23.66910871879374,0.0083263214019953,0.0373413494645396,0.0275707972360468,0.0373413494645396,-5.005889624297112,0.0387790972321375,0.0427041146236481,0.3076004244801298,-4.523340729241788,-4.986314544338665,-5.304491308833395,24.486897882851856,22.82868376218522
19,25546,c1nncnn1,5944,C=CCN1CCC[C@@H]1CN,14016,[H]N([H])C([H])([H])[C@]1([H])N(C([H])([H])C2([H])C3([H])N=NC([H])(N=N3)C2([H])[H])C([H])([H])C([H])([H])C1([H])[H],1,0 3 0 1 8 1,0,18.654860302617905,10.685708536442885,20.71334202723916,15.753215431513174,8.145129502386297,23.89834493389948,0.0156645013929636,0.0293460762073307,0.0470563422213612,0.0293460762073307,-5.365298185779473,0.0092655888663329,0.0523900939496946,0.1348394382150226,-6.006358834671985,-4.778554154864189,-5.067638997993768,24.503739980510773,22.37196474345704
20,25846,c1nncnn1,5944,C=CC[C@@H]1COCCO1,14046,[H]C1([H])OC([H])([H])[C@@]([H])(C([H])([H])C2([H])C3([H])N=NC([H])(N=N3)C2([H])[H])OC1([H])[H],1,0 3 0 1 8 1,0,18.25391531020836,9.775537698913904,18.901818704457103,15.335752271185658,9.227284178839296,24.56303645002496,0.0081403788669645,0.1107090270053546,0.0774961799415242,0.1107090270053546,-5.43030426892512,0.0052887513540569,0.0814244894277279,0.1786030190148903,-4.551660232335678,-4.912843385815165,-5.119077012699179,24.47895345478782,23.224672232541224
21,32306,c1nncnn1,5944,C[C@@H]1C=C[C@H]2C[C@@H](O)[C@H]12,15683,[H]O[C@]1([H])C([H])([H])[C@]2([H])C3([H])C4([H])N=NC([H])(N=N4)C3([H])[C@@]([H])(C([H])([H])[H])[C@]21[H],0,0 3 2 3 8 0,1,18.29384446180962,9.340391069617189,21.14212189238462,15.259407257704282,4.71364327245767,19.973050530161952,0.0064279024258699,0.0229166950047324,0.0095876827671889,0.0229166950047324,-9.634747222208986,0.0074534516266941,0.0394925041782402,0.0162566864506186,-9.564175926862228,-9.299793548717638,-6.209263397794107,22.68967914018343,21.02025952975617
22,32455,c1nncnn1,5944,C[C@@H]1CC[C@@]2(C)C=C[C@@H]12,15702,[H]C12N=NC([H])(N=N1)C1([H])C2([H])[C@]2(C([H])([H])[H])C([H])([H])C([H])([H])[C@@]([H])(C([H])([H])[H])[C@]12[H],1,0 3 6 7 8 1,0,17.35679284985134,10.18890797342467,19.652902838210338,15.41084254938692,8.953082221765545,24.363924771152465,0.0101364292775161,0.0030315712408807,0.0029258970871191,0.0030315712408807,-11.323678987808364,0.0222011953079067,0.0032010029692967,0.0036608386345886,-10.325010021630838,-7.47522373571957,-6.308580527276543,23.804266274922583,21.173564169148264
23,21004,c1cnncn1,11875,O[C@@H]1CC/C=C/CCC1,18100,[H]O[C@@]1([H])C([H])([H])C([H])([H])C([H])([H])C2([H])C3([H])N=NC([H])(C([H])=N3)C2([H])C([H])([H])C1([H])[H],1,4 1 5 6 9 1,10,19.15934245553324,6.2408738330811815,18.519167382726923,15.187860875570548,5.6226617375826216,20.810522613153168,0.0511582346802236,0.076340276878782,0.0426897653062629,0.076340276878782,-7.897784353774149,0.0863332829558989,0.0461314371343481,0.0305540344845902,-6.190533259977414,-5.640944583450938,-5.125993884997609,24.45666070236444,23.43170252370892
28,13608,C=CC1=CC=CC1,12183,OCC1=Cc2ccccc21,18025,[H]OC([H])([H])C12c3c([H])c([H])c([H])c([H])c3C1([H])C1([H])C([H])=C([H])C2(C([H])=C([H])[H])C1([H])[H],1,2 5 2 3 15 1,4,14.42065962292559,9.72722983724716,17.52411187472925,15.296403656808632,5.847497552551818,21.14390120936045,0.0201704293410117,0.0300854177118542,0.0545369369026706,0.0300854177118542,-15.995135470183868,0.0809075619036023,0.0279860912045373,0.112380211131488,-15.301878984508283,-20.095154231100835,-20.5700411245606,22.80818020741959,23.33218682551628
29,3521,CC(C)C1C=CC=C1,12331,O[C@@H]1CC/C=C/CCC1,18100,[H]O[C@@]1([H])C([H])([H])C([H])([H])C([H])([H])C2([H])C3([H])C([H])=C([H])C([H])(C3([H])C([H])(C([H])([H])[H])C([H])([H])[H])C2([H])C([H])([H])C1([H])[H],0,4 7 6 5 20 0,1,14.39468027613947,1.8607621246815604,9.915580906401956,14.716470320102388,5.650092336208944,20.36656265631133,0.0644295550180293,0.0445537770295083,0.0135329220142778,0.0445537770295083,-16.88763695320214,0.2216362774996833,0.0211474627945202,0.0274391950195486,-16.86411922996156,-14.874543231410286,-13.8982607794811,22.189322933954674,22.12978539978874
30,3421,CC1(CO)C=CC=C1,12373,OCC1=Cc2ccccc21,18025,[H]OC([H])([H])C12c3c([H])c([H])c([H])c([H])c3C1([H])C1([H])C([H])=C([H])C2([H])C1(C([H])([H])[H])C([H])([H])O[H],1,4 7 2 3 18 1,0,14.201670181186204,8.974114964429123,17.019257628649477,15.732673705414037,7.065085054595258,22.79775876000929,0.0072960975903364,0.012512021483806,0.0312063568406863,0.012512021483806,-17.98789677039207,0.077477781301917,0.0202912543164909,0.1538107881229599,-17.574380490129712,-22.44916881196901,-23.19540321311224,21.449269285779632,22.86541544006245
31,7000,CCC1=CCC(C)=C1,12437,O[C@@H]1CC/C=C/CCC1,18100,[H]O[C@@]1([H])C([H])([H])C([H])([H])C([H])([H])C2([H])C3(C([H])([H])[H])C([H])=C(C([H])([H])C([H])([H])[H])C([H])(C3([H])[H])C2([H])C([H])([H])C1([H])[H],1,5 3 5 6 20 1,2,15.063008142682476,2.1983870666718364,12.118519896023614,14.853736978041578,4.997486677687984,19.85122365572956,0.0822264925656303,0.108085042199213,0.0478226983106402,0.108085042199213,-16.36337645341358,0.3328113361575249,0.0492758172498552,0.0427794913241731,-16.10137047858705,-16.930464342830902,-15.032010088445992,21.31834317439084,21.65674044962148
32,7000,CNc1cnco1,12571,O[C@@H]1CC/C=C/CCC1,18100,[H]O[C@@]1([H])C([H])([H])C([H])([H])C([H])([H])C2([H])C3(N([H])C([H])([H])[H])OC([H])(N=C3[H])C2([H])C([H])([H])C1([H])[H],1,2 5 5 6 13 1,2,18.33391770251524,4.659083305012455,16.415365399080223,15.115250007931422,6.358992337933131,21.47424234586456,0.0436831701453583,0.0691330649713419,0.0442157996945694,0.0691330649713419,-5.995185251275188,0.0512136716619647,0.0552604167176991,0.030427127076505,-6.81328691652184,-5.338057643385508,-5.673505335394449,22.23528840779205,22.28949045991952
33,6804,CNc1cocn1,12574,OCC1=Cc2ccccc21,18025,[H]OC([H])([H])C12c3c([H])c([H])c([H])c([H])c3C1([H])C1([H])N=C(N([H])C([H])([H])[H])C2([H])O1,1,5 3 3 2 13 1,2,14.063860665475149,10.053429033239166,20.031463158510952,15.184156509790844,4.011610553990948,19.1957670637818,0.1127896739184117,0.008150427342853,0.0349105564727545,0.008150427342853,-15.65571540987856,0.3834431280681872,0.0115787355543951,0.2219572682091953,-14.55773583563836,-17.835902667768934,-18.54226597028778,19.194284016489583,19.66484578619572
34,7000,CNc1cocn1,12574,O[C@@H]1CC/C=C/CCC1,18100,[H]O[C@@]1([H])C([H])([H])C([H])([H])C([H])([H])C2([H])C3([H])N=C(N([H])C([H])([H])[H])C([H])(O3)C2([H])C([H])([H])C1([H])[H],1,5 3 5 6 13 1,2,17.057532653871203,3.2489781474573274,16.057314720153144,14.863612401920538,5.061208296885695,19.92482069880624,0.0392856151919071,0.1136626150074881,0.0612578755891593,0.1136626150074881,-12.93125723174682,0.1704345464703473,0.0454421981700482,0.0536481338630727,-11.347950059940452,-11.3344197389252,-10.5427959976087,20.873419477474545,21.24281782228488
35,7000,COc1ccoc1,12645,O[C@@H]1CC/C=C/CCC1,18100,[H]O[C@@]1([H])C([H])([H])C([H])([H])C([H])([H])C2([H])C3([H])OC([H])(C([H])=C3OC([H])([H])[H])C2([H])C([H])([H])C1([H])[H],1,6 4 5 6 13 1,2,17.246715223751636,4.67192096301091,13.82069454640319,14.465402312406844,8.664888483287573,23.130290795694417,0.0853455309265852,0.0982535901712048,0.0337769212718836,0.0982535901712048,-7.874312415342274,0.1105534343657861,0.0100826306251053,0.0108616621125315,-7.377673859757053,-7.6228681950184765,-5.817550121637634,23.663495785636755,23.50902003116132
36,6804,C[C@H]1C=CC=CC1,12691,OCC1=Cc2ccccc21,18025,[H]OC([H])([H])C12c3c([H])c([H])c([H])c([H])c3C1([H])C1([H])C([H])=C([H])C2([H])C([H])([H])[C@@]1([H])C([H])([H])[H],1,2 5 3 2 17 1,2,15.30336514968578,10.089401780077123,16.51031630427584,15.171833189555676,8.534498542836019,23.706331732391696,0.0255360025461874,0.0244984322587632,0.0328344065738766,0.0244984322587632,-27.720057582570654,0.1116547770033043,0.0198503423163867,0.2168064430988611,-29.81908765284301,-32.06593060212602,-34.36870136887253,23.72419629643132,23.687612265719352
37,14002,Cc1coc(C=O)n1,12827,O[C@@H]1CC/C=C/CCC1,18100,[H]O[C@@]1([H])C([H])([H])C([H])([H])C([H])([H])C2([H])C3(C([H])=O)N=C(C([H])([H])[H])C([H])(O3)C2([H])C([H])([H])C1([H])[H],1,4 2 5 6 13 1,6,18.67499521242025,4.03768494662962,18.366235824959823,15.07154235364987,5.533697007264617,20.60523936091449,0.0536922907834102,0.0479967024461942,0.0352599167822349,0.0479967024461942,-6.357855775240715,0.1019609912393591,0.0719611145587189,0.0556077531025727,-6.700686520137964,-6.303145817734418,-6.0886430138672765,22.901393762452766,21.94490857877273
38,7000,Cc1coc(O)c1,12830,O[C@@H]1CC/C=C/CCC1,18100,[H]OC12OC([H])(C(C([H])([H])[H])=C1[H])C1([H])C([H])([H])C([H])([H])[C@@]([H])(O[H])C([H])([H])C([H])([H])C([H])([H])C21[H],1,4 2 5 6 13 1,2,17.813459330255604,2.9823962344060533,14.692630559542003,15.098911418263787,6.472480933236442,21.57139235150023,0.0266686952347543,0.0916565763272393,0.0043053227596142,0.0916565763272393,-9.723870360838127,0.0759855435428563,0.0215866573813305,0.0295780234010868,-9.465714136100928,-9.127676293715185,-10.14900269498628,21.02299767318649,21.62163862560444
39,7000,Cc1ncoc1C,12873,O[C@@H]1CC/C=C/CCC1,18100,[H]O[C@@]1([H])C([H])([H])C([H])([H])C([H])([H])C2([H])C3(C([H])([H])[H])OC([H])(N=C3C([H])([H])[H])C2([H])C([H])([H])C1([H])[H],1,5 3 5 6 14 1,2,18.23160624574268,3.661695003387495,16.21094977657856,15.086147883969158,5.932623408547446,21.018771292516604,0.0482909772818667,0.0474400730033659,0.0621855587342874,0.0474400730033659,-9.584725240547025,0.0543643414098821,0.009915672780153,0.0156187147152619,-9.561382718544415,-8.512182890489129,-7.169820401082831,22.43106140466039,21.91967496685294
40,17517,Cc1nnc(C)nn1,12881,O[C@@H]1CC/C=C/CCC1,18100,[H]O[C@@]1([H])C([H])([H])C([H])([H])C([H])([H])C2([H])C3(C([H])([H])[H])N=NC(C([H])([H])[H])(N=N3)C2([H])C([H])([H])C1([H])[H],0,1 4 6 5 14 0,1,18.92713537792817,4.2422419596141765,19.58403785066592,17.205971052821475,3.075044671488662,20.281015724310137,0.0383727641779779,0.064218241242931,0.0231725507712077,0.064218241242931,-11.322298824929504,0.1777743532242566,0.0231370608196684,0.0314293388221669,-8.795609458847778,-8.054363585800793,-6.483244370961447,22.425668403408885,21.73621559056419
41,7000,NC1=CC=C(CO)C1,13148,O[C@@H]1CC/C=C/CCC1,18100,[H]OC([H])([H])C12C([H])=C([H])C(N([H])[H])(C1([H])[H])C1([H])C([H])([H])C([H])([H])C([H])([H])[C@]([H])(O[H])C([H])([H])C([H])([H])C21[H],1,1 4 5 6 17 1,2,15.5610968890229,2.4843851833180963,14.446697226971969,15.298563858252574,3.138426790766488,18.436990649019062,0.2628378566660244,0.1547296187701692,0.0665964720930032,0.1547296187701692,-13.227696861181784,0.6681336864291346,0.1710626961635472,0.0786620096457178,-12.878164876828848,-14.99798560791745,-13.902252366366293,18.587400817421504,20.221854748374508
42,6999,NC1=CNCC=C1,13153,O[C@@H]1CC/C=C/CCC1,18100,[H]O[C@@]1([H])C([H])([H])C([H])([H])C([H])([H])C2([H])C3([H])C(N([H])[H])=C([H])C([H])(C([H])([H])N3[H])C2([H])C([H])([H])C1([H])[H],0,5 2 6 5 15 0,1,15.694291268404433,3.0105262151647274,12.10207568276954,14.446360253631694,7.226884629105093,21.67324488273679,0.0725408936653486,0.1857660767718315,0.0707421965521429,0.1857660767718315,-26.097093163559123,0.2512158757163745,0.1378243986207308,0.0422591023146215,-25.926476306612805,-25.08942195470968,-24.36124218844858,22.45256695855653,23.20275781105064
43,7000,Nc1ccco1,13251,O[C@@H]1CC/C=C/CCC1,18100,[H]O[C@@]1([H])C([H])([H])C([H])([H])C([H])([H])C2([H])C3(N([H])[H])OC([H])(C([H])=C3[H])C2([H])C([H])([H])C1([H])[H],1,1 4 5 6 11 1,2,17.848312675525484,4.352395466427138,15.129904097097754,14.80096204207155,6.234918243461683,21.03588028553323,0.0391366739180734,0.1666545766484147,0.0023449409694672,0.1666545766484147,-6.177814925964192,0.0988498206815865,0.0336967073883406,0.0182344813134907,-6.36528310864022,-6.483224705979939,-6.468970294831891,23.02534263865264,23.30175732935708
44,14002,O=C(O)C1=CCC=C1,13341,O[C@@H]1CC/C=C/CCC1,18100,[H]OC(=O)C1=C([H])C2([H])C([H])([H])C1([H])C1([H])C([H])([H])C([H])([H])[C@@]([H])(O[H])C([H])([H])C([H])([H])C([H])([H])C21[H],1,6 4 5 6 14 1,6,14.450628215458035,2.5442404392491174,13.590712190703677,14.937285878408089,3.242242578160969,18.17952845656906,0.0412368267426636,0.144124314881015,0.1061384908463132,0.144124314881015,-20.49125160820928,0.1157820234280198,0.0451651897816881,0.0312885331278272,-19.627973859707343,-19.06311479407105,-14.934036693649354,20.38093721922116,21.526128920781765
45,3521,O=C(O)C1C=CC=C1,13347,O[C@@H]1CC/C=C/CCC1,18100,[H]OC(=O)C1([H])C2([H])C([H])=C([H])C1([H])C1([H])C([H])([H])C([H])([H])[C@@]([H])(O[H])C([H])([H])C([H])([H])C([H])([H])C21[H],0,4 7 6 5 14 0,1,14.491566706968602,1.2257258909990227,12.014739429723535,15.033530694732685,4.456672712091271,19.49020340682395,0.0814565123072524,0.1404078518459737,0.0572086155643516,0.1404078518459737,-19.519840721934663,0.2075351819555247,0.0739582074218216,0.0411486561360385,-17.92927000578669,-16.310622144142364,-15.68594610086118,20.30189099163422,20.35587350316335
46,7000,O=c1occcc1O,13458,O[C@@H]1CC/C=C/CCC1,18100,[H]OC12C(=O)OC([H])(C([H])=C1[H])C1([H])C([H])([H])C([H])([H])C([H])([H])[C@]([H])(O[H])C([H])([H])C([H])([H])C21[H],1,3 6 5 6 12 1,2,19.68691308253134,5.107358577064487,18.54275372470717,15.21107700370137,7.084852728209871,22.29592973191124,0.0726947992839712,0.0961780524210054,0.0631505411727506,0.0961780524210054,-11.0952514480501,0.0512014347264656,0.0650722560554249,0.0537248292255793,-8.38546282500473,-9.027567448820657,-9.504253092763712,23.021623565787984,23.52093634012072
47,6804,OCC1=NN=CC1,13471,OCC1=Cc2ccccc21,18025,[H]OC([H])([H])C12N=NC([H])(C1([H])[H])C1(C([H])([H])O[H])c3c([H])c([H])c([H])c([H])c3C21[H],1,2 5 3 2 13 1,2,15.26106837661222,9.359258196226168,20.416306465096035,15.720976786460838,4.122198288068333,19.84317507452917,0.0459796866858571,0.0425965960303974,0.0468456346858916,0.0425965960303974,-21.78540904687033,0.1331035496772309,0.0172617388819615,0.1718024707248725,-22.83754418819614,-25.56588789572165,-23.57177102203888,19.470930660362697,20.699978363723808
48,7000,OCC1=NN=CC1,13471,O[C@@H]1CC/C=C/CCC1,18100,[H]OC([H])([H])C12N=NC([H])(C1([H])[H])C1([H])C([H])([H])C([H])([H])[C@@]([H])(O[H])C([H])([H])C([H])([H])C([H])([H])C21[H],1,2 5 5 6 13 1,2,17.75817336241162,2.900836007321665,16.61892735432721,15.50628393145088,4.022480491554186,19.528764423005065,0.0428497249629515,0.0492623560300432,0.0381982741956736,0.0492623560300432,-17.536597464930445,0.0596029948606363,0.0371177480022488,0.037288149045212,-15.906611577677609,-18.07093827324222,-14.448687043693802,20.365824996790348,21.12924017500212
49,3421,Oc1ccc(O)o1,13517,OCC1=Cc2ccccc21,18025,[H]OC([H])([H])C12c3c([H])c([H])c([H])c([H])c3C1([H])C1(O[H])OC2(O[H])C([H])=C1[H],1,1 4 2 3 11 1,0,15.239648031097776,10.522248565636886,21.68201891611364,15.922828230919146,3.89944651382746,19.822274744746608,0.0171370489510558,0.0123935870926264,0.0076580121941013,0.0123935870926264,-18.63269011120034,0.0431344649007505,0.0056284408973412,0.0817085058066478,-16.844110103830097,-18.182445206451582,-20.78185037325389,19.56036371236069,20.58394938747181
50,3521,Oc1ccc(O)o1,13517,O[C@@H]1CC/C=C/CCC1,18100,[H]OC12OC(O[H])(C([H])=C1[H])C1([H])C([H])([H])C([H])([H])[C@@]([H])(O[H])C([H])([H])C([H])([H])C([H])([H])C21[H],0,1 4 6 5 11 0,1,17.443852711178806,2.408876531914119,14.352567209000616,15.669119629791908,4.694738499842931,20.36385812963484,0.0277438719253728,0.1455324832518778,0.0031244060023561,0.1455324832518778,-16.096937451111394,0.1699271678470629,0.0347292101994802,0.0162180636680002,-15.473412570287929,-12.271508822807562,-12.086097064121525,19.651836464288497,20.41562669043698
51,7000,Oc1ccoc1O,13526,O[C@@H]1CC/C=C/CCC1,18100,[H]OC1=C([H])C2([H])OC1(O[H])C1([H])C([H])([H])C([H])([H])C([H])([H])[C@]([H])(O[H])C([H])([H])C([H])([H])C21[H],1,5 3 5 6 11 1,2,15.036136792105408,2.442950266541226,15.064282833405066,14.832051792294452,1.3052976104054288,16.137349402699883,0.094740570847677,0.11971604959865,0.1442339612635488,0.11971604959865,-15.841517449600708,0.1425951820595811,0.0461484740340691,0.0290122553935139,-16.03111697553738,-15.26580242554948,-13.244251419566568,17.699127259715333,18.858587608351595
52,3421,c1ccoc1,13549,OCC1=Cc2ccccc21,18025,[H]OC([H])([H])C12c3c([H])c([H])c([H])c([H])c3C1([H])C1([H])OC2([H])C([H])=C1[H],1,4 2 2 3 9 1,0,16.128023771671273,10.95174201652256,18.80783269762756,14.882857246723274,8.234534986344006,23.11739223306728,0.0461213978321802,0.0336009587235332,0.0714084510852474,0.0336009587235332,-4.577502125548463,0.1037093022980211,0.0113633478060455,0.0838425934851192,-4.292778706900627,-8.814997601060206,-9.402394189009016,24.12589991843488,23.990912913495045
53,6804,c1nc2c([nH]1)NON2,13569,OCC1=Cc2ccccc21,18025,[H]OC([H])([H])C12c3c([H])c([H])c([H])c([H])c3C1([H])C1([H])N=C3N([H])ON([H])C32N1[H],1,0 3 3 2 12 1,2,15.036107367885712,10.396934854227789,21.49607812233954,15.606922748246058,3.751702345744693,19.35862509399076,0.1006392326201112,0.0037707270596362,0.0376071965875175,0.0037707270596362,-17.80485956335786,0.1810833550314936,0.0096066762597983,0.2210422690763475,-19.355572237633268,-19.651635282684268,-19.938486963006127,19.75010852492606,21.73178411975785
54,7000,c1nc2c([nH]1)NON2,13569,O[C@@H]1CC/C=C/CCC1,18100,[H]O[C@@]1([H])C([H])([H])C([H])([H])C([H])([H])C2([H])C3([H])N=C4N([H])ON([H])C4(N3[H])C2([H])C([H])([H])C1([H])[H],1,0 3 5 6 12 1,2,17.259073884714677,2.9273276290426544,17.23870321722981,15.3359771688854,2.280907458620195,17.616884627505595,0.0418260391277483,0.1241693768331159,0.0745298627742678,0.1241693768331159,-14.090702243698152,0.1166924854222817,0.0772227554095155,0.0382954808317517,-13.820042574395876,-13.702851295188673,-12.058435974057003,20.407587563061742,22.54989473835184
55,7000,C1=CC2=C(C1)CCCC2,13754,O[C@@H]1CC/C=C/CCC1,18100,[H]O[C@@]1([H])C([H])([H])C([H])([H])C([H])([H])C2([H])C3([H])C([H])=C4C([H])([H])C([H])([H])C([H])([H])C([H])([H])C4(C3([H])[H])C2([H])C([H])([H])C1([H])[H],1,0 3 5 6 21 1,2,14.30662632365055,2.0872547694955,12.155081911717142,15.102686382882196,5.37964830203371,20.482334684915905,0.1057808339974874,0.0517895237342519,0.0242258055994579,0.0517895237342519,-16.412920389906176,0.1589508645320261,0.0302295112054486,0.0224870076172332,-16.182929843406917,-16.754867420422208,-17.34914654279082,20.558810234255347,20.779592540236493
56,9975,C1=CC2=C(C1)CCCC2,13754,C=CC(F)(F)C(=O)C(=O)O,13974,[H]OC(=O)C(=O)C(F)(F)C1([H])C2([H])C([H])=C3C([H])([H])C([H])([H])C([H])([H])C([H])([H])C3(C2([H])[H])C1([H])[H],1,0 3 1 0 21 1,2,16.626882672546678,10.906258803420746,21.06380874663128,15.999206431217836,8.284548998404357,24.2837554296222,0.0024728700507331,0.0163485575578609,0.0058068985913778,0.0163485575578609,-6.447863510323884,0.033007264610643,0.0231362181246206,0.0292751732747307,-5.845319222709385,-6.830435035120022,-8.055922036640212,23.27095987752336,23.189918741239595
57,13998,C1=CN2C=NNC2=CN=C1,13772,O[C@@H]1CC/C=C/CCC1,18100,[H]O[C@@]1([H])C([H])([H])C([H])([H])C([H])([H])C2([H])C34C([H])=NC([H])(C([H])=C([H])N3C([H])=NN4[H])C2([H])C([H])([H])C1([H])[H],1,6 9 5 6 16 1,2,16.092660548567196,7.272988142057872,16.869543671852327,15.599435042984208,5.564192186174843,21.16362722915905,0.2386840653609805,0.2033747739755503,0.0953590345348459,0.2033747739755503,-22.208823345311203,0.0691735513806364,0.1137749579339713,0.0968746624179555,-23.69403670934087,-23.883071153518515,-23.05359580674279,23.406212613247305,23.41657147782048
58,3521,C1=C[C@@H]2CCC[C@@H]2C=C1,13778,O[C@@H]1CC/C=C/CCC1,18100,[H]O[C@@]1([H])C([H])([H])C([H])([H])C([H])([H])C2([H])C3([H])C([H])=C([H])C([H])(C2([H])C([H])([H])C1([H])[H])[C@@]1([H])C([H])([H])C([H])([H])C([H])([H])[C@@]31[H],0,7 1 6 5 21 0,1,14.775834648836188,3.3426101458251107,10.66599874372922,15.14162960628983,7.440513774184673,22.582143380474506,0.0760348778624555,0.0843045312162401,0.0210752868577317,0.0843045312162401,-23.58183850841911,0.2164609861365571,0.0358956052505078,0.0226312971353862,-22.30605955955976,-21.381864271128045,-21.52374953416154,23.735423120770434,22.964600515026625
62,6802,C=C(C)C1=CC[C@H](C)CC1,13854,OCC1=Cc2ccccc21,18025,[H]OC([H])([H])C12c3c([H])c([H])c([H])c([H])c3C1([H])C1([H])C(=C(C([H])([H])[H])C2([H])[H])C([H])([H])C([H])([H])[C@@]([H])(C([H])([H])[H])C1([H])[H],1,0 4 2 3 26 1,0,16.113726114639825,10.069768306127802,17.260474434937446,15.011722553240585,7.681801608104678,22.69352416134526,0.0041610392426384,0.0598397154760971,0.1135673175404353,0.0598397154760971,-36.05999403503138,0.1546619579004064,0.0395467135002824,0.2266841278280915,-34.218824234379085,-40.27193789797453,-42.38234365134102,23.3656570350728,23.518484485546203
67,6802,C=Cc1cc(=O)[nH]c(=O)[nH]1,14094,OCC1=Cc2ccccc21,18025,[H]OC([H])([H])C12c3c([H])c([H])c([H])c([H])c3C1([H])C1([H])C(=O)N([H])C(=O)N([H])C1=C([H])C2([H])[H],1,0 3 2 3 16 1,0,14.862699205640205,10.926112346556954,18.49291186619999,15.874572653025222,6.426864238939547,22.30143689196477,0.0096537210806352,0.2139995981291962,0.0590927950777912,0.2139995981291962,-27.94771426286673,0.0896007508268571,0.1626076436350308,0.2803740176111091,-27.956124010821213,-29.533839608886232,-31.369792509694825,24.088772631353383,23.436155813753167
68,14002,CC(=O)c1c[nH]c(=O)cn1,14232,O[C@@H]1CC/C=C/CCC1,18100,[H]O[C@@]1([H])C([H])([H])C([H])([H])C([H])([H])C2([H])C3([H])N=C(C(=O)C([H])([H])[H])C([H])(N([H])C3=O)C2([H])C([H])([H])C1([H])[H],1,8 4 5 6 16 1,6,19.190177393553647,5.581522441970938,19.8889417436036,14.849952533508976,5.03654684657705,19.88649938008603,0.0247590183475786,0.0548544065423068,0.073859981851247,0.0548544065423068,-13.411138365710109,0.0398082024057877,0.0426176285336824,0.0221347559888434,-10.519320098489622,-13.395453637196084,-10.746036051099807,22.24866342176416,21.010349622557825
69,27216,CC(=O)c1ccnnc1,14246,OCC1=Cc2ccccc21,18025,[H]OC([H])([H])C12c3c([H])c([H])c([H])c([H])c3C1([H])C1([H])N=NC2([H])C([H])=C1C(=O)C([H])([H])[H],1,5 8 2 3 15 1,8,19.36689422558508,10.861589567461952,22.741389150715825,15.52572366788046,6.98584333633973,22.51156700422019,0.0080762208187477,0.0328483133524224,0.0072852930708047,0.0328483133524224,-7.410122409990123,0.0180310668931,0.0526611067949158,0.0232497276238488,-8.287743968351101,-11.036288219813734,-11.383703064170817,23.6619408727314,21.35266262071963
70,6804,CC(C)(C)C1=CC=CC1,14276,OCC1=Cc2ccccc21,18025,[H]OC([H])([H])C12c3c([H])c([H])c([H])c([H])c3C1([H])C1(C(C([H])([H])[H])(C([H])([H])[H])C([H])([H])[H])C([H])=C([H])C2([H])C1([H])[H],1,4 7 3 2 23 1,2,14.074884285692148,10.35635602428992,17.3702213112011,15.626490733736816,7.170077654181551,22.796568387918366,0.0116299404536155,0.0236077379836091,0.0045323702120575,0.0236077379836091,-18.469519221587632,0.0475877004896959,0.0071492330544967,0.0285564468506776,-18.84129334311461,-22.13665213653708,-21.011983992107083,23.052828400860577,23.787806690946013
71,7000,CC(C)(C)C1=CCC=C1,14278,O[C@@H]1CC/C=C/CCC1,18100,[H]O[C@@]1([H])C([H])([H])C([H])([H])C([H])([H])C2([H])C3([H])C([H])=C(C(C([H])([H])[H])(C([H])([H])[H])C([H])([H])[H])C([H])(C3([H])[H])C2([H])C([H])([H])C1([H])[H],1,7 5 5 6 23 1,2,14.968969347303997,2.3607363858256374,11.192080456965668,14.881004061934329,6.634234924758749,21.51523898669308,0.0628140928459552,0.0643465172880732,0.0247546315277598,0.0643465172880732,-17.556468857694888,0.121823074675336,0.0219704917430141,0.0290105789622684,-16.816750335627987,-16.708807321863738,-15.988715118171555,21.780899734062977,22.06928766483386
72,3521,CC1=C(C)C(C)C(C)=C1C,14523,O[C@@H]1CC/C=C/CCC1,18100,[H]O[C@@]1([H])C([H])([H])C([H])([H])C([H])([H])C2([H])C3(C([H])([H])[H])C(C([H])([H])[H])=C(C([H])([H])[H])C(C([H])([H])[H])(C3([H])C([H])([H])[H])C2([H])C([H])([H])C1([H])[H],0,6 2 6 5 26 0,1,15.997230858934545,1.8790852555361488,12.769240731929736,14.738550522904006,5.220480448926743,19.95903097183075,0.0509534099854037,0.0968786666799642,0.0233423934008025,0.0968786666799642,-16.1376436600043,0.2964272151498843,0.0208497261742015,0.0075155273467906,-15.887241703492016,-15.530544135479822,-14.371985441652685,20.44346314435012,20.4578032405328
73,6802,CC1=CC(C)=C(C)[C@H]1C,14545,OCC1=Cc2ccccc21,18025,[H]OC([H])([H])C12c3c([H])c([H])c([H])c([H])c3C1([H])C1(C([H])([H])[H])C(C([H])([H])[H])=C([H])C2(C([H])([H])[H])[C@]1([H])C([H])([H])[H],1,1 5 2 3 23 1,0,15.08467357188518,9.869731184718235,19.384619606474374,15.42935928650985,6.395755845618158,21.82511513212801,0.022610803909211,0.023292456408743,0.1037345182608786,0.023292456408743,-19.974437046603832,0.078225080551224,0.0454420553164574,0.1220535910755641,-18.07744452905289,-23.13343999919788,-23.922367395822874,20.78490906539789,21.82600706332629
74,7000,CC1=CC(C)=C(C)[C@H]1C,14545,O[C@@H]1CC/C=C/CCC1,18100,[H]O[C@@]1([H])C([H])([H])C([H])([H])C([H])([H])C2([H])C3(C([H])([H])[H])C([H])=C(C([H])([H])[H])C(C([H])([H])[H])(C2([H])C([H])([H])C1([H])[H])[C@@]3([H])C([H])([H])[H],1,1 5 5 6 23 1,2,18.001476322773122,2.1857305524496304,13.003467006248057,14.943581183669718,6.796304304895706,21.739885488565424,0.0859755124918628,0.106710969909324,0.042993538842089,0.106710969909324,-11.418290873050664,0.2882933346412414,0.0673650916408802,0.0250678597336162,-11.67893339220749,-14.652158132099151,-13.14220426498126,23.15765644310649,23.53850862464281
75,7000,CC1=C[C@H](C)C(C)=C1C,14572,O[C@@H]1CC/C=C/CCC1,18100,[H]O[C@@]1([H])C([H])([H])C([H])([H])C([H])([H])C2([H])C3(C([H])([H])[H])C(C([H])([H])[H])=C(C([H])([H])[H])C([H])(C2([H])C([H])([H])C1([H])[H])[C@]3([H])C([H])([H])[H],1,5 2 5 6 23 1,2,16.12619976674036,1.7677513981627726,11.930348701614584,14.78835474945299,6.528327066629483,21.316681816082472,0.0456315006744359,0.0599705879132715,0.0373881157796004,0.0599705879132715,-14.871808435724724,0.2299177900279322,0.0207231786527002,0.0537069502712979,-15.58789122976301,-16.37468756379687,-14.727375753671057,22.11338581960809,21.63322261556987
76,7000,CCCCC1=CCC=C1,14666,O[C@@H]1CC/C=C/CCC1,18100,[H]O[C@@]1([H])C([H])([H])C([H])([H])C([H])([H])C2([H])C3([H])C([H])=C(C([H])([H])C([H])([H])C([H])([H])C([H])([H])[H])C([H])(C3([H])[H])C2([H])C([H])([H])C1([H])[H],1,7 5 5 6 23 1,2,14.156854099391698,2.5540655617235526,11.17758967783161,15.008885788384648,5.577416388105453,20.5863021764901,0.073375927013682,0.0815879842385857,0.0515872914532241,0.0815879842385857,-15.77704849543045,0.0794731493445657,0.0287278433006636,0.0615348533689913,-16.793742472298895,-16.89367121746259,-16.10892377418402,21.74385055333288,22.264326480306668
77,20414,CCc1cnc(CC)cn1,15010,OCC1=Cc2ccccc21,18025,[H]OC([H])([H])C12c3c([H])c([H])c([H])c([H])c3C1([H])C1([H])N=C(C([H])([H])C([H])([H])[H])C2([H])N=C1C([H])([H])C([H])([H])[H],1,8 3 2 3 22 1,8,19.470203043414468,10.866491834831772,20.45441783397124,15.53380972656546,8.761503361708158,24.295313088273616,0.0111198748202851,0.0395172722466913,0.070504780282749,0.0395172722466913,-8.56498621158071,0.0211581259494752,0.0617850991381384,0.1678740330099359,-8.13465827887017,-10.71620105482956,-10.69775348515222,25.27120074035563,23.817669033324336
78,6802,CN1C=CC(CN)=CN1,15168,OCC1=Cc2ccccc21,18025,[H]OC([H])([H])C12c3c([H])c([H])c([H])c([H])c3C1([H])C1([H])C(C([H])([H])N([H])[H])=C([H])C2([H])N(C([H])([H])[H])N1[H],1,2 7 2 3 20 1,0,16.995692813147404,10.487718429199578,19.57745381682609,15.683158931901016,7.221171534927315,22.90433046682833,0.020791609123786,0.0340824288965243,0.0901018236310203,0.0340824288965243,-26.698483204128323,0.138262690668279,0.0438578323987406,0.2883373278408822,-25.836394209360087,-30.768716251141484,-31.37001661384112,22.555775309802467,22.99089065496773
79,7000,CNc1nc[nH]c(=O)c1N,15347,O[C@@H]1CC/C=C/CCC1,18100,[H]O[C@@]1([H])C([H])([H])C([H])([H])C([H])([H])C2([H])C3(N([H])[H])C(=O)N([H])C([H])(N=C3N([H])C([H])([H])[H])C2([H])C([H])([H])C1([H])[H],1,8 4 5 6 18 1,2,18.778474040852373,4.695320525994847,18.16283194030804,15.193403822489929,6.188712852863112,21.38211667535304,0.1385511689092542,0.0664990554830278,0.1729332975404517,0.0664990554830278,-11.020260688369524,0.0421793511186081,0.0145379291171784,0.0147497302409045,-12.34830844915755,-13.53091329569429,-12.397433586571289,21.36954123199509,21.852354205052222
80,6802,COC(=O)N1C=CC=CC1,15403,OCC1=Cc2ccccc21,18025,[H]OC([H])([H])C12c3c([H])c([H])c([H])c([H])c3C1([H])C1([H])C([H])=C([H])C2([H])N(C(=O)OC([H])([H])[H])C1([H])[H],1,5 8 2 3 19 1,0,14.119499562204773,10.940020891488595,19.019521881552933,15.708238902241357,6.00034511250194,21.70858401474329,0.0011421978411723,0.02304706573288,0.0281965816401961,0.02304706573288,-26.37122358127575,0.0656216080375856,0.0473761707613787,0.160690406015254,-26.019073148732936,-29.04487877261972,-30.41439977481594,21.968516592434128,22.53304360136483
81,14002,COC(=O)c1cocc1C,15426,O[C@@H]1CC/C=C/CCC1,18100,[H]O[C@@]1([H])C([H])([H])C([H])([H])C([H])([H])C2([H])C3([H])OC([H])(C(C(=O)OC([H])([H])[H])=C3C([H])([H])[H])C2([H])C([H])([H])C1([H])[H],1,7 5 5 6 18 1,6,17.107048748649817,4.569785991299744,15.515707122811552,14.783587560494748,7.503471340842308,22.28705890133705,0.0268801502984766,0.1980206111138211,0.1089972547541385,0.1980206111138211,-9.808160735785286,0.017888587016021,0.0698924101745382,0.0243736558437809,-9.039443028314246,-8.955344811958263,-7.606784045351873,22.57409334992708,23.35384103393619
82,6802,COCc1ocnc1CN,15516,OCC1=Cc2ccccc21,18025,[H]OC([H])([H])C12c3c([H])c([H])c([H])c([H])c3C1([H])C1(C([H])([H])OC([H])([H])[H])OC2([H])N=C1C([H])([H])N([H])[H],1,5 3 2 3 20 1,0,16.3752408744719,10.825121999069196,20.841172015429347,15.75615848778807,5.041387327149945,20.79754581493801,0.0133451192448974,0.0424163132487301,0.0360120130035122,0.0424163132487301,-11.481362180488809,0.0615041559119975,0.0740664795373407,0.2666495952109962,-10.605122942466444,-14.984188306829886,-14.874937170531275,22.11653935157566,22.26678523168936
83,7000,C[C@@H]1CCC2=C1N=CCN2,15695,O[C@@H]1CC/C=C/CCC1,18100,[H]O[C@@]1([H])C([H])([H])C([H])([H])C([H])([H])C2([H])C34C(=NC([H])(C([H])([H])N3[H])C2([H])C([H])([H])C1([H])[H])[C@]([H])(C([H])([H])[H])C([H])([H])C4([H])[H],1,4 7 5 6 22 1,2,15.469261245885397,4.837902732160391,16.37539636103571,15.79669471185298,3.7713388800425633,19.568033591895546,0.1418657738271322,0.0429281865154153,0.0578823856795092,0.0429281865154153,-18.637988103325,0.0530375941741924,0.0423670816068955,0.0676326465954064,-20.18002615498221,-24.38205236121476,-22.35871990335098,19.41417300012656,19.221324285970567
84,7000,C[C@H](C1=CCC=C1)N(C)C,15757,O[C@@H]1CC/C=C/CCC1,18100,[H]O[C@@]1([H])C([H])([H])C([H])([H])C([H])([H])C2([H])C3([H])C([H])=C([C@]([H])(N(C([H])([H])[H])C([H])([H])[H])C([H])([H])[H])C([H])(C3([H])[H])C2([H])C([H])([H])C1([H])[H],1,5 3 5 6 25 1,2,15.207214170990063,2.567800456744875,11.42745928203452,14.87497083716262,6.911975296915042,21.78694613407766,0.0805388885329388,0.0892026250058805,0.1144317795454018,0.0892026250058805,-14.396494314142508,0.1194216652338708,0.0217752641625416,0.0679290887210709,-14.392916081140235,-16.31771650851954,-15.274402347054291,22.37666802464027,23.44189422572677
85,14002,Cc1coc(C)c1C(=O)O,16220,O[C@@H]1CC/C=C/CCC1,18100,[H]OC(=O)C1=C(C([H])([H])[H])C2([H])OC1(C([H])([H])[H])C1([H])C([H])([H])C([H])([H])C([H])([H])[C@]([H])(O[H])C([H])([H])C([H])([H])C21[H],1,4 2 5 6 18 1,6,18.13799283088747,3.9099787513285023,16.553792411862798,14.930402596239812,6.837831005932108,21.76823360217192,0.0233715738897831,0.0533910978918569,0.0561432778549264,0.0533910978918569,-6.43516141190004,0.0866332094705374,0.0359720445084129,0.061123148209765,-6.825246188632782,-7.059747285635783,-6.825882358477049,22.62521754420566,23.26572728733668
86,7000,Cc1coc(C)c1[C@H](C)O,16222,O[C@@H]1CC/C=C/CCC1,18100,[H]O[C@@]1([H])C([H])([H])C([H])([H])C([H])([H])C2([H])C3(C([H])([H])[H])OC([H])(C(C([H])([H])[H])=C3[C@@]([H])(O[H])C([H])([H])[H])C2([H])C([H])([H])C1([H])[H],1,4 2 5 6 22 1,2,18.034943669238057,4.967049513093043,16.74705416536529,15.214998298845792,5.680744682746425,20.895742981592218,0.0596899813174812,0.1082711411425783,0.0840313568167728,0.1082711411425783,-7.976044473115508,0.0693419544424727,0.0291019015135818,0.1044619157026697,-7.97417501574769,-8.562577172641014,-6.718480431095408,22.71326994420325,23.31083025145556
87,7000,Cc1nc(C)c(=O)[nH]c1C,16254,O[C@@H]1CC/C=C/CCC1,18100,[H]O[C@@]1([H])C([H])([H])C([H])([H])C([H])([H])C2([H])C3(C([H])([H])[H])C(C([H])([H])[H])=NC(C([H])([H])[H])(C(=O)N3[H])C2([H])C([H])([H])C1([H])[H],1,8 3 5 6 20 1,2,18.63912222989368,5.823626968767838,19.632711796621784,15.964122012565182,5.086604072287226,21.050726084852407,0.1019612787920692,0.0473611035218207,0.0724059585679948,0.0473611035218207,-10.762216353893976,0.0198876948483767,0.0050028215181536,0.0124968806165798,-10.035232922613218,-10.703122364995906,-10.154003590377236,22.77664063432924,21.95173252843901
88,7000,Cc1nc2c(o1)CCCC2,16294,O[C@@H]1CC/C=C/CCC1,18100,[H]O[C@@]1([H])C([H])([H])C([H])([H])C([H])([H])C2([H])C3(C([H])([H])[H])N=C4C([H])([H])C([H])([H])C([H])([H])C([H])([H])C4(O3)C2([H])C([H])([H])C1([H])[H],1,1 4 5 6 21 1,2,19.73060697641165,3.997055273258189,17.20484054308285,15.635510191052704,6.239918480669584,21.87542867172229,0.0446459655693798,0.1033524861248496,0.0160277118524851,0.1033524861248496,-7.115613252560955,0.2453703969953763,0.0720259817260216,0.0102565972868769,-7.377093040116932,-7.213194753781924,-6.57116503098036,22.886808173164944,23.59788406057831
89,6802,Cc1nc2c(o1)CNC2,16295,OCC1=Cc2ccccc21,18025,[H]OC([H])([H])C12c3c([H])c([H])c([H])c([H])c3C1([H])C13OC2(C([H])([H])[H])N=C1C([H])([H])N([H])C3([H])[H],1,1 4 2 3 17 1,0,14.652723147068505,10.445236212102843,21.22501563459158,15.528859107021578,2.661094632218713,18.18995373924029,0.0140069130734202,0.0254958187191174,0.1081777009412111,0.0254958187191174,-13.567450982966015,0.0822773234153284,0.0425371053034747,0.2930665756830972,-12.74451922608788,-16.78760155831292,-17.423271509463802,19.69684736894325,20.75946265411698
90,7000,Cc1nc2c(o1)CNC2,16295,O[C@@H]1CC/C=C/CCC1,18100,[H]O[C@@]1([H])C([H])([H])C([H])([H])C([H])([H])C2([H])C3(C([H])([H])[H])N=C4C([H])([H])N([H])C([H])([H])C4(O3)C2([H])C([H])([H])C1([H])[H],1,1 4 5 6 17 1,2,17.286665919250847,2.4408388012562536,16.40820232340809,15.14006561849303,3.4765073556033137,18.616572974096343,0.1236161966903929,0.1717450560369524,0.0575737641506452,0.1717450560369524,-8.725533460869045,0.4073185094017472,0.1323685625240177,0.0681357841852359,-8.370701905780678,-9.883588170698694,-9.015460798208345,19.876141367372163,20.5090921745602
91,7000,Cc1ncc(=O)[nH]c1C,16304,O[C@@H]1CC/C=C/CCC1,18100,[H]O[C@@]1([H])C([H])([H])C([H])([H])C([H])([H])C2([H])C3(C([H])([H])[H])C(C([H])([H])[H])=NC([H])(C(=O)N3[H])C2([H])C([H])([H])C1([H])[H],1,7 3 5 6 17 1,2,18.164556987107964,5.583198961336862,19.946425473342835,15.804531220890311,4.110838498989491,19.9153697198798,0.177219755493191,0.053378228853232,0.1243282366150103,0.053378228853232,-12.53621980105502,0.0489085674431752,0.0398872843097966,0.0292361380130149,-11.769535574258768,-11.683603585643093,-11.685145128299354,21.596045359535985,21.82527752297328
92,3521,Cc1oc(C)c(C)c1C,16381,O[C@@H]1CC/C=C/CCC1,18100,[H]O[C@@]1([H])C([H])([H])C([H])([H])C([H])([H])C2([H])C3(C([H])([H])[H])OC(C([H])([H])[H])(C(C([H])([H])[H])=C3C([H])([H])[H])C2([H])C([H])([H])C1([H])[H],0,3 1 6 5 21 0,1,18.98720817393536,4.402276577097146,15.535280006621717,15.02771254376098,6.482285531146129,21.50999807490711,0.0250821999458184,0.0866109244276174,0.0009488108064501,0.0866109244276174,-6.691380313972715,0.1506965042363281,0.0067762450620525,0.0100303296178188,-6.413790600129325,-6.158774492243236,-5.5162205288797885,23.122172028175456,22.579474630704823
93,20410,FC(F)(F)c1ccnnc1,16506,OCC1=Cc2ccccc21,18025,[H]OC([H])([H])C12c3c([H])c([H])c([H])c([H])c3C1([H])C1([H])N=NC2([H])C([H])=C1C(F)(F)F,1,6 9 2 3 13 1,4,19.20502265368183,10.915099720959343,21.740038761761035,15.625320216674664,9.415949604915015,25.04126982158968,0.0042257879890404,0.015267226669096,0.0202445699890094,0.015267226669096,-6.751765245782941,0.0101308286397753,0.0241720957673978,0.0878859935410811,-6.323651341116083,-9.63472078622798,-12.429709328250262,24.249581597174327,21.50076546086534
94,17522,Fc1nc(F)c(F)nc1F,16585,O[C@@H]1CC/C=C/CCC1,18100,[H]O[C@@]1([H])C([H])([H])C([H])([H])C([H])([H])C2([H])C3(F)N=C(F)C(F)(N=C3F)C2([H])C([H])([H])C1([H])[H],1,3 8 5 6 10 1,6,21.849506775707333,5.208202140120983,20.21013047026464,15.360465092720135,6.436446125784837,21.79691121850497,0.0493621380226743,0.0134424655415264,0.0104205946301937,0.0134424655415264,-8.58931669309841,0.0101613925063269,0.0034447068065769,0.0025943324673495,-6.529776768223144,-7.112341678891571,-5.719283348956861,23.774831570678334,22.650577136902434
95,6802,N#CCC1=CC=CO[C@@H]1O,16618,OCC1=Cc2ccccc21,18025,[H]OC([H])([H])C12c3c([H])c([H])c([H])c([H])c3C1([H])C1([H])O[C@]([H])(O[H])C2(C([H])([H])C#N)C([H])=C1[H],1,3 6 2 3 17 1,0,16.69310594438457,10.824909750279536,20.29826548877144,15.529833087790037,6.517275261120179,22.04710834891021,0.0214866084726579,0.0203640663573819,0.0168512945148179,0.0203640663573819,-28.08323523470589,0.0846194346425403,0.0468725012577475,0.137802121863943,-26.38846396239408,-30.28052181448605,-27.089799845146672,22.293911937320708,23.69587111501425
96,7000,NC1=C(O)C(O)=C(CO)C1,16890,O[C@@H]1CC/C=C/CCC1,18100,[H]OC1=C(O[H])C2(C([H])([H])O[H])C([H])([H])C1(N([H])[H])C1([H])C([H])([H])C([H])([H])C([H])([H])[C@]([H])(O[H])C([H])([H])C([H])([H])C21[H],1,1 6 5 6 19 1,2,14.174450234724986,1.4537106478291744,15.672574119579492,15.503081587433812,-0.0930346405225996,15.410046946911212,0.440833010022558,0.1158317752886713,0.163161151458181,0.1158317752886713,-13.607946457603164,0.8184850082937192,0.0711975118840298,0.0445565789120119,-14.457923420091028,-17.736814487059142,-16.344840452841815,15.296470741143269,15.783262981352514
97,7000,NCc1ncoc1C(F)F,17006,O[C@@H]1CC/C=C/CCC1,18100,[H]O[C@@]1([H])C([H])([H])C([H])([H])C([H])([H])C2([H])C3(C([H])(F)F)OC([H])(N=C3C([H])([H])N([H])[H])C2([H])C([H])([H])C1([H])[H],1,6 4 5 6 16 1,2,18.272367845725043,4.219697277983064,17.95535879996782,15.545124786099455,6.885683714591682,22.430808500691136,0.1046377943469694,0.0230205587605788,0.0565288951568013,0.0230205587605788,-7.25593508028183,0.0188348079573813,0.0181239692687046,0.0192510233960096,-9.010664593724243,-6.693574563572781,-7.128707678485686,22.46170014507086,22.78312538795752
98,6802,Nc1nc2c([nH]1)NON2,17291,OCC1=Cc2ccccc21,18025,[H]OC([H])([H])C12c3c([H])c([H])c([H])c([H])c3C1([H])C13C(=NC2(N([H])[H])N1[H])N([H])ON3[H],1,1 4 2 3 14 1,0,15.565072464789695,10.03317147758474,22.002291109772308,15.45613246727936,2.5922956610324164,18.048428128311777,0.0238357075854978,0.0140190695579784,0.0362021318734877,0.0140190695579784,-20.84737086312924,0.0590266000181686,0.0319625703414689,0.1248749297493356,-20.17075676135847,-22.136803589934445,-23.26197844220465,18.69363802568241,22.62617747093128
99,7000,Nc1nc2c([nH]1)NON2,17291,O[C@@H]1CC/C=C/CCC1,18100,[H]O[C@@]1([H])C([H])([H])C([H])([H])C([H])([H])C2([H])C3(N([H])[H])N=C4N([H])ON([H])C4(N3[H])C2([H])C([H])([H])C1([H])[H],1,1 4 5 6 14 1,2,17.877650111948626,2.270773595689226,16.89920758367089,15.217308270779595,2.017333001579466,17.234641272359063,0.0292718201163455,0.1230315073508809,0.0113628563906742,0.1230315073508809,-15.586430416025742,0.1027441348643438,0.089200032996582,0.0301384288929674,-14.38810186879752,-15.888462161103682,-14.97271328724785,19.11063331808693,22.910354845635485
100,21004,O=C(O)C(=O)c1ccoc1,17441,O[C@@H]1CC/C=C/CCC1,18100,[H]OC(=O)C(=O)C1=C([H])C2([H])OC1([H])C1([H])C([H])([H])C([H])([H])C([H])([H])[C@]([H])(O[H])C([H])([H])C([H])([H])C21[H],1,9 7 5 6 14 1,10,16.891397980513077,4.979947611617648,17.33273349832507,15.359464629167771,4.657257096664878,20.016721725832653,0.0171829361504606,0.1240220649530627,0.0396830731806621,0.1240220649530627,-7.227773109020923,0.02702979132566,0.0791094623942039,0.0273438256699911,-5.049484756215762,-6.994537746848927,-6.755969178657949,21.649210155204628,21.521191304200947
101,14002,O=C(O)c1cc(=O)[nH]cn1,17498,O[C@@H]1CC/C=C/CCC1,18100,[H]OC(=O)C1=NC2([H])N([H])C(=O)C1([H])C1([H])C([H])([H])C([H])([H])[C@@]([H])(O[H])C([H])([H])C([H])([H])C([H])([H])C21[H],1,8 4 5 6 14 1,6,20.939090205819515,6.220835203408875,22.723747452230143,15.616672115448385,3.83369738682989,19.45036950227827,0.0187265641083823,0.0639279946106006,0.0678584824436963,0.0639279946106006,-12.109800191167524,0.0042370038537847,0.0536876464176475,0.028358978265795,-9.968823989910774,-12.453294878413956,-10.03649635906799,23.177816274453647,23.927580046159697
102,14002,O=C(O)c1ccc(=O)oc1,17502,O[C@@H]1CC/C=C/CCC1,18100,[H]OC(=O)C1=C([H])C2([H])C(=O)OC1([H])C1([H])C([H])([H])C([H])([H])C([H])([H])[C@]([H])(O[H])C([H])([H])C([H])([H])C21[H],1,9 5 5 6 14 1,6,18.953930579474743,5.852238538464608,19.621139016053377,15.055965602534554,5.658689211063365,20.71465481359792,0.053570031251131,0.0919822726025905,0.0260159815139577,0.0919822726025905,-13.236371131719253,0.0284516762120526,0.0487536360912785,0.0344207191256528,-12.12106893036053,-12.981337390445226,-11.102338781015852,23.27032162129173,23.04836800011976
103,13610,O=C(O)c1coc(F)n1,17512,OCC1=Cc2ccccc21,18025,[H]OC(=O)C1=NC2(F)OC1([H])C1(C([H])([H])O[H])c3c([H])c([H])c([H])c([H])c3C21[H],1,6 4 3 2 11 1,6,16.645795441647476,10.93982928016752,21.72309968609758,15.056340381849708,5.113858733195702,20.17019911504541,0.0423467666470122,0.0088791052745007,0.0350693296889281,0.0088791052745007,-12.249548551967678,0.2124414977519483,0.0105181377638225,0.1312120922456487,-12.050070086702156,-14.156848979702218,-13.072627952211676,21.085387818020585,21.43837834563636
104,14002,O=C(O)c1coc(F)n1,17512,O[C@@H]1CC/C=C/CCC1,18100,[H]OC(=O)C1=NC2(F)OC1([H])C1([H])C([H])([H])C([H])([H])[C@@]([H])(O[H])C([H])([H])C([H])([H])C([H])([H])C21[H],1,6 4 5 6 11 1,6,19.98647759467868,5.039577259633246,19.149965498113858,14.884336768445522,5.491100167550748,20.37543693599627,0.0080021072171378,0.064877231117242,0.041566468866265,0.064877231117242,-10.077195177403915,0.031844633377086,0.0446358935694052,0.0188794706377864,-8.347997804867866,-8.215384297117751,-6.1658670650364975,22.70315449228124,23.323740278013485
105,14002,O=C(O)c1ncc[nH]c1=O,17514,O[C@@H]1CC/C=C/CCC1,18100,[H]OC(=O)C12N=C([H])C([H])(N([H])C1=O)C1([H])C([H])([H])C([H])([H])[C@@]([H])(O[H])C([H])([H])C([H])([H])C([H])([H])C21[H],1,3 6 5 6 14 1,6,18.59745119252545,6.536734685286756,23.904993144742427,15.554386780138753,2.8842145654770697,18.438601345615822,0.0118909958086123,0.0386282612542843,0.0645298653460128,0.0386282612542843,-11.34704208491761,0.00364002126376,0.0698751174741433,0.0296070633764541,-10.12407557823716,-12.419668177169328,-10.746481517962486,20.354500201140795,22.03536200643995
106,14002,O=Cc1cc(=O)[nH]cc1F,17859,O[C@@H]1CC/C=C/CCC1,18100,[H]O[C@@]1([H])C([H])([H])C([H])([H])C([H])([H])C2([H])C3([H])C(F)=C(C([H])=O)C([H])(C(=O)N3[H])C2([H])C([H])([H])C1([H])[H],1,7 3 5 6 14 1,6,18.76563202349642,5.696109050911765,20.021162177960367,15.215334513018602,3.3495305000211744,18.56486501303978,0.0504812388042104,0.1502145512978074,0.1022669044871694,0.1502145512978074,-17.026540786295676,0.0276122682975039,0.0766756543537312,0.0158395628247807,-15.628055357870103,-15.441044775202997,-11.80232618225211,21.950216753889293,22.062277140405165
107,14002,O=Cc1nc2c(o1)CCC2,17906,O[C@@H]1CC/C=C/CCC1,18100,[H]O[C@@]1([H])C([H])([H])C([H])([H])C([H])([H])C2([H])C3(C([H])=O)N=C4C([H])([H])C([H])([H])C([H])([H])C4(O3)C2([H])C([H])([H])C1([H])[H],1,2 5 5 6 17 1,6,18.40031339442925,4.917997270657658,18.25735596205788,14.95492616806777,4.693773410736419,19.64869957880419,0.0580385586683449,0.1285205267160478,0.0311199815169575,0.1285205267160478,-8.641232536573632,0.1648088462498746,0.1042342691610672,0.036778834808859,-8.244337769318072,-7.522587254027591,-5.459272515995629,22.94925650803186,21.80086577020087
108,7000,O=c1[nH]c(O)nnc1F,17933,O[C@@H]1CC/C=C/CCC1,18100,[H]OC12N=NC(F)(C(=O)N1[H])C1([H])C([H])([H])C([H])([H])[C@@]([H])(O[H])C([H])([H])C([H])([H])C([H])([H])C21[H],1,3 7 5 6 11 1,2,24.191063097965905,5.073232320832174,21.269396750935208,15.644866459824849,6.931384732596271,22.57625119242112,0.0443988175998123,0.0452557803483296,0.0153435350793766,0.0452557803483296,-10.221289489610506,0.0258823179408429,0.0229214788549797,0.0172117708602186,-8.7023048085874,-7.8707824077045885,-9.169416507065648,22.82222044340301,22.999222079439484
109,7000,OCc1coc(CO)c1,18077,O[C@@H]1CC/C=C/CCC1,18100,[H]OC([H])([H])C1=C([H])C2(C([H])([H])O[H])OC1([H])C1([H])C([H])([H])C([H])([H])[C@@]([H])(O[H])C([H])([H])C([H])([H])C([H])([H])C21[H],1,5 3 5 6 17 1,2,18.82113724159273,4.911967800702266,18.031335240298453,15.75130814115334,4.608888665554961,20.360196806708306,0.0818985759537901,0.0558633589325819,0.0848445464252431,0.0558633589325819,-7.879566340942972,0.1573565547173125,0.0489848894788025,0.0805753484111148,-8.480734267644841,-7.884335453557313,-6.564683911669555,22.617824681125256,23.74926949649305
110,4574,O[C@@H]1C(F)=CC=C[C@@H]1O,18097,O=C1C=c2ccccc2=N1,17550,[H]O[C@@]1([H])C2([H])C([H])=C([H])C(F)(C34C(=NC(=O)C32[H])C([H])=C([H])C([H])=C4[H])[C@@]1([H])O[H],0,2 6 3 2 16 0,3,23.830075726817007,10.454334283926098,22.931386438224923,14.953235625668,13.3183908560923,28.2716264817603,0.0266146117898499,0.0104892638215267,0.0120354154126117,0.0104892638215267,-5.791608394230273,0.0574124121226379,0.0261642364000866,0.0105642396062952,-4.7068935407703165,-4.173819039200797,-9.575844763057866,24.55043224197474,23.71683135447764
111,6802,O[C@@H]1C(F)=CC=C[C@@H]1O,18097,OCC1=Cc2ccccc21,18025,[H]OC([H])([H])C12c3c([H])c([H])c([H])c([H])c3C1([H])C1([H])C([H])=C([H])C2(F)[C@@]([H])(O[H])[C@@]1([H])O[H],1,2 6 2 3 16 1,0,16.141396698006254,8.825579942812219,18.210508397129395,14.834262510276943,5.423896002750244,20.25815851302719,0.0028674340296534,0.0132885209584973,0.0677318472965018,0.0132885209584973,-33.3356137515318,0.0651179057859165,0.0820371848879497,0.1047918069358054,-32.71649881376278,-35.48371862861311,-35.843586733432254,20.44072678840329,21.784216214800114
112,6999,O[C@@H]1C(F)=CC=C[C@@H]1O,18097,O[C@@H]1CC/C=C/CCC1,18100,[H]O[C@@]1([H])C([H])([H])C([H])([H])C([H])([H])C2([H])C3([H])C([H])=C([H])C(F)(C2([H])C([H])([H])C1([H])[H])[C@@]([H])(O[H])[C@@]3([H])O[H],0,2 6 6 5 16 0,1,18.55659973129024,2.6332723101725524,12.588479030524192,14.399143187950994,8.468033310434336,22.86717649838533,0.0564871138090635,0.047111585354191,0.0161548295485039,0.047111585354191,-28.13272784344756,0.0700733014467267,0.0275945142962644,0.0384762961681428,-26.22950338041164,-23.692437784243857,-23.63456861629394,23.95110177589308,23.53812546553477
113,6802,c1nc2c(o1)CCNC2,18364,OCC1=Cc2ccccc21,18025,[H]OC([H])([H])C12c3c([H])c([H])c([H])c([H])c3C1([H])C13OC2([H])N=C1C([H])([H])N([H])C([H])([H])C3([H])[H],1,0 3 2 3 17 1,0,16.45979642528983,10.746109973353038,20.210110660914133,15.098166077267448,5.948198034350288,21.04636411161773,0.0135663690367392,0.0199754410986952,0.1017903248259676,0.0199754410986952,-8.92558168141094,0.059891153590081,0.0349953023389208,0.2619566472149344,-8.362606405980308,-13.142851027729757,-15.091713937782323,22.01749203867077,21.771500315477
114,7000,c1nc2c(o1)CCNC2,18364,O[C@@H]1CC/C=C/CCC1,18100,[H]O[C@@]1([H])C([H])([H])C([H])([H])C([H])([H])C2([H])C3([H])N=C4C([H])([H])N([H])C([H])([H])C([H])([H])C4(O3)C2([H])C([H])([H])C1([H])[H],1,0 3 5 6 17 1,2,19.33829075318281,4.094781201001624,16.003548764514306,14.74873483079396,8.190699189716568,22.939434020510525,0.1010771611105535,0.0639583301553097,0.030901991251019,0.0639583301553097,-5.075066275850126,0.2313813543901614,0.0303735078764183,0.0250899467139598,-4.946516814059613,-6.588333657185359,-6.485911097647875,23.437848685880702,23.487566082360605
