index,Diene,Diene_Index,Ene,Ene_Index,Product,Unreverse,Title,Structure_Id,Diene_Distort_p,Ene_Distort_p,Interaction_p,deltaG_p,deltaGa_p,deltaGa(Solvent)_p
1,c1nncnn1,5944,C1=CCCC1,11936,[H]C12N=NC([H])(N=N1)C1([H])C([H])([H])C([H])([H])C([H])([H])C21[H],0,0 3 0 1 8 0,1,19.00747811,9.704118953,18.6353326,-4.30429903,26.52567711,22.24199479
11,c1cnncn1,11875,C1=CCCC1,11936,[H]C1=NC2([H])N=NC1([H])C1([H])C([H])([H])C([H])([H])C([H])([H])C21[H],0,4 1 0 1 9 0,5,23.38823191,12.28966562,17.5661248,6.088390265,33.27437267,30.03755174
13,Cc1nnc(C)nn1,12881,C1=CCCC1,11936,[H]C([H])([H])C12N=NC(C([H])([H])[H])(N=N1)C1([H])C([H])([H])C([H])([H])C([H])([H])C21[H],0,1 4 0 1 14 0,1,22.23304599,12.47487355,20.48837015,3.399694157,31.66867667,28.94573112
19,COC(=O)c1nccnn1,18472,C1=CCCC1,11936,[H]C1=NC2(C(=O)OC([H])([H])[H])N=NC1([H])C1([H])C([H])([H])C([H])([H])C([H])([H])C21[H],0,4 7 0 1 15 0,3,24.68935771,13.40249691,19.72940088,9.701591643,33.82692037,31.06228179
21,COc1nnc(OC)nn1,18500,C1=CCCC1,11936,[H]C([H])([H])OC12N=NC(OC([H])([H])[H])(N=N1)C1([H])C([H])([H])C([H])([H])C([H])([H])C21[H],0,2 5 0 1 16 0,1,24.84132097,13.33877411,20.25605948,13.26713426,34.87579,34.24973786
23,C1=NN=CC12OCCO2,18642,C1=CCCC1,11936,[H]C1([H])OC2(OC1([H])[H])C1([H])N=NC2([H])C2([H])C([H])([H])C([H])([H])C([H])([H])C12[H],0,0 3 0 1 15 0,1,16.81739211,8.000137666,15.21597695,-16.82942097,28.30226851,28.38935191
25,FC1(F)C=NN=C1,18644,C1=CCCC1,11936,[H]C1([H])C([H])([H])C2([H])C3([H])N=NC([H])(C3(F)F)C2([H])C1([H])[H],0,3 6 0 1 9 0,1,17.40449962,7.824770754,15.09428178,-19.94132447,26.18131408,23.74062927
27,O=C1C=CC=CC1=O,18645,C1=CCCC1,11936,[H]C1=C([H])C2([H])C(=O)C(=O)C1([H])C1([H])C([H])([H])C([H])([H])C([H])([H])C21[H],0,2 5 0 1 12 0,1,17.59974826,10.39790086,14.16089219,-13.72973053,28.62394127,27.56578196
31,c1nncnn1,5944,C1=CCCC1,11936,[H]C12N=NC([H])(N=N1)C1([H])C([H])([H])C([H])([H])C([H])([H])C21[H],0,0 3 0 1 8 0,1,19.00747811,9.704118953,18.6353326,-4.30429903,26.52567711,22.24199479
41,c1cnncn1,11875,C1=CCCC1,11936,[H]C1=NC2([H])N=NC1([H])C1([H])C([H])([H])C([H])([H])C([H])([H])C21[H],0,4 1 0 1 9 0,5,23.38823191,12.28966562,17.5661248,6.088390265,33.27437267,30.03755174
43,Cc1nnc(C)nn1,12881,C1=CCCC1,11936,[H]C([H])([H])C12N=NC(C([H])([H])[H])(N=N1)C1([H])C([H])([H])C([H])([H])C([H])([H])C21[H],0,1 4 0 1 14 0,1,22.23304599,12.47487355,20.48837015,3.399694157,31.66867667,28.94573112
49,COC(=O)c1nccnn1,18472,C1=CCCC1,11936,[H]C1=NC2(C(=O)OC([H])([H])[H])N=NC1([H])C1([H])C([H])([H])C([H])([H])C([H])([H])C21[H],0,4 7 0 1 15 0,3,24.68935771,13.40249691,19.72940088,9.701591643,33.82692037,31.06228179
51,COc1nnc(OC)nn1,18500,C1=CCCC1,11936,[H]C([H])([H])OC12N=NC(OC([H])([H])[H])(N=N1)C1([H])C([H])([H])C([H])([H])C([H])([H])C21[H],0,2 5 0 1 16 0,1,24.84132097,13.33877411,20.25605948,13.26713426,34.87579,34.24973786
53,C1=NN=CC12OCCO2,18642,C1=CCCC1,11936,[H]C1([H])OC2(OC1([H])[H])C1([H])N=NC2([H])C2([H])C([H])([H])C([H])([H])C([H])([H])C12[H],0,0 3 0 1 15 0,1,16.81739211,8.000137666,15.21597695,-16.82942097,28.30226851,28.38935191
55,FC1(F)C=NN=C1,18644,C1=CCCC1,11936,[H]C1([H])C([H])([H])C2([H])C3([H])N=NC([H])(C3(F)F)C2([H])C1([H])[H],0,3 6 0 1 9 0,1,17.40449962,7.824770754,15.09428178,-19.94132447,26.18131408,23.74062927
57,O=C1C=CC=CC1=O,18645,C1=CCCC1,11936,[H]C1=C([H])C2([H])C(=O)C(=O)C1([H])C1([H])C([H])([H])C([H])([H])C([H])([H])C21[H],0,2 5 0 1 12 0,1,17.59974826,10.39790086,14.16089219,-13.72973053,28.62394127,27.56578196
60,c1nncnn1,5944,C1#CCCCCCC1,11948,[H]C12N=NC([H])(N=N1)C1=C2C([H])([H])C([H])([H])C([H])([H])C([H])([H])C([H])([H])C1([H])[H],1,0 3 0 1 8 1,0,17.40402661,9.787377937,15.42785678,-9.200122558,27.18199863,25.50336921
65,c1cnncn1,11875,C1#CCCCCCC1,11948,[H]C1=NC2([H])N=NC1([H])C1=C2C([H])([H])C([H])([H])C([H])([H])C([H])([H])C([H])([H])C1([H])[H],1,4 1 0 1 9 1,2,21.57360332,12.54380398,16.05727884,0.220662718,33.12928058,32.27941659
66,Cc1nnc(C)nn1,12881,C1#CCCCCCC1,11948,[H]C([H])([H])C12N=NC(C([H])([H])[H])(N=N1)C1=C2C([H])([H])C([H])([H])C([H])([H])C([H])([H])C([H])([H])C1([H])[H],1,1 4 0 1 14 1,0,21.18362392,12.54469098,18.75108124,-1.30046563,31.88294429,30.52825252
69,COC(=O)c1nccnn1,18472,C1#CCCCCCC1,11948,[H]C1=NC2(C(=O)OC([H])([H])[H])N=NC1([H])C1=C2C([H])([H])C([H])([H])C([H])([H])C([H])([H])C([H])([H])C1([H])[H],1,4 7 0 1 15 1,1,23.25215378,14.24456029,18.2299864,3.108937619,34.90426564,33.55730029
70,COc1nnc(OC)nn1,18500,C1#CCCCCCC1,11948,[H]C([H])([H])OC12N=NC(OC([H])([H])[H])(N=N1)C1=C2C([H])([H])C([H])([H])C([H])([H])C([H])([H])C([H])([H])C1([H])[H],1,2 5 0 1 16 1,0,25.1698893,14.58860877,19.86316381,11.54549084,37.31536228,36.63527541
71,C1=NN=CC12OCCO2,18642,C1#CCCCCCC1,11948,[H]C1([H])OC2(OC1([H])[H])C1([H])N=NC2([H])C2=C1C([H])([H])C([H])([H])C([H])([H])C([H])([H])C([H])([H])C2([H])[H],1,0 3 0 1 15 1,0,16.73552057,9.419566185,14.4700256,-20.9203335,29.77328005,29.92446299
72,FC1(F)C=NN=C1,18644,C1#CCCCCCC1,11948,[H]C1([H])C2=C(C([H])([H])C([H])([H])C([H])([H])C([H])([H])C1([H])[H])C1([H])N=NC2([H])C1(F)F,1,3 6 0 1 9 1,0,17.99147905,9.332728814,14.17236795,-18.34614124,28.34446141,27.34589334
73,O=C1C=CC=CC1=O,18645,C1#CCCCCCC1,11948,[H]C1=C([H])C2([H])C(=O)C(=O)C1([H])C1=C2C([H])([H])C([H])([H])C([H])([H])C([H])([H])C([H])([H])C1([H])[H],1,2 5 0 1 12 1,0,16.12218983,11.19940771,12.83155296,-18.9355321,29.05958351,29.2659377
75,c1nncnn1,5944,C1#CCCCCCC1,11948,[H]C12N=NC([H])(N=N1)C1=C2C([H])([H])C([H])([H])C([H])([H])C([H])([H])C([H])([H])C1([H])[H],1,0 3 0 1 8 1,0,17.40402661,9.787377937,15.42785678,-9.200122558,27.18199863,25.50336921
80,c1cnncn1,11875,C1#CCCCCCC1,11948,[H]C1=NC2([H])N=NC1([H])C1=C2C([H])([H])C([H])([H])C([H])([H])C([H])([H])C([H])([H])C1([H])[H],1,4 1 0 1 9 1,2,21.57360332,12.54380398,16.05727884,0.220662718,33.12928058,32.27941659
81,Cc1nnc(C)nn1,12881,C1#CCCCCCC1,11948,[H]C([H])([H])C12N=NC(C([H])([H])[H])(N=N1)C1=C2C([H])([H])C([H])([H])C([H])([H])C([H])([H])C([H])([H])C1([H])[H],1,1 4 0 1 14 1,0,21.18362392,12.54469098,18.75108124,-1.30046563,31.88294429,30.52825252
84,COC(=O)c1nccnn1,18472,C1#CCCCCCC1,11948,[H]C1=NC2(C(=O)OC([H])([H])[H])N=NC1([H])C1=C2C([H])([H])C([H])([H])C([H])([H])C([H])([H])C([H])([H])C1([H])[H],1,4 7 0 1 15 1,1,23.25215378,14.24456029,18.2299864,3.108937619,34.90426564,33.55730029
85,COc1nnc(OC)nn1,18500,C1#CCCCCCC1,11948,[H]C([H])([H])OC12N=NC(OC([H])([H])[H])(N=N1)C1=C2C([H])([H])C([H])([H])C([H])([H])C([H])([H])C([H])([H])C1([H])[H],1,2 5 0 1 16 1,0,25.1698893,14.58860877,19.86316381,11.54549084,37.31536228,36.63527541
86,C1=NN=CC12OCCO2,18642,C1#CCCCCCC1,11948,[H]C1([H])OC2(OC1([H])[H])C1([H])N=NC2([H])C2=C1C([H])([H])C([H])([H])C([H])([H])C([H])([H])C([H])([H])C2([H])[H],1,0 3 0 1 15 1,0,16.73552057,9.419566185,14.4700256,-20.9203335,29.77328005,29.92446299
87,FC1(F)C=NN=C1,18644,C1#CCCCCCC1,11948,[H]C1([H])C2=C(C([H])([H])C([H])([H])C([H])([H])C([H])([H])C1([H])[H])C1([H])N=NC2([H])C1(F)F,1,3 6 0 1 9 1,0,17.99147905,9.332728814,14.17236795,-18.34614124,28.34446141,27.34589334
88,O=C1C=CC=CC1=O,18645,C1#CCCCCCC1,11948,[H]C1=C([H])C2([H])C(=O)C(=O)C1([H])C1=C2C([H])([H])C([H])([H])C([H])([H])C([H])([H])C([H])([H])C1([H])[H],1,2 5 0 1 12 1,0,16.12218983,11.19940771,12.83155296,-18.9355321,29.05958351,29.2659377
90,c1nncnn1,5944,C1=C/CCCCCC/1,11955,[H]C1([H])C([H])([H])C([H])([H])C([H])([H])C2([H])C3([H])N=NC([H])(N=N3)C2([H])C([H])([H])C1([H])[H],1,0 3 5 4 8 1,0,16.90796504,6.08548038,17.01593444,-8.992979014,22.79502408,19.11803121
100,c1cnncn1,11875,C1=C/CCCCCC/1,11955,[H]C1=NC2([H])N=NC1([H])C1([H])C([H])([H])C([H])([H])C([H])([H])C([H])([H])C([H])([H])C([H])([H])C21[H],1,4 1 4 5 9 1,5,17.50886151,6.395387202,16.63128952,-8.388106304,22.73719492,21.99813479
101,Cc1nnc(C)nn1,12881,C1=C/CCCCCC/1,11955,[H]C([H])([H])C12N=NC(C([H])([H])[H])(N=N1)C1([H])C([H])([H])C([H])([H])C([H])([H])C([H])([H])C([H])([H])C([H])([H])C21[H],1,1 4 5 4 14 1,0,20.49811978,8.327948446,19.08092954,-1.169333519,26.6816996,23.28977079
107,COC(=O)c1nccnn1,18472,C1=C/CCCCCC/1,11955,[H]C1=NC2(C(=O)OC([H])([H])[H])N=NC1([H])C1([H])C([H])([H])C([H])([H])C([H])([H])C([H])([H])C([H])([H])C([H])([H])C21[H],1,4 7 4 5 15 1,3,20.15049916,7.479545108,19.14910971,-3.832157428,24.3352197,23.04327086
108,COc1nnc(OC)nn1,18500,C1=C/CCCCCC/1,11955,[H]C([H])([H])OC12N=NC(OC([H])([H])[H])(N=N1)C1([H])C([H])([H])C([H])([H])C([H])([H])C([H])([H])C([H])([H])C([H])([H])C21[H],1,2 5 5 4 16 1,0,23.8874661,10.43242468,20.07060708,9.994088494,32.60672812,29.51885746
109,C1=NN=CC12OCCO2,18642,C1=C/CCCCCC/1,11955,[H]C1([H])OC2(OC1([H])[H])C1([H])N=NC2([H])C2([H])C([H])([H])C([H])([H])C([H])([H])C([H])([H])C([H])([H])C([H])([H])C12[H],1,0 3 5 4 15 1,0,15.38918566,6.615704662,15.06569531,-22.40857072,24.7646851,23.41792569
110,FC1(F)C=NN=C1,18644,C1=C/CCCCCC/1,11955,[H]C1([H])C([H])([H])C([H])([H])C([H])([H])C2([H])C3([H])N=NC([H])(C3(F)F)C2([H])C([H])([H])C1([H])[H],1,3 6 5 4 9 1,0,16.45614956,6.26091595,14.75152375,-24.61952812,22.84349096,20.17211542
111,O=C1C=CC=CC1=O,18645,C1=C/CCCCCC/1,11955,[H]C1=C([H])C2([H])C(=O)C(=O)C1([H])C1([H])C([H])([H])C([H])([H])C([H])([H])C([H])([H])C([H])([H])C([H])([H])C21[H],1,2 5 5 4 12 1,0,16.42395612,7.039300707,13.5589287,-16.51629967,24.82664608,24.17209575
114,c1nncnn1,5944,C1=C/CCCCCC/1,11955,[H]C1([H])C([H])([H])C([H])([H])C([H])([H])C2([H])C3([H])N=NC([H])(N=N3)C2([H])C([H])([H])C1([H])[H],1,0 3 5 4 8 1,0,16.90796504,6.08548038,17.01593444,-8.992979014,22.79502408,19.11803121
124,c1cnncn1,11875,C1=C/CCCCCC/1,11955,[H]C1=NC2([H])N=NC1([H])C1([H])C([H])([H])C([H])([H])C([H])([H])C([H])([H])C([H])([H])C([H])([H])C21[H],1,4 1 4 5 9 1,5,17.50886151,6.395387202,16.63128952,-8.388106304,22.73719492,21.99813479
125,Cc1nnc(C)nn1,12881,C1=C/CCCCCC/1,11955,[H]C([H])([H])C12N=NC(C([H])([H])[H])(N=N1)C1([H])C([H])([H])C([H])([H])C([H])([H])C([H])([H])C([H])([H])C([H])([H])C21[H],1,1 4 5 4 14 1,0,20.49811978,8.327948446,19.08092954,-1.169333519,26.6816996,23.28977079
131,COC(=O)c1nccnn1,18472,C1=C/CCCCCC/1,11955,[H]C1=NC2(C(=O)OC([H])([H])[H])N=NC1([H])C1([H])C([H])([H])C([H])([H])C([H])([H])C([H])([H])C([H])([H])C([H])([H])C21[H],1,4 7 4 5 15 1,3,20.15049916,7.479545108,19.14910971,-3.832157428,24.3352197,23.04327086
132,COc1nnc(OC)nn1,18500,C1=C/CCCCCC/1,11955,[H]C([H])([H])OC12N=NC(OC([H])([H])[H])(N=N1)C1([H])C([H])([H])C([H])([H])C([H])([H])C([H])([H])C([H])([H])C([H])([H])C21[H],1,2 5 5 4 16 1,0,23.8874661,10.43242468,20.07060708,9.994088494,32.60672812,29.51885746
133,C1=NN=CC12OCCO2,18642,C1=C/CCCCCC/1,11955,[H]C1([H])OC2(OC1([H])[H])C1([H])N=NC2([H])C2([H])C([H])([H])C([H])([H])C([H])([H])C([H])([H])C([H])([H])C([H])([H])C12[H],1,0 3 5 4 15 1,0,15.38918566,6.615704662,15.06569531,-22.40857072,24.7646851,23.41792569
134,FC1(F)C=NN=C1,18644,C1=C/CCCCCC/1,11955,[H]C1([H])C([H])([H])C([H])([H])C([H])([H])C2([H])C3([H])N=NC([H])(C3(F)F)C2([H])C([H])([H])C1([H])[H],1,3 6 5 4 9 1,0,16.45614956,6.26091595,14.75152375,-24.61952812,22.84349096,20.17211542
135,O=C1C=CC=CC1=O,18645,C1=C/CCCCCC/1,11955,[H]C1=C([H])C2([H])C(=O)C(=O)C1([H])C1([H])C([H])([H])C([H])([H])C([H])([H])C([H])([H])C([H])([H])C([H])([H])C21[H],1,2 5 5 4 12 1,0,16.42395612,7.039300707,13.5589287,-16.51629967,24.82664608,24.17209575
139,c1nncnn1,5944,O[C@@H]1CC/C=C/CCC1,18100,[H]O[C@@]1([H])C([H])([H])C([H])([H])C([H])([H])C2([H])C3([H])N=NC([H])(N=N3)C2([H])C([H])([H])C1([H])[H],0,0 3 6 5 8 0,1,15.82218067,3.246312257,16.88502126,-14.2579005,17.82086964,14.88742881
158,c1cnncn1,11875,O[C@@H]1CC/C=C/CCC1,18100,[H]O[C@@]1([H])C([H])([H])C([H])([H])C([H])([H])C2([H])C3([H])N=NC([H])(C([H])=N3)C2([H])C([H])([H])C1([H])[H],1,4 1 5 6 9 1,10,18.08293633,5.267299799,17.62884723,-7.889560745,22.00734292,21.38956957
161,Cc1nnc(C)nn1,12881,O[C@@H]1CC/C=C/CCC1,18100,[H]O[C@@]1([H])C([H])([H])C([H])([H])C([H])([H])C2([H])C3(C([H])([H])[H])N=NC(C([H])([H])[H])(N=N3)C2([H])C([H])([H])C1([H])[H],0,1 4 6 5 14 0,1,18.61259175,3.974041882,18.68708837,-7.054282611,22.86434539,20.42360727
172,COC(=O)c1nccnn1,18472,O[C@@H]1CC/C=C/CCC1,18100,[H]O[C@@]1([H])C([H])([H])C([H])([H])C([H])([H])C2([H])C3(C(=O)OC([H])([H])[H])N=NC([H])(C([H])=N3)C2([H])C([H])([H])C1([H])[H],1,4 7 5 6 15 1,6,20.90352287,6.321838104,20.09273281,-2.972117339,24.01684096,22.17407388
175,COc1nnc(OC)nn1,18500,O[C@@H]1CC/C=C/CCC1,18100,[H]O[C@@]1([H])C([H])([H])C([H])([H])C([H])([H])C2([H])C3(OC([H])([H])[H])N=NC(OC([H])([H])[H])(N=N3)C2([H])C([H])([H])C1([H])[H],0,2 5 6 5 16 0,1,23.55565646,7.361695842,20.21439282,3.657055671,27.73243908,26.06907946
177,C1=NN=CC12OCCO2,18642,O[C@@H]1CC/C=C/CCC1,18100,[H]O[C@@]1([H])C([H])([H])C([H])([H])C([H])([H])C2([H])C3([H])N=NC([H])(C34OC([H])([H])C([H])([H])O4)C2([H])C([H])([H])C1([H])[H],0,0 3 6 5 15 0,1,14.9366475,2.581523905,15.07546752,-28.51648879,20.80562387,19.59991933
179,FC1(F)C=NN=C1,18644,O[C@@H]1CC/C=C/CCC1,18100,[H]O[C@@]1([H])C([H])([H])C([H])([H])C([H])([H])C2([H])C3([H])N=NC([H])(C3(F)F)C2([H])C([H])([H])C1([H])[H],0,3 6 6 5 9 0,1,15.60891156,2.887605954,14.97203945,-30.31658184,18.50429306,16.75146428
181,O=C1C=CC=CC1=O,18645,O[C@@H]1CC/C=C/CCC1,18100,[H]O[C@@]1([H])C([H])([H])C([H])([H])C([H])([H])C2([H])C3([H])C(=O)C(=O)C([H])(C([H])=C3[H])C2([H])C([H])([H])C1([H])[H],0,2 5 6 5 12 0,1,15.15561708,3.837366494,13.55325353,-22.05104796,21.45047747,19.99332165
187,c1nncnn1,5944,O[C@@H]1CC/C=C/CCC1,18100,[H]O[C@@]1([H])C([H])([H])C([H])([H])C([H])([H])C2([H])C3([H])N=NC([H])(N=N3)C2([H])C([H])([H])C1([H])[H],0,0 3 6 5 8 0,1,15.82218067,3.246312257,16.88502126,-14.2579005,17.82086964,14.88742881
206,c1cnncn1,11875,O[C@@H]1CC/C=C/CCC1,18100,[H]O[C@@]1([H])C([H])([H])C([H])([H])C([H])([H])C2([H])C3([H])N=NC([H])(C([H])=N3)C2([H])C([H])([H])C1([H])[H],1,4 1 5 6 9 1,10,18.08293633,5.267299799,17.62884723,-7.889560745,22.00734292,21.38956957
209,Cc1nnc(C)nn1,12881,O[C@@H]1CC/C=C/CCC1,18100,[H]O[C@@]1([H])C([H])([H])C([H])([H])C([H])([H])C2([H])C3(C([H])([H])[H])N=NC(C([H])([H])[H])(N=N3)C2([H])C([H])([H])C1([H])[H],0,1 4 6 5 14 0,1,18.61259175,3.974041882,18.68708837,-7.054282611,22.86434539,20.42360727
220,COC(=O)c1nccnn1,18472,O[C@@H]1CC/C=C/CCC1,18100,[H]O[C@@]1([H])C([H])([H])C([H])([H])C([H])([H])C2([H])C3(C(=O)OC([H])([H])[H])N=NC([H])(C([H])=N3)C2([H])C([H])([H])C1([H])[H],1,4 7 5 6 15 1,6,20.90352287,6.321838104,20.09273281,-2.972117339,24.01684096,22.17407388
223,COc1nnc(OC)nn1,18500,O[C@@H]1CC/C=C/CCC1,18100,[H]O[C@@]1([H])C([H])([H])C([H])([H])C([H])([H])C2([H])C3(OC([H])([H])[H])N=NC(OC([H])([H])[H])(N=N3)C2([H])C([H])([H])C1([H])[H],0,2 5 6 5 16 0,1,23.55565646,7.361695842,20.21439282,3.657055671,27.73243908,26.06907946
225,C1=NN=CC12OCCO2,18642,O[C@@H]1CC/C=C/CCC1,18100,[H]O[C@@]1([H])C([H])([H])C([H])([H])C([H])([H])C2([H])C3([H])N=NC([H])(C34OC([H])([H])C([H])([H])O4)C2([H])C([H])([H])C1([H])[H],0,0 3 6 5 15 0,1,14.9366475,2.581523905,15.07546752,-28.51648879,20.80562387,19.59991933
227,FC1(F)C=NN=C1,18644,O[C@@H]1CC/C=C/CCC1,18100,[H]O[C@@]1([H])C([H])([H])C([H])([H])C([H])([H])C2([H])C3([H])N=NC([H])(C3(F)F)C2([H])C([H])([H])C1([H])[H],0,3 6 6 5 9 0,1,15.60891156,2.887605954,14.97203945,-30.31658184,18.50429306,16.75146428
229,O=C1C=CC=CC1=O,18645,O[C@@H]1CC/C=C/CCC1,18100,[H]O[C@@]1([H])C([H])([H])C([H])([H])C([H])([H])C2([H])C3([H])C(=O)C(=O)C([H])(C([H])=C3[H])C2([H])C([H])([H])C1([H])[H],0,2 5 6 5 12 0,1,15.15561708,3.837366494,13.55325353,-22.05104796,21.45047747,19.99332165
234,c1nncnn1,5944,C1=CC1,18400,[H]C12N=NC([H])(N=N1)C1([H])C([H])([H])C21[H],1,0 3 0 1 8 1,0,19.37103293,9.386079772,16.29964741,-6.607832084,28.46586702,25.7287002
244,c1cnncn1,11875,C1=CC1,18400,[H]C1=NC2([H])N=NC1([H])C1([H])C([H])([H])C21[H],1,4 1 0 1 9 1,4,23.10777041,11.83843173,16.21262596,1.990116655,34.36051701,32.28594402
247,Cc1nnc(C)nn1,12881,C1=CC1,18400,[H]C([H])([H])C12N=NC(C([H])([H])[H])(N=N1)C1([H])C([H])([H])C21[H],0,1 4 0 1 14 0,1,22.39176641,12.15974573,18.71190278,1.086432397,32.32220194,30.56585374
252,COC(=O)c1nccnn1,18472,C1=CC1,18400,[H]C1=NC2(C(=O)OC([H])([H])[H])N=NC1([H])C1([H])C([H])([H])C21[H],1,4 7 0 1 15 1,2,24.2946304,13.34778936,18.22092356,4.093744791,34.40389381,33.07458858
255,COc1nnc(OC)nn1,18500,C1=CC1,18400,[H]C([H])([H])OC12N=NC(OC([H])([H])[H])(N=N1)C1([H])C([H])([H])C21[H],0,2 5 0 1 16 0,1,25.02744916,12.78044257,18.55025657,10.78761507,36.10592036,35.13252565
257,C1=NN=CC12OCCO2,18642,C1=CC1,18400,[H]C1([H])OC2(OC1([H])[H])C1([H])N=NC2([H])C2([H])C([H])([H])C12[H],0,0 3 0 1 15 0,1,16.38392161,7.709087511,13.33343269,-22.84722061,30.4842808,29.30022669
259,FC1(F)C=NN=C1,18644,C1=CC1,18400,[H]C1([H])C2([H])C3([H])N=NC([H])(C3(F)F)C12[H],0,3 6 0 1 9 0,1,17.92362616,7.714942416,12.79957728,-21.22042027,28.84166044,26.75443099
261,O=C1C=CC=CC1=O,18645,C1=CC1,18400,[H]C1=C([H])C2([H])C(=O)C(=O)C1([H])C1([H])C([H])([H])C21[H],0,2 5 0 1 12 0,1,17.7471642,9.86333113,13.33337068,-15.43305623,30.13537085,29.45866071
264,c1nncnn1,5944,C1=CC1,18400,[H]C12N=NC([H])(N=N1)C1([H])C([H])([H])C21[H],1,0 3 0 1 8 1,0,19.37103293,9.386079772,16.29964741,-6.607832084,28.46586702,25.7287002
274,c1cnncn1,11875,C1=CC1,18400,[H]C1=NC2([H])N=NC1([H])C1([H])C([H])([H])C21[H],1,4 1 0 1 9 1,4,23.10777041,11.83843173,16.21262596,1.990116655,34.36051701,32.28594402
277,Cc1nnc(C)nn1,12881,C1=CC1,18400,[H]C([H])([H])C12N=NC(C([H])([H])[H])(N=N1)C1([H])C([H])([H])C21[H],0,1 4 0 1 14 0,1,22.39176641,12.15974573,18.71190278,1.086432397,32.32220194,30.56585374
282,COC(=O)c1nccnn1,18472,C1=CC1,18400,[H]C1=NC2(C(=O)OC([H])([H])[H])N=NC1([H])C1([H])C([H])([H])C21[H],1,4 7 0 1 15 1,2,24.2946304,13.34778936,18.22092356,4.093744791,34.40389381,33.07458858
285,COc1nnc(OC)nn1,18500,C1=CC1,18400,[H]C([H])([H])OC12N=NC(OC([H])([H])[H])(N=N1)C1([H])C([H])([H])C21[H],0,2 5 0 1 16 0,1,25.02744916,12.78044257,18.55025657,10.78761507,36.10592036,35.13252565
287,C1=NN=CC12OCCO2,18642,C1=CC1,18400,[H]C1([H])OC2(OC1([H])[H])C1([H])N=NC2([H])C2([H])C([H])([H])C12[H],0,0 3 0 1 15 0,1,16.38392161,7.709087511,13.33343269,-22.84722061,30.4842808,29.30022669
289,FC1(F)C=NN=C1,18644,C1=CC1,18400,[H]C1([H])C2([H])C3([H])N=NC([H])(C3(F)F)C12[H],0,3 6 0 1 9 0,1,17.92362616,7.714942416,12.79957728,-21.22042027,28.84166044,26.75443099
291,O=C1C=CC=CC1=O,18645,C1=CC1,18400,[H]C1=C([H])C2([H])C(=O)C(=O)C1([H])C1([H])C([H])([H])C21[H],0,2 5 0 1 12 0,1,17.7471642,9.86333113,13.33337068,-15.43305623,30.13537085,29.45866071
294,c1nncnn1,5944,C1=C[C@H]2C=C[C@@H]1C2,18405,[H]C1=C([H])[C@]2([H])C3([H])C4([H])N=NC([H])(N=N4)C3([H])[C@@]1([H])C2([H])[H],1,0 3 0 1 8 1,0,17.54389317,8.043802215,19.07910374,-8.224811084,23.19580616,20.21373936
314,c1cnncn1,11875,C1=C[C@H]2C=C[C@@H]1C2,18405,[H]C1=NC2([H])N=NC1([H])C1([H])C2([H])[C@]2([H])C([H])=C([H])[C@@]1([H])C2([H])[H],1,4 1 0 1 9 1,8,21.64011462,10.57222039,18.36882792,1.981394945,30.90194463,28.55170328
318,Cc1nnc(C)nn1,12881,C1=C[C@H]2C=C[C@@H]1C2,18405,[H]C1=C([H])[C@]2([H])C3([H])C4(C([H])([H])[H])N=NC(C([H])([H])[H])(N=N4)C3([H])[C@@]1([H])C2([H])[H],1,1 4 0 1 14 1,0,21.0926828,11.6934805,21.0971835,-0.080832311,29.7166041,28.02547525
330,COC(=O)c1nccnn1,18472,C1=C[C@H]2C=C[C@@H]1C2,18405,[H]C1=NC2(C(=O)OC([H])([H])[H])N=NC1([H])C1([H])C2([H])[C@]2([H])C([H])=C([H])[C@@]1([H])C2([H])[H],1,4 7 0 1 15 1,4,23.18993682,12.45335879,19.80576171,5.895884949,31.82479581,29.65689959
334,COc1nnc(OC)nn1,18500,C1=C[C@H]2C=C[C@@H]1C2,18405,[H]C1=C([H])[C@]2([H])C3([H])C4(OC([H])([H])[H])N=NC(OC([H])([H])[H])(N=N4)C3([H])[C@@]1([H])C2([H])[H],1,2 5 0 1 16 1,0,24.11936264,13.09425024,20.26059787,9.617601509,34.33797471,32.72219171
339,C1=NN=CC12OCCO2,18642,C1=C[C@H]2C=C[C@@H]1C2,18405,[H]C1=C([H])[C@]2([H])C3([H])C4([H])N=NC([H])(C45OC([H])([H])C([H])([H])O5)C3([H])[C@@]1([H])C2([H])[H],0,0 3 0 1 15 0,1,15.92973317,8.376082091,16.01970848,-21.02871896,26.84637273,27.06946782
343,FC1(F)C=NN=C1,18644,C1=C[C@H]2C=C[C@@H]1C2,18405,[H]C1=C([H])[C@]2([H])C3([H])C4([H])N=NC([H])(C4(F)F)C3([H])[C@@]1([H])C2([H])[H],0,3 6 0 1 9 0,1,16.7493963,7.788582779,15.80505011,-23.47483261,23.67426783,21.94912639
347,O=C1C=CC=CC1=O,18645,C1=C[C@H]2C=C[C@@H]1C2,18405,[H]C1=C([H])C2([H])C(=O)C(=O)C1([H])C1([H])C2([H])[C@@]2([H])C([H])=C([H])[C@]1([H])C2([H])[H],0,2 5 0 1 12 0,1,16.38763672,10.77707956,15.39467764,-17.94265026,26.95492691,26.40671448
354,c1nncnn1,5944,C1=C[C@H]2C=C[C@@H]1C2,18405,[H]C1=C([H])[C@]2([H])C3([H])C4([H])N=NC([H])(N=N4)C3([H])[C@@]1([H])C2([H])[H],1,0 3 0 1 8 1,0,17.54389317,8.043802215,19.07910374,-8.224811084,23.19580616,20.21373936
374,c1cnncn1,11875,C1=C[C@H]2C=C[C@@H]1C2,18405,[H]C1=NC2([H])N=NC1([H])C1([H])C2([H])[C@]2([H])C([H])=C([H])[C@@]1([H])C2([H])[H],1,4 1 0 1 9 1,8,21.64011462,10.57222039,18.36882792,1.981394945,30.90194463,28.55170328
378,Cc1nnc(C)nn1,12881,C1=C[C@H]2C=C[C@@H]1C2,18405,[H]C1=C([H])[C@]2([H])C3([H])C4(C([H])([H])[H])N=NC(C([H])([H])[H])(N=N4)C3([H])[C@@]1([H])C2([H])[H],1,1 4 0 1 14 1,0,21.0926828,11.6934805,21.0971835,-0.080832311,29.7166041,28.02547525
390,COC(=O)c1nccnn1,18472,C1=C[C@H]2C=C[C@@H]1C2,18405,[H]C1=NC2(C(=O)OC([H])([H])[H])N=NC1([H])C1([H])C2([H])[C@]2([H])C([H])=C([H])[C@@]1([H])C2([H])[H],1,4 7 0 1 15 1,4,23.18993682,12.45335879,19.80576171,5.895884949,31.82479581,29.65689959
394,COc1nnc(OC)nn1,18500,C1=C[C@H]2C=C[C@@H]1C2,18405,[H]C1=C([H])[C@]2([H])C3([H])C4(OC([H])([H])[H])N=NC(OC([H])([H])[H])(N=N4)C3([H])[C@@]1([H])C2([H])[H],1,2 5 0 1 16 1,0,24.11936264,13.09425024,20.26059787,9.617601509,34.33797471,32.72219171
399,C1=NN=CC12OCCO2,18642,C1=C[C@H]2C=C[C@@H]1C2,18405,[H]C1=C([H])[C@]2([H])C3([H])C4([H])N=NC([H])(C45OC([H])([H])C([H])([H])O5)C3([H])[C@@]1([H])C2([H])[H],0,0 3 0 1 15 0,1,15.92973317,8.376082091,16.01970848,-21.02871896,26.84637273,27.06946782
403,FC1(F)C=NN=C1,18644,C1=C[C@H]2C=C[C@@H]1C2,18405,[H]C1=C([H])[C@]2([H])C3([H])C4([H])N=NC([H])(C4(F)F)C3([H])[C@@]1([H])C2([H])[H],0,3 6 0 1 9 0,1,16.7493963,7.788582779,15.80505011,-23.47483261,23.67426783,21.94912639
407,O=C1C=CC=CC1=O,18645,C1=C[C@H]2C=C[C@@H]1C2,18405,[H]C1=C([H])C2([H])C(=O)C(=O)C1([H])C1([H])C2([H])[C@@]2([H])C([H])=C([H])[C@]1([H])C2([H])[H],0,2 5 0 1 12 0,1,16.38763672,10.77707956,15.39467764,-17.94265026,26.95492691,26.40671448
416,c1nncnn1,5944,C1=C[C@H]2[C@@H](C1)[C@H]1C=C[C@@H]2C1,18408,[H]C1=C([H])[C@]2([H])[C@]3([H])C4([H])C5([H])N=NC([H])(N=N5)C4([H])[C@@]([H])(C3([H])[H])[C@]2([H])C1([H])[H],1,0 3 6 7 8 1,2,18.51089912,9.247686703,21.82230872,-6.737842634,22.72023183,19.79907032
457,c1cnncn1,11875,C1=C[C@H]2[C@@H](C1)[C@H]1C=C[C@@H]2C1,18408,[H]C1=NC2([H])N=NC1([H])C1([H])C2([H])[C@]2([H])C([H])([H])[C@@]1([H])[C@]1([H])C([H])([H])C([H])=C([H])[C@]21[H],0,4 1 7 6 9 0,23,22.5116084,11.07320657,19.89594421,2.742449993,29.7809946,28.12035538
460,Cc1nnc(C)nn1,12881,C1=C[C@H]2[C@@H](C1)[C@H]1C=C[C@@H]2C1,18408,[H]C1=C([H])[C@]2([H])[C@]3([H])C4([H])C5(C([H])([H])[H])N=NC(C([H])([H])[H])(N=N5)C4([H])[C@@]([H])(C3([H])[H])[C@]2([H])C1([H])[H],1,1 4 6 7 14 1,2,21.91546898,12.31759851,22.87967004,1.415708912,29.45224151,27.83179395
485,COC(=O)c1nccnn1,18472,C1=C[C@H]2[C@@H](C1)[C@H]1C=C[C@@H]2C1,18408,[H]C1=NC2(C(=O)OC([H])([H])[H])N=NC1([H])C1([H])C2([H])[C@]2([H])C([H])([H])[C@@]1([H])[C@]1([H])C([H])([H])C([H])=C([H])[C@]21[H],0,4 7 7 6 15 0,15,24.29799889,12.2615126,21.79766265,7.005735081,30.45242428,29.15263686
488,COc1nnc(OC)nn1,18500,C1=C[C@H]2[C@@H](C1)[C@H]1C=C[C@@H]2C1,18408,[H]C1=C([H])[C@]2([H])[C@]3([H])C4([H])C5(OC([H])([H])[H])N=NC(OC([H])([H])[H])(N=N5)C4([H])[C@@]([H])(C3([H])[H])[C@]2([H])C1([H])[H],1,2 5 6 7 16 1,2,24.4467586,13.63403955,21.80613763,10.9463709,33.68247674,32.65236973
491,C1=NN=CC12OCCO2,18642,C1=C[C@H]2[C@@H](C1)[C@H]1C=C[C@@H]2C1,18408,[H]C1=C([H])[C@]2([H])C([H])([H])[C@@]1([H])[C@]1([H])C([H])([H])C3([H])C4([H])N=NC([H])(C45OC([H])([H])C([H])([H])O5)C3([H])[C@@]12[H],0,0 3 0 1 15 0,1,17.11238986,7.25017937,16.71002267,-17.79038149,26.40292023,27.24800842
495,FC1(F)C=NN=C1,18644,C1=C[C@H]2[C@@H](C1)[C@H]1C=C[C@@H]2C1,18408,[H]C1=C([H])[C@]2([H])C([H])([H])[C@@]1([H])[C@]1([H])C([H])([H])C3([H])C4([H])N=NC([H])(C4(F)F)C3([H])[C@@]12[H],0,3 6 0 1 9 0,1,17.40706814,6.793122648,16.50296388,-21.74580185,23.8530528,22.19499838
499,O=C1C=CC=CC1=O,18645,C1=C[C@H]2[C@@H](C1)[C@H]1C=C[C@@H]2C1,18408,[H]C1=C([H])C2([H])C(=O)C(=O)C1([H])C1([H])C2([H])[C@@]2([H])[C@@]([H])(C1([H])[H])[C@@]1([H])C([H])=C([H])[C@]2([H])C1([H])[H],0,2 5 0 1 12 0,1,17.60825158,10.1111445,15.66003654,-14.5514526,27.31678067,26.25070981
512,c1nncnn1,5944,C1=C[C@H]2[C@@H](C1)[C@H]1C=C[C@@H]2C1,18408,[H]C1=C([H])[C@]2([H])[C@]3([H])C4([H])C5([H])N=NC([H])(N=N5)C4([H])[C@@]([H])(C3([H])[H])[C@]2([H])C1([H])[H],1,0 3 6 7 8 1,2,18.51089912,9.247686703,21.82230872,-6.737842634,22.72023183,19.79907032
553,c1cnncn1,11875,C1=C[C@H]2[C@@H](C1)[C@H]1C=C[C@@H]2C1,18408,[H]C1=NC2([H])N=NC1([H])C1([H])C2([H])[C@]2([H])C([H])([H])[C@@]1([H])[C@]1([H])C([H])([H])C([H])=C([H])[C@]21[H],0,4 1 7 6 9 0,23,22.5116084,11.07320657,19.89594421,2.742449993,29.7809946,28.12035538
556,Cc1nnc(C)nn1,12881,C1=C[C@H]2[C@@H](C1)[C@H]1C=C[C@@H]2C1,18408,[H]C1=C([H])[C@]2([H])[C@]3([H])C4([H])C5(C([H])([H])[H])N=NC(C([H])([H])[H])(N=N5)C4([H])[C@@]([H])(C3([H])[H])[C@]2([H])C1([H])[H],1,1 4 6 7 14 1,2,21.91546898,12.31759851,22.87967004,1.415708912,29.45224151,27.83179395
581,COC(=O)c1nccnn1,18472,C1=C[C@H]2[C@@H](C1)[C@H]1C=C[C@@H]2C1,18408,[H]C1=NC2(C(=O)OC([H])([H])[H])N=NC1([H])C1([H])C2([H])[C@]2([H])C([H])([H])[C@@]1([H])[C@]1([H])C([H])([H])C([H])=C([H])[C@]21[H],0,4 7 7 6 15 0,15,24.29799889,12.2615126,21.79766265,7.005735081,30.45242428,29.15263686
584,COc1nnc(OC)nn1,18500,C1=C[C@H]2[C@@H](C1)[C@H]1C=C[C@@H]2C1,18408,[H]C1=C([H])[C@]2([H])[C@]3([H])C4([H])C5(OC([H])([H])[H])N=NC(OC([H])([H])[H])(N=N5)C4([H])[C@@]([H])(C3([H])[H])[C@]2([H])C1([H])[H],1,2 5 6 7 16 1,2,24.4467586,13.63403955,21.80613763,10.9463709,33.68247674,32.65236973
587,C1=NN=CC12OCCO2,18642,C1=C[C@H]2[C@@H](C1)[C@H]1C=C[C@@H]2C1,18408,[H]C1=C([H])[C@]2([H])C([H])([H])[C@@]1([H])[C@]1([H])C([H])([H])C3([H])C4([H])N=NC([H])(C45OC([H])([H])C([H])([H])O5)C3([H])[C@@]12[H],0,0 3 0 1 15 0,1,17.11238986,7.25017937,16.71002267,-17.79038149,26.40292023,27.24800842
591,FC1(F)C=NN=C1,18644,C1=C[C@H]2[C@@H](C1)[C@H]1C=C[C@@H]2C1,18408,[H]C1=C([H])[C@]2([H])C([H])([H])[C@@]1([H])[C@]1([H])C([H])([H])C3([H])C4([H])N=NC([H])(C4(F)F)C3([H])[C@@]12[H],0,3 6 0 1 9 0,1,17.40706814,6.793122648,16.50296388,-21.74580185,23.8530528,22.19499838
595,O=C1C=CC=CC1=O,18645,C1=C[C@H]2[C@@H](C1)[C@H]1C=C[C@@H]2C1,18408,[H]C1=C([H])C2([H])C(=O)C(=O)C1([H])C1([H])C2([H])[C@@]2([H])[C@@]([H])(C1([H])[H])[C@@]1([H])C([H])=C([H])[C@]2([H])C1([H])[H],0,2 5 0 1 12 0,1,17.60825158,10.1111445,15.66003654,-14.5514526,27.31678067,26.25070981
607,c1nncnn1,5944,CC1(C)C=C1,18445,[H]C([H])([H])C1(C([H])([H])[H])C2([H])C3([H])N=NC([H])(N=N3)C21[H],0,0 3 3 4 8 0,1,17.58842788,9.292917727,18.7037039,-7.157530521,25.42461628,22.88242214
617,c1cnncn1,11875,CC1(C)C=C1,18445,[H]C1=NC2([H])N=NC1([H])C1([H])C2([H])C1(C([H])([H])[H])C([H])([H])[H],0,4 1 3 4 9 0,5,21.97042211,12.53782167,18.27288965,2.657951047,33.14850751,30.99455234
619,Cc1nnc(C)nn1,12881,CC1(C)C=C1,18445,[H]C([H])([H])C12N=NC(C([H])([H])[H])(N=N1)C1([H])C2([H])C1(C([H])([H])[H])C([H])([H])[H],0,1 4 3 4 14 0,1,21.02116165,12.36738617,21.1558958,0.30751486,30.20385376,29.20889104
625,COC(=O)c1nccnn1,18472,CC1(C)C=C1,18445,[H]C1=NC2(C(=O)OC([H])([H])[H])N=NC1([H])C1([H])C2([H])C1(C([H])([H])[H])C([H])([H])[H],0,4 7 3 4 15 0,3,23.00183309,13.82863335,20.33966277,4.515844507,33.31267702,31.16698901
627,COc1nnc(OC)nn1,18500,CC1(C)C=C1,18445,[H]C([H])([H])OC12N=NC(OC([H])([H])[H])(N=N1)C1([H])C2([H])C1(C([H])([H])[H])C([H])([H])[H],0,2 5 3 4 16 0,1,24.40223887,13.73559948,20.94490517,9.377432141,33.60255058,33.41129607
629,C1=NN=CC12OCCO2,18642,CC1(C)C=C1,18445,[H]C([H])([H])C1(C([H])([H])[H])C2([H])C3([H])N=NC([H])(C34OC([H])([H])C([H])([H])O4)C21[H],0,0 3 3 4 15 0,1,15.70844133,7.918411631,14.86905006,-23.39518241,27.49971592,27.39992481
631,FC1(F)C=NN=C1,18644,CC1(C)C=C1,18445,[H]C([H])([H])C1(C([H])([H])[H])C2([H])C3([H])N=NC([H])(C3(F)F)C21[H],0,3 6 3 4 9 0,1,16.74091444,7.625161953,15.48508374,-23.80748791,25.17068545,23.50002353
633,O=C1C=CC=CC1=O,18645,CC1(C)C=C1,18445,[H]C1=C([H])C2([H])C(=O)C(=O)C1([H])C1([H])C2([H])C1(C([H])([H])[H])C([H])([H])[H],0,2 5 3 4 12 0,1,16.84668733,10.24866159,15.20980009,-17.40659835,27.60508539,27.48399202
637,c1nncnn1,5944,CC1(C)C=C1,18445,[H]C([H])([H])C1(C([H])([H])[H])C2([H])C3([H])N=NC([H])(N=N3)C21[H],0,0 3 3 4 8 0,1,17.58842788,9.292917727,18.7037039,-7.157530521,25.42461628,22.88242214
647,c1cnncn1,11875,CC1(C)C=C1,18445,[H]C1=NC2([H])N=NC1([H])C1([H])C2([H])C1(C([H])([H])[H])C([H])([H])[H],0,4 1 3 4 9 0,5,21.97042211,12.53782167,18.27288965,2.657951047,33.14850751,30.99455234
649,Cc1nnc(C)nn1,12881,CC1(C)C=C1,18445,[H]C([H])([H])C12N=NC(C([H])([H])[H])(N=N1)C1([H])C2([H])C1(C([H])([H])[H])C([H])([H])[H],0,1 4 3 4 14 0,1,21.02116165,12.36738617,21.1558958,0.30751486,30.20385376,29.20889104
655,COC(=O)c1nccnn1,18472,CC1(C)C=C1,18445,[H]C1=NC2(C(=O)OC([H])([H])[H])N=NC1([H])C1([H])C2([H])C1(C([H])([H])[H])C([H])([H])[H],0,4 7 3 4 15 0,3,23.00183309,13.82863335,20.33966277,4.515844507,33.31267702,31.16698901
657,COc1nnc(OC)nn1,18500,CC1(C)C=C1,18445,[H]C([H])([H])OC12N=NC(OC([H])([H])[H])(N=N1)C1([H])C2([H])C1(C([H])([H])[H])C([H])([H])[H],0,2 5 3 4 16 0,1,24.40223887,13.73559948,20.94490517,9.377432141,33.60255058,33.41129607
659,C1=NN=CC12OCCO2,18642,CC1(C)C=C1,18445,[H]C([H])([H])C1(C([H])([H])[H])C2([H])C3([H])N=NC([H])(C34OC([H])([H])C([H])([H])O4)C21[H],0,0 3 3 4 15 0,1,15.70844133,7.918411631,14.86905006,-23.39518241,27.49971592,27.39992481
661,FC1(F)C=NN=C1,18644,CC1(C)C=C1,18445,[H]C([H])([H])C1(C([H])([H])[H])C2([H])C3([H])N=NC([H])(C3(F)F)C21[H],0,3 6 3 4 9 0,1,16.74091444,7.625161953,15.48508374,-23.80748791,25.17068545,23.50002353
663,O=C1C=CC=CC1=O,18645,CC1(C)C=C1,18445,[H]C1=C([H])C2([H])C(=O)C(=O)C1([H])C1([H])C2([H])C1(C([H])([H])[H])C([H])([H])[H],0,2 5 3 4 12 0,1,16.84668733,10.24866159,15.20980009,-17.40659835,27.60508539,27.48399202
667,c1nncnn1,5944,CC1=C(C)C1CO,18447,[H]OC([H])([H])C1([H])C2(C([H])([H])[H])C3([H])N=NC([H])(N=N3)C12C([H])([H])[H],0,0 3 1 2 8 0,1,20.24051679,14.01068066,22.80967707,-3.333417695,26.85217137,25.44877676
677,c1cnncn1,11875,CC1=C(C)C1CO,18447,[H]OC([H])([H])C1([H])C2(C([H])([H])[H])C3([H])N=NC([H])(C([H])=N3)C12C([H])([H])[H],0,4 1 1 2 9 0,5,23.76390178,16.28778978,21.55148394,5.668263325,33.95764799,32.89789954
679,Cc1nnc(C)nn1,12881,CC1=C(C)C1CO,18447,[H]OC([H])([H])C1([H])C2(C([H])([H])[H])C3(C([H])([H])[H])N=NC(C([H])([H])[H])(N=N3)C12C([H])([H])[H],0,1 4 1 2 14 0,1,23.5381284,18.09907603,24.53103432,4.538144263,33.79645584,33.04160718
685,COC(=O)c1nccnn1,18472,CC1=C(C)C1CO,18447,[H]OC([H])([H])C1([H])C2(C([H])([H])[H])C3([H])N=NC(C(=O)OC([H])([H])[H])(N=C3[H])C12C([H])([H])[H],0,4 7 1 2 15 0,3,25.51995704,18.85722575,23.79663996,8.487711397,35.18166411,33.95386938
687,COc1nnc(OC)nn1,18500,CC1=C(C)C1CO,18447,[H]OC([H])([H])C1([H])C2(C([H])([H])[H])C3(OC([H])([H])[H])N=NC(OC([H])([H])[H])(N=N3)C12C([H])([H])[H],0,2 5 1 2 16 0,1,26.30333445,19.14728534,24.03187911,14.01647711,37.05921218,37.21048953
689,C1=NN=CC12OCCO2,18642,CC1=C(C)C1CO,18447,[H]OC([H])([H])C1([H])C2(C([H])([H])[H])C3([H])N=NC([H])(C34OC([H])([H])C([H])([H])O4)C12C([H])([H])[H],0,0 3 1 2 15 0,1,18.49831515,13.23126779,19.77386426,-17.35015652,31.10575673,31.00554131
691,FC1(F)C=NN=C1,18644,CC1=C(C)C1CO,18447,[H]OC([H])([H])C1([H])C2(C([H])([H])[H])C3([H])N=NC([H])(C3(F)F)C12C([H])([H])[H],0,3 6 1 2 9 0,1,18.88814024,12.70144884,19.96871545,-19.9023189,28.61096329,26.42311108
693,O=C1C=CC=CC1=O,18645,CC1=C(C)C1CO,18447,[H]OC([H])([H])C1([H])C2(C([H])([H])[H])C3([H])C(=O)C(=O)C([H])(C([H])=C3[H])C12C([H])([H])[H],0,2 5 1 2 12 0,1,19.00554794,15.34556894,18.74725512,-13.54668948,29.76005515,30.1621374
697,c1nncnn1,5944,CC1=C(C)C1CO,18447,[H]OC([H])([H])C1([H])C2(C([H])([H])[H])C3([H])N=NC([H])(N=N3)C12C([H])([H])[H],0,0 3 1 2 8 0,1,20.24051679,14.01068066,22.80967707,-3.333417695,26.85217137,25.44877676
707,c1cnncn1,11875,CC1=C(C)C1CO,18447,[H]OC([H])([H])C1([H])C2(C([H])([H])[H])C3([H])N=NC([H])(C([H])=N3)C12C([H])([H])[H],0,4 1 1 2 9 0,5,23.76390178,16.28778978,21.55148394,5.668263325,33.95764799,32.89789954
709,Cc1nnc(C)nn1,12881,CC1=C(C)C1CO,18447,[H]OC([H])([H])C1([H])C2(C([H])([H])[H])C3(C([H])([H])[H])N=NC(C([H])([H])[H])(N=N3)C12C([H])([H])[H],0,1 4 1 2 14 0,1,23.5381284,18.09907603,24.53103432,4.538144263,33.79645584,33.04160718
715,COC(=O)c1nccnn1,18472,CC1=C(C)C1CO,18447,[H]OC([H])([H])C1([H])C2(C([H])([H])[H])C3([H])N=NC(C(=O)OC([H])([H])[H])(N=C3[H])C12C([H])([H])[H],0,4 7 1 2 15 0,3,25.51995704,18.85722575,23.79663996,8.487711397,35.18166411,33.95386938
717,COc1nnc(OC)nn1,18500,CC1=C(C)C1CO,18447,[H]OC([H])([H])C1([H])C2(C([H])([H])[H])C3(OC([H])([H])[H])N=NC(OC([H])([H])[H])(N=N3)C12C([H])([H])[H],0,2 5 1 2 16 0,1,26.30333445,19.14728534,24.03187911,14.01647711,37.05921218,37.21048953
719,C1=NN=CC12OCCO2,18642,CC1=C(C)C1CO,18447,[H]OC([H])([H])C1([H])C2(C([H])([H])[H])C3([H])N=NC([H])(C34OC([H])([H])C([H])([H])O4)C12C([H])([H])[H],0,0 3 1 2 15 0,1,18.49831515,13.23126779,19.77386426,-17.35015652,31.10575673,31.00554131
721,FC1(F)C=NN=C1,18644,CC1=C(C)C1CO,18447,[H]OC([H])([H])C1([H])C2(C([H])([H])[H])C3([H])N=NC([H])(C3(F)F)C12C([H])([H])[H],0,3 6 1 2 9 0,1,18.88814024,12.70144884,19.96871545,-19.9023189,28.61096329,26.42311108
723,O=C1C=CC=CC1=O,18645,CC1=C(C)C1CO,18447,[H]OC([H])([H])C1([H])C2(C([H])([H])[H])C3([H])C(=O)C(=O)C([H])(C([H])=C3[H])C12C([H])([H])[H],0,2 5 1 2 12 0,1,19.00554794,15.34556894,18.74725512,-13.54668948,29.76005515,30.1621374
726,c1nncnn1,5944,CC1=C[C@@H]1/C=C/C(=O)O,18450,[H]OC(=O)/C([H])=C(\[H])[C@@]1([H])C2([H])C3([H])N=NC([H])(N=N3)C21C([H])([H])[H],1,0 3 1 2 8 1,0,19.99489361,12.34314261,20.30873537,-2.23833673,28.06060423,27.11367391
769,c1cnncn1,11875,CC1=C[C@@H]1/C=C/C(=O)O,18450,[H]OC(=O)C1([H])C2([H])N=NC([H])(C([H])=N2)C1([H])[C@@]1([H])C([H])=C1C([H])([H])[H],0,4 1 5 4 9 0,23,23.52786286,14.53021261,21.65135963,14.0696232,32.60252877,32.00451882
772,Cc1nnc(C)nn1,12881,CC1=C[C@@H]1/C=C/C(=O)O,18450,[H]OC(=O)C1([H])C2(C([H])([H])[H])N=NC(C([H])([H])[H])(N=N2)C1([H])[C@@]1([H])C([H])=C1C([H])([H])[H],1,1 4 4 5 14 1,2,23.2721813,15.52170092,23.6182272,13.47000622,32.59599785,31.79368451
797,COC(=O)c1nccnn1,18472,CC1=C[C@@H]1/C=C/C(=O)O,18450,[H]OC(=O)C1([H])C2(C(=O)OC([H])([H])[H])N=NC([H])(C([H])=N2)C1([H])[C@@]1([H])C([H])=C1C([H])([H])[H],0,4 7 5 4 15 0,15,24.53609187,15.40830954,23.9407332,17.76742795,32.42520042,31.61593433
800,COc1nnc(OC)nn1,18500,CC1=C[C@@H]1/C=C/C(=O)O,18450,[H]OC(=O)C1([H])C2(OC([H])([H])[H])N=NC(OC([H])([H])[H])(N=N2)C1([H])[C@@]1([H])C([H])=C1C([H])([H])[H],1,2 5 4 5 16 1,2,24.69376059,15.72078364,22.75399293,23.34136069,34.69871971,33.60064907
802,C1=NN=CC12OCCO2,18642,CC1=C[C@@H]1/C=C/C(=O)O,18450,[H]OC(=O)/C([H])=C(\[H])[C@@]1([H])C2([H])C3([H])N=NC([H])(C34OC([H])([H])C([H])([H])O4)C21C([H])([H])[H],1,0 3 1 2 15 1,0,17.1199713,11.25051871,19.67726889,-18.3166929,29.6570605,29.68184677
806,FC1(F)C=NN=C1,18644,CC1=C[C@@H]1/C=C/C(=O)O,18450,[H]OC(=O)/C([H])=C(\[H])[C@@]1([H])C2([H])C3([H])N=NC([H])(C3(F)F)C21C([H])([H])[H],1,3 6 1 2 9 1,0,17.94680769,10.92549238,19.0910431,-18.83327673,27.38008307,25.93306068
810,O=C1C=CC=CC1=O,18645,CC1=C[C@@H]1/C=C/C(=O)O,18450,[H]OC(=O)/C([H])=C(\[H])[C@@]1([H])C2([H])C3([H])C(=O)C(=O)C([H])(C([H])=C3[H])C21C([H])([H])[H],1,2 5 1 2 12 1,0,18.45052094,13.54492247,18.68163024,-12.8034771,29.1830325,29.97295438
822,c1nncnn1,5944,CC1=C[C@@H]1/C=C/C(=O)O,18450,[H]OC(=O)/C([H])=C(\[H])[C@@]1([H])C2([H])C3([H])N=NC([H])(N=N3)C21C([H])([H])[H],1,0 3 1 2 8 1,0,19.99489361,12.34314261,20.30873537,-2.23833673,28.06060423,27.11367391
865,c1cnncn1,11875,CC1=C[C@@H]1/C=C/C(=O)O,18450,[H]OC(=O)C1([H])C2([H])N=NC([H])(C([H])=N2)C1([H])[C@@]1([H])C([H])=C1C([H])([H])[H],0,4 1 5 4 9 0,23,23.52786286,14.53021261,21.65135963,14.0696232,32.60252877,32.00451882
868,Cc1nnc(C)nn1,12881,CC1=C[C@@H]1/C=C/C(=O)O,18450,[H]OC(=O)C1([H])C2(C([H])([H])[H])N=NC(C([H])([H])[H])(N=N2)C1([H])[C@@]1([H])C([H])=C1C([H])([H])[H],1,1 4 4 5 14 1,2,23.2721813,15.52170092,23.6182272,13.47000622,32.59599785,31.79368451
893,COC(=O)c1nccnn1,18472,CC1=C[C@@H]1/C=C/C(=O)O,18450,[H]OC(=O)C1([H])C2(C(=O)OC([H])([H])[H])N=NC([H])(C([H])=N2)C1([H])[C@@]1([H])C([H])=C1C([H])([H])[H],0,4 7 5 4 15 0,15,24.53609187,15.40830954,23.9407332,17.76742795,32.42520042,31.61593433
896,COc1nnc(OC)nn1,18500,CC1=C[C@@H]1/C=C/C(=O)O,18450,[H]OC(=O)C1([H])C2(OC([H])([H])[H])N=NC(OC([H])([H])[H])(N=N2)C1([H])[C@@]1([H])C([H])=C1C([H])([H])[H],1,2 5 4 5 16 1,2,24.69376059,15.72078364,22.75399293,23.34136069,34.69871971,33.60064907
898,C1=NN=CC12OCCO2,18642,CC1=C[C@@H]1/C=C/C(=O)O,18450,[H]OC(=O)/C([H])=C(\[H])[C@@]1([H])C2([H])C3([H])N=NC([H])(C34OC([H])([H])C([H])([H])O4)C21C([H])([H])[H],1,0 3 1 2 15 1,0,17.1199713,11.25051871,19.67726889,-18.3166929,29.6570605,29.68184677
902,FC1(F)C=NN=C1,18644,CC1=C[C@@H]1/C=C/C(=O)O,18450,[H]OC(=O)/C([H])=C(\[H])[C@@]1([H])C2([H])C3([H])N=NC([H])(C3(F)F)C21C([H])([H])[H],1,3 6 1 2 9 1,0,17.94680769,10.92549238,19.0910431,-18.83327673,27.38008307,25.93306068
906,O=C1C=CC=CC1=O,18645,CC1=C[C@@H]1/C=C/C(=O)O,18450,[H]OC(=O)/C([H])=C(\[H])[C@@]1([H])C2([H])C3([H])C(=O)C(=O)C([H])(C([H])=C3[H])C21C([H])([H])[H],1,2 5 1 2 12 1,0,18.45052094,13.54492247,18.68163024,-12.8034771,29.1830325,29.97295438
918,c1nncnn1,5944,CC1=C[C@@H]1C(=O)NC(C)C,18452,[H]N(C(=O)[C@@]1([H])C2([H])C3([H])N=NC([H])(N=N3)C21C([H])([H])[H])C([H])(C([H])([H])[H])C([H])([H])[H],1,0 3 1 2 8 1,0,19.88507829,12.34200086,22.14390417,-1.830343891,27.21038388,26.68542448
939,c1cnncn1,11875,CC1=C[C@@H]1C(=O)NC(C)C,18452,[H]C1=NC2([H])N=NC1([H])C1(C([H])([H])[H])C2([H])[C@]1([H])C(=O)N([H])C([H])(C([H])([H])[H])C([H])([H])[H],0,4 1 2 1 9 0,11,23.53982902,15.69025666,24.06619882,6.235119314,34.19771766,34.25147708
940,Cc1nnc(C)nn1,12881,CC1=C[C@@H]1C(=O)NC(C)C,18452,[H]N(C(=O)[C@@]1([H])C2([H])C3(C([H])([H])[H])N=NC(C([H])([H])[H])(N=N3)C21C([H])([H])[H])C([H])(C([H])([H])[H])C([H])([H])[H],1,1 4 1 2 14 1,0,22.70611858,15.00910675,23.2883375,5.249834303,32.5688834,33.1020242
952,COC(=O)c1nccnn1,18472,CC1=C[C@@H]1C(=O)NC(C)C,18452,[H]C1=NC2(C(=O)OC([H])([H])[H])N=NC1([H])C1(C([H])([H])[H])C2([H])[C@]1([H])C(=O)N([H])C([H])(C([H])([H])[H])C([H])([H])[H],1,4 7 2 1 15 1,6,25.32348511,17.7574661,25.89066975,8.670694132,34.98944913,34.83072398
954,COc1nnc(OC)nn1,18500,CC1=C[C@@H]1C(=O)NC(C)C,18452,[H]N(C(=O)[C@@]1([H])C2([H])C3(OC([H])([H])[H])N=NC(OC([H])([H])[H])(N=N3)C21C([H])([H])[H])C([H])(C([H])([H])[H])C([H])([H])[H],1,2 5 1 2 16 1,0,26.08941237,15.62171641,23.10115431,14.49187709,35.27604752,36.67209923
956,C1=NN=CC12OCCO2,18642,CC1=C[C@@H]1C(=O)NC(C)C,18452,[H]N(C(=O)[C@@]1([H])C2([H])C3([H])N=NC([H])(C34OC([H])([H])C([H])([H])O4)C21C([H])([H])[H])C([H])(C([H])([H])[H])C([H])([H])[H],1,0 3 1 2 15 1,0,17.20701155,10.6838495,19.48852109,-17.99007141,29.88259939,29.8995131
958,FC1(F)C=NN=C1,18644,CC1=C[C@@H]1C(=O)NC(C)C,18452,[H]N(C(=O)[C@@]1([H])C2([H])C3([H])N=NC([H])(C3(F)F)C21C([H])([H])[H])C([H])(C([H])([H])[H])C([H])([H])[H],1,3 6 1 2 9 1,0,17.96656986,10.49322607,19.73961662,-18.43116121,27.32911768,25.98381967
960,O=C1C=CC=CC1=O,18645,CC1=C[C@@H]1C(=O)NC(C)C,18452,[H]C1=C([H])C2([H])C(=O)C(=O)C1([H])C1([H])C2(C([H])([H])[H])[C@@]1([H])C(=O)N([H])C([H])(C([H])([H])[H])C([H])([H])[H],1,2 5 1 2 12 1,0,18.67374831,13.27215965,18.99224856,-12.05832388,29.45669881,30.66042407
966,c1nncnn1,5944,CC1=C[C@@H]1C(=O)NC(C)C,18452,[H]N(C(=O)[C@@]1([H])C2([H])C3([H])N=NC([H])(N=N3)C21C([H])([H])[H])C([H])(C([H])([H])[H])C([H])([H])[H],1,0 3 1 2 8 1,0,19.88507829,12.34200086,22.14390417,-1.830343891,27.21038388,26.68542448
987,c1cnncn1,11875,CC1=C[C@@H]1C(=O)NC(C)C,18452,[H]C1=NC2([H])N=NC1([H])C1(C([H])([H])[H])C2([H])[C@]1([H])C(=O)N([H])C([H])(C([H])([H])[H])C([H])([H])[H],0,4 1 2 1 9 0,11,23.53982902,15.69025666,24.06619882,6.235119314,34.19771766,34.25147708
988,Cc1nnc(C)nn1,12881,CC1=C[C@@H]1C(=O)NC(C)C,18452,[H]N(C(=O)[C@@]1([H])C2([H])C3(C([H])([H])[H])N=NC(C([H])([H])[H])(N=N3)C21C([H])([H])[H])C([H])(C([H])([H])[H])C([H])([H])[H],1,1 4 1 2 14 1,0,22.70611858,15.00910675,23.2883375,5.249834303,32.5688834,33.1020242
1000,COC(=O)c1nccnn1,18472,CC1=C[C@@H]1C(=O)NC(C)C,18452,[H]C1=NC2(C(=O)OC([H])([H])[H])N=NC1([H])C1(C([H])([H])[H])C2([H])[C@]1([H])C(=O)N([H])C([H])(C([H])([H])[H])C([H])([H])[H],1,4 7 2 1 15 1,6,25.32348511,17.7574661,25.89066975,8.670694132,34.98944913,34.83072398
1002,COc1nnc(OC)nn1,18500,CC1=C[C@@H]1C(=O)NC(C)C,18452,[H]N(C(=O)[C@@]1([H])C2([H])C3(OC([H])([H])[H])N=NC(OC([H])([H])[H])(N=N3)C21C([H])([H])[H])C([H])(C([H])([H])[H])C([H])([H])[H],1,2 5 1 2 16 1,0,26.08941237,15.62171641,23.10115431,14.49187709,35.27604752,36.67209923
1004,C1=NN=CC12OCCO2,18642,CC1=C[C@@H]1C(=O)NC(C)C,18452,[H]N(C(=O)[C@@]1([H])C2([H])C3([H])N=NC([H])(C34OC([H])([H])C([H])([H])O4)C21C([H])([H])[H])C([H])(C([H])([H])[H])C([H])([H])[H],1,0 3 1 2 15 1,0,17.20701155,10.6838495,19.48852109,-17.99007141,29.88259939,29.8995131
1006,FC1(F)C=NN=C1,18644,CC1=C[C@@H]1C(=O)NC(C)C,18452,[H]N(C(=O)[C@@]1([H])C2([H])C3([H])N=NC([H])(C3(F)F)C21C([H])([H])[H])C([H])(C([H])([H])[H])C([H])([H])[H],1,3 6 1 2 9 1,0,17.96656986,10.49322607,19.73961662,-18.43116121,27.32911768,25.98381967
1008,O=C1C=CC=CC1=O,18645,CC1=C[C@@H]1C(=O)NC(C)C,18452,[H]C1=C([H])C2([H])C(=O)C(=O)C1([H])C1([H])C2(C([H])([H])[H])[C@@]1([H])C(=O)N([H])C([H])(C([H])([H])[H])C([H])([H])[H],1,2 5 1 2 12 1,0,18.67374831,13.27215965,18.99224856,-12.05832388,29.45669881,30.66042407
1014,c1nncnn1,5944,CC1=C[C@@H]1C(=O)NCCO,18453,[H]OC([H])([H])C([H])([H])N([H])C(=O)[C@@]1([H])C2([H])C3([H])N=NC([H])(N=N3)C21C([H])([H])[H],1,0 3 1 2 8 1,0,19.96326259,12.53555721,21.91474067,-1.763266843,27.22005228,27.0544714
1035,c1cnncn1,11875,CC1=C[C@@H]1C(=O)NCCO,18453,[H]OC([H])([H])C([H])([H])N([H])C(=O)[C@@]1([H])C2([H])C3([H])N=NC([H])(C([H])=N3)C21C([H])([H])[H],0,4 1 2 1 9 0,11,23.37975854,15.39163875,23.59552487,5.516949896,33.6934852,33.95520706
1036,Cc1nnc(C)nn1,12881,CC1=C[C@@H]1C(=O)NCCO,18453,[H]OC([H])([H])C([H])([H])N([H])C(=O)[C@@]1([H])C2([H])C3(C([H])([H])[H])N=NC(C([H])([H])[H])(N=N3)C21C([H])([H])[H],1,1 4 1 2 14 1,0,22.91032353,15.24239578,23.09392703,5.477866779,32.66185652,33.286438
1049,COC(=O)c1nccnn1,18472,CC1=C[C@@H]1C(=O)NCCO,18453,[H]OC([H])([H])C([H])([H])N([H])C(=O)[C@@]1([H])C2([H])C3(C(=O)OC([H])([H])[H])N=NC([H])(C([H])=N3)C21C([H])([H])[H],0,4 7 2 1 15 0,7,25.6888069,16.97991239,24.83285243,7.839389283,34.8916471,34.66414357
1050,COc1nnc(OC)nn1,18500,CC1=C[C@@H]1C(=O)NCCO,18453,[H]OC([H])([H])C([H])([H])N([H])C(=O)[C@@]1([H])C2([H])C3(OC([H])([H])[H])N=NC(OC([H])([H])[H])(N=N3)C21C([H])([H])[H],1,2 5 1 2 16 1,0,26.26399422,15.99052146,22.78210467,14.74490265,35.50447741,36.7436555
1052,C1=NN=CC12OCCO2,18642,CC1=C[C@@H]1C(=O)NCCO,18453,[H]OC([H])([H])C([H])([H])N([H])C(=O)[C@@]1([H])C2([H])C3([H])N=NC([H])(C34OC([H])([H])C([H])([H])O4)C21C([H])([H])[H],1,0 3 1 2 15 1,0,17.31606894,11.14982136,19.52288861,-18.03830443,29.91931257,30.34384824
1054,FC1(F)C=NN=C1,18644,CC1=C[C@@H]1C(=O)NCCO,18453,[H]OC([H])([H])C([H])([H])N([H])C(=O)[C@@]1([H])C2([H])C3([H])N=NC([H])(C3(F)F)C21C([H])([H])[H],1,3 6 1 2 9 1,0,18.05060098,10.89513881,19.59046112,-18.72816374,27.19883392,26.47366887
1056,O=C1C=CC=CC1=O,18645,CC1=C[C@@H]1C(=O)NCCO,18453,[H]OC([H])([H])C([H])([H])N([H])C(=O)[C@@]1([H])C2([H])C3([H])C(=O)C(=O)C([H])(C([H])=C3[H])C21C([H])([H])[H],1,2 5 1 2 12 1,0,18.85732411,13.89428498,18.51665931,-11.92679222,29.52409999,31.08772878
1062,c1nncnn1,5944,CC1=C[C@@H]1C(=O)NCCO,18453,[H]OC([H])([H])C([H])([H])N([H])C(=O)[C@@]1([H])C2([H])C3([H])N=NC([H])(N=N3)C21C([H])([H])[H],1,0 3 1 2 8 1,0,19.96326259,12.53555721,21.91474067,-1.763266843,27.22005228,27.0544714
1083,c1cnncn1,11875,CC1=C[C@@H]1C(=O)NCCO,18453,[H]OC([H])([H])C([H])([H])N([H])C(=O)[C@@]1([H])C2([H])C3([H])N=NC([H])(C([H])=N3)C21C([H])([H])[H],0,4 1 2 1 9 0,11,23.37975854,15.39163875,23.59552487,5.516949896,33.6934852,33.95520706
1084,Cc1nnc(C)nn1,12881,CC1=C[C@@H]1C(=O)NCCO,18453,[H]OC([H])([H])C([H])([H])N([H])C(=O)[C@@]1([H])C2([H])C3(C([H])([H])[H])N=NC(C([H])([H])[H])(N=N3)C21C([H])([H])[H],1,1 4 1 2 14 1,0,22.91032353,15.24239578,23.09392703,5.477866779,32.66185652,33.286438
1097,COC(=O)c1nccnn1,18472,CC1=C[C@@H]1C(=O)NCCO,18453,[H]OC([H])([H])C([H])([H])N([H])C(=O)[C@@]1([H])C2([H])C3(C(=O)OC([H])([H])[H])N=NC([H])(C([H])=N3)C21C([H])([H])[H],0,4 7 2 1 15 0,7,25.6888069,16.97991239,24.83285243,7.839389283,34.8916471,34.66414357
1098,COc1nnc(OC)nn1,18500,CC1=C[C@@H]1C(=O)NCCO,18453,[H]OC([H])([H])C([H])([H])N([H])C(=O)[C@@]1([H])C2([H])C3(OC([H])([H])[H])N=NC(OC([H])([H])[H])(N=N3)C21C([H])([H])[H],1,2 5 1 2 16 1,0,26.26399422,15.99052146,22.78210467,14.74490265,35.50447741,36.7436555
1100,C1=NN=CC12OCCO2,18642,CC1=C[C@@H]1C(=O)NCCO,18453,[H]OC([H])([H])C([H])([H])N([H])C(=O)[C@@]1([H])C2([H])C3([H])N=NC([H])(C34OC([H])([H])C([H])([H])O4)C21C([H])([H])[H],1,0 3 1 2 15 1,0,17.31606894,11.14982136,19.52288861,-18.03830443,29.91931257,30.34384824
1102,FC1(F)C=NN=C1,18644,CC1=C[C@@H]1C(=O)NCCO,18453,[H]OC([H])([H])C([H])([H])N([H])C(=O)[C@@]1([H])C2([H])C3([H])N=NC([H])(C3(F)F)C21C([H])([H])[H],1,3 6 1 2 9 1,0,18.05060098,10.89513881,19.59046112,-18.72816374,27.19883392,26.47366887
1104,O=C1C=CC=CC1=O,18645,CC1=C[C@@H]1C(=O)NCCO,18453,[H]OC([H])([H])C([H])([H])N([H])C(=O)[C@@]1([H])C2([H])C3([H])C(=O)C(=O)C([H])(C([H])=C3[H])C21C([H])([H])[H],1,2 5 1 2 12 1,0,18.85732411,13.89428498,18.51665931,-11.92679222,29.52409999,31.08772878
1110,c1nncnn1,5944,CC1=C[C@@H]1C(N)=O,18454,[H]N([H])C(=O)[C@@]1([H])C2([H])C3([H])N=NC([H])(N=N3)C21C([H])([H])[H],1,0 3 1 2 8 1,0,19.58774114,11.8245382,19.18068876,-3.75294639,26.83811907,26.71580124
1131,c1cnncn1,11875,CC1=C[C@@H]1C(N)=O,18454,[H]C1=NC2([H])N=NC1([H])C1(C([H])([H])[H])C2([H])[C@]1([H])C(=O)N([H])[H],0,4 1 2 1 9 0,11,23.52551165,14.78580124,20.98776404,5.834326422,33.82171734,33.8080577
1132,Cc1nnc(C)nn1,12881,CC1=C[C@@H]1C(N)=O,18454,[H]N([H])C(=O)[C@@]1([H])C2([H])C3(C([H])([H])[H])N=NC(C([H])([H])[H])(N=N3)C21C([H])([H])[H],1,1 4 1 2 14 1,0,22.54607411,14.9348965,22.26332674,3.80218104,32.50717679,32.59558024
1144,COC(=O)c1nccnn1,18472,CC1=C[C@@H]1C(N)=O,18454,[H]C1=NC2(C(=O)OC([H])([H])[H])N=NC1([H])C1(C([H])([H])[H])C2([H])[C@]1([H])C(=O)N([H])[H],1,4 7 2 1 15 1,6,25.33772307,17.76660455,23.65715535,9.149762785,35.33766555,35.12941877
1146,COc1nnc(OC)nn1,18500,CC1=C[C@@H]1C(N)=O,18454,[H]N([H])C(=O)[C@@]1([H])C2([H])C3(OC([H])([H])[H])N=NC(OC([H])([H])[H])(N=N3)C21C([H])([H])[H],1,2 5 1 2 16 1,0,25.53907981,15.85784645,22.61734333,13.55903698,35.3540601,36.70016421
1148,C1=NN=CC12OCCO2,18642,CC1=C[C@@H]1C(N)=O,18454,[H]N([H])C(=O)[C@@]1([H])C2([H])C3([H])N=NC([H])(C34OC([H])([H])C([H])([H])O4)C21C([H])([H])[H],1,0 3 1 2 15 1,0,17.00953918,11.06933182,17.362533,-20.203808,29.04798045,30.02095595
1150,FC1(F)C=NN=C1,18644,CC1=C[C@@H]1C(N)=O,18454,[H]N([H])C(=O)[C@@]1([H])C2([H])C3([H])N=NC([H])(C3(F)F)C21C([H])([H])[H],1,3 6 1 2 9 1,0,17.6932344,10.79825694,17.27829481,-20.56112768,26.63965393,26.14691044
1152,O=C1C=CC=CC1=O,18645,CC1=C[C@@H]1C(N)=O,18454,[H]C1=C([H])C2([H])C(=O)C(=O)C1([H])C1([H])C2(C([H])([H])[H])[C@@]1([H])C(=O)N([H])[H],1,2 5 1 2 12 1,0,17.83413689,12.97756662,16.80326197,-14.4923488,28.23550787,29.2829713
1158,c1nncnn1,5944,CC1=C[C@@H]1C(N)=O,18454,[H]N([H])C(=O)[C@@]1([H])C2([H])C3([H])N=NC([H])(N=N3)C21C([H])([H])[H],1,0 3 1 2 8 1,0,19.58774114,11.8245382,19.18068876,-3.75294639,26.83811907,26.71580124
1179,c1cnncn1,11875,CC1=C[C@@H]1C(N)=O,18454,[H]C1=NC2([H])N=NC1([H])C1(C([H])([H])[H])C2([H])[C@]1([H])C(=O)N([H])[H],0,4 1 2 1 9 0,11,23.52551165,14.78580124,20.98776404,5.834326422,33.82171734,33.8080577
1180,Cc1nnc(C)nn1,12881,CC1=C[C@@H]1C(N)=O,18454,[H]N([H])C(=O)[C@@]1([H])C2([H])C3(C([H])([H])[H])N=NC(C([H])([H])[H])(N=N3)C21C([H])([H])[H],1,1 4 1 2 14 1,0,22.54607411,14.9348965,22.26332674,3.80218104,32.50717679,32.59558024
1192,COC(=O)c1nccnn1,18472,CC1=C[C@@H]1C(N)=O,18454,[H]C1=NC2(C(=O)OC([H])([H])[H])N=NC1([H])C1(C([H])([H])[H])C2([H])[C@]1([H])C(=O)N([H])[H],1,4 7 2 1 15 1,6,25.33772307,17.76660455,23.65715535,9.149762785,35.33766555,35.12941877
1194,COc1nnc(OC)nn1,18500,CC1=C[C@@H]1C(N)=O,18454,[H]N([H])C(=O)[C@@]1([H])C2([H])C3(OC([H])([H])[H])N=NC(OC([H])([H])[H])(N=N3)C21C([H])([H])[H],1,2 5 1 2 16 1,0,25.53907981,15.85784645,22.61734333,13.55903698,35.3540601,36.70016421
1196,C1=NN=CC12OCCO2,18642,CC1=C[C@@H]1C(N)=O,18454,[H]N([H])C(=O)[C@@]1([H])C2([H])C3([H])N=NC([H])(C34OC([H])([H])C([H])([H])O4)C21C([H])([H])[H],1,0 3 1 2 15 1,0,17.00953918,11.06933182,17.362533,-20.203808,29.04798045,30.02095595
1198,FC1(F)C=NN=C1,18644,CC1=C[C@@H]1C(N)=O,18454,[H]N([H])C(=O)[C@@]1([H])C2([H])C3([H])N=NC([H])(C3(F)F)C21C([H])([H])[H],1,3 6 1 2 9 1,0,17.6932344,10.79825694,17.27829481,-20.56112768,26.63965393,26.14691044
1200,O=C1C=CC=CC1=O,18645,CC1=C[C@@H]1C(N)=O,18454,[H]C1=C([H])C2([H])C(=O)C(=O)C1([H])C1([H])C2(C([H])([H])[H])[C@@]1([H])C(=O)N([H])[H],1,2 5 1 2 12 1,0,17.83413689,12.97756662,16.80326197,-14.4923488,28.23550787,29.2829713
1206,c1nncnn1,5944,CC1=C[C@@H]1CNCC(=O)O,18457,[H]OC(=O)C([H])([H])N([H])C([H])([H])[C@@]1([H])C2([H])C3([H])N=NC([H])(N=N3)C21C([H])([H])[H],1,0 3 1 2 8 1,0,19.90140374,11.45565842,20.00273403,-3.062362726,26.7611064,25.40591529
1227,c1cnncn1,11875,CC1=C[C@@H]1CNCC(=O)O,18457,[H]OC(=O)C([H])([H])N([H])C([H])([H])[C@@]1([H])C2([H])C3([H])N=NC([H])(C([H])=N3)C21C([H])([H])[H],0,4 1 2 1 9 0,11,22.83552662,13.85877911,20.69635947,5.616386254,33.01662514,32.45240487
1228,Cc1nnc(C)nn1,12881,CC1=C[C@@H]1CNCC(=O)O,18457,[H]OC(=O)C([H])([H])N([H])C([H])([H])[C@@]1([H])C2([H])C3(C([H])([H])[H])N=NC(C([H])([H])[H])(N=N3)C21C([H])([H])[H],1,1 4 1 2 14 1,0,22.78658854,14.13110827,22.00317606,3.908777569,32.37000357,32.1376324
1241,COC(=O)c1nccnn1,18472,CC1=C[C@@H]1CNCC(=O)O,18457,[H]OC(=O)C([H])([H])N([H])C([H])([H])[C@@]1([H])C2([H])C3(C(=O)OC([H])([H])[H])N=NC([H])(C([H])=N3)C21C([H])([H])[H],0,4 7 2 1 15 0,7,24.77587276,15.81893289,23.11317084,8.395488073,34.17388972,33.61797816
1242,COc1nnc(OC)nn1,18500,CC1=C[C@@H]1CNCC(=O)O,18457,[H]OC(=O)C([H])([H])N([H])C([H])([H])[C@@]1([H])C2([H])C3(OC([H])([H])[H])N=NC(OC([H])([H])[H])(N=N3)C21C([H])([H])[H],1,2 5 1 2 16 1,0,25.85056253,15.16701683,22.03825641,13.9998343,35.48416206,36.16688021
1244,C1=NN=CC12OCCO2,18642,CC1=C[C@@H]1CNCC(=O)O,18457,[H]OC(=O)C([H])([H])N([H])C([H])([H])[C@@]1([H])C2([H])C3([H])N=NC([H])(C34OC([H])([H])C([H])([H])O4)C21C([H])([H])[H],1,0 3 1 2 15 1,0,17.59895124,10.37809288,18.19975159,-17.29693754,29.95614374,29.72516958
1246,FC1(F)C=NN=C1,18644,CC1=C[C@@H]1CNCC(=O)O,18457,[H]OC(=O)C([H])([H])N([H])C([H])([H])[C@@]1([H])C2([H])C3([H])N=NC([H])(C3(F)F)C21C([H])([H])[H],1,3 6 1 2 9 1,0,18.07247783,10.04942949,18.2923022,-19.15786086,27.17228464,25.72838156
1248,O=C1C=CC=CC1=O,18645,CC1=C[C@@H]1CNCC(=O)O,18457,[H]OC(=O)C([H])([H])N([H])C([H])([H])[C@@]1([H])C2([H])C3([H])C(=O)C(=O)C([H])(C([H])=C3[H])C21C([H])([H])[H],1,2 5 1 2 12 1,0,19.04654244,12.85799818,17.50569093,-12.09446018,29.06523451,29.88508695
1254,c1nncnn1,5944,CC1=C[C@@H]1CNCC(=O)O,18457,[H]OC(=O)C([H])([H])N([H])C([H])([H])[C@@]1([H])C2([H])C3([H])N=NC([H])(N=N3)C21C([H])([H])[H],1,0 3 1 2 8 1,0,19.90140374,11.45565842,20.00273403,-3.062362726,26.7611064,25.40591529
1275,c1cnncn1,11875,CC1=C[C@@H]1CNCC(=O)O,18457,[H]OC(=O)C([H])([H])N([H])C([H])([H])[C@@]1([H])C2([H])C3([H])N=NC([H])(C([H])=N3)C21C([H])([H])[H],0,4 1 2 1 9 0,11,22.83552662,13.85877911,20.69635947,5.616386254,33.01662514,32.45240487
1276,Cc1nnc(C)nn1,12881,CC1=C[C@@H]1CNCC(=O)O,18457,[H]OC(=O)C([H])([H])N([H])C([H])([H])[C@@]1([H])C2([H])C3(C([H])([H])[H])N=NC(C([H])([H])[H])(N=N3)C21C([H])([H])[H],1,1 4 1 2 14 1,0,22.78658854,14.13110827,22.00317606,3.908777569,32.37000357,32.1376324
1289,COC(=O)c1nccnn1,18472,CC1=C[C@@H]1CNCC(=O)O,18457,[H]OC(=O)C([H])([H])N([H])C([H])([H])[C@@]1([H])C2([H])C3(C(=O)OC([H])([H])[H])N=NC([H])(C([H])=N3)C21C([H])([H])[H],0,4 7 2 1 15 0,7,24.77587276,15.81893289,23.11317084,8.395488073,34.17388972,33.61797816
1290,COc1nnc(OC)nn1,18500,CC1=C[C@@H]1CNCC(=O)O,18457,[H]OC(=O)C([H])([H])N([H])C([H])([H])[C@@]1([H])C2([H])C3(OC([H])([H])[H])N=NC(OC([H])([H])[H])(N=N3)C21C([H])([H])[H],1,2 5 1 2 16 1,0,25.85056253,15.16701683,22.03825641,13.9998343,35.48416206,36.16688021
1292,C1=NN=CC12OCCO2,18642,CC1=C[C@@H]1CNCC(=O)O,18457,[H]OC(=O)C([H])([H])N([H])C([H])([H])[C@@]1([H])C2([H])C3([H])N=NC([H])(C34OC([H])([H])C([H])([H])O4)C21C([H])([H])[H],1,0 3 1 2 15 1,0,17.59895124,10.37809288,18.19975159,-17.29693754,29.95614374,29.72516958
1294,FC1(F)C=NN=C1,18644,CC1=C[C@@H]1CNCC(=O)O,18457,[H]OC(=O)C([H])([H])N([H])C([H])([H])[C@@]1([H])C2([H])C3([H])N=NC([H])(C3(F)F)C21C([H])([H])[H],1,3 6 1 2 9 1,0,18.07247783,10.04942949,18.2923022,-19.15786086,27.17228464,25.72838156
1296,O=C1C=CC=CC1=O,18645,CC1=C[C@@H]1CNCC(=O)O,18457,[H]OC(=O)C([H])([H])N([H])C([H])([H])[C@@]1([H])C2([H])C3([H])C(=O)C(=O)C([H])(C([H])=C3[H])C21C([H])([H])[H],1,2 5 1 2 12 1,0,19.04654244,12.85799818,17.50569093,-12.09446018,29.06523451,29.88508695
1302,c1nncnn1,5944,CC1C=C1,18460,[H]C([H])([H])C1([H])C2([H])C3([H])N=NC([H])(N=N3)C12[H],1,0 3 2 3 8 1,0,19.05978609,8.229010438,17.83846634,-7.988500088,26.19553977,23.88182782
1312,c1cnncn1,11875,CC1C=C1,18460,[H]C1=NC2([H])N=NC1([H])C1([H])C([H])(C([H])([H])[H])C21[H],1,4 1 2 3 9 1,4,23.38508369,11.33200495,17.42568499,2.023024847,33.57799437,31.36660835
1314,Cc1nnc(C)nn1,12881,CC1C=C1,18460,[H]C([H])([H])C12N=NC(C([H])([H])[H])(N=N1)C1([H])C([H])(C([H])([H])[H])C21[H],1,1 4 2 3 14 1,0,22.7622767,11.52646792,20.2483443,-0.823659922,31.17708944,29.64638345
1320,COC(=O)c1nccnn1,18472,CC1C=C1,18460,[H]C1=NC2(C(=O)OC([H])([H])[H])N=NC1([H])C1([H])C([H])(C([H])([H])[H])C21[H],1,4 7 2 3 15 1,2,24.608993,12.67975363,18.80212206,4.051865587,33.73753675,31.76876497
1323,COc1nnc(OC)nn1,18500,CC1C=C1,18460,[H]C([H])([H])OC12N=NC(OC([H])([H])[H])(N=N1)C1([H])C([H])(C([H])([H])[H])C21[H],0,2 5 2 3 16 0,1,24.97166675,12.34697198,19.58722362,10.82568006,34.85667899,34.44528577
1325,C1=NN=CC12OCCO2,18642,CC1C=C1,18460,[H]C([H])([H])C1([H])C2([H])C3([H])N=NC([H])(C34OC([H])([H])C([H])([H])O4)C12[H],0,0 3 2 3 15 0,1,16.49453101,7.016112593,14.55607412,-21.46589712,28.79214871,28.57165593
1326,FC1(F)C=NN=C1,18644,CC1C=C1,18460,[H]C([H])([H])C1([H])C2([H])C3([H])N=NC([H])(C3(F)F)C12[H],1,3 6 2 3 9 1,0,18.45317678,7.507638094,14.54330313,-24.48319721,26.80372569,24.9898328
1329,O=C1C=CC=CC1=O,18645,CC1C=C1,18460,[H]C1=C([H])C2([H])C(=O)C(=O)C1([H])C1([H])C([H])(C([H])([H])[H])C21[H],0,2 5 2 3 12 0,1,17.70320103,9.390960214,14.56274414,-15.49108886,28.56223949,28.44740767
1332,c1nncnn1,5944,CC1C=C1,18460,[H]C([H])([H])C1([H])C2([H])C3([H])N=NC([H])(N=N3)C12[H],1,0 3 2 3 8 1,0,19.05978609,8.229010438,17.83846634,-7.988500088,26.19553977,23.88182782
1342,c1cnncn1,11875,CC1C=C1,18460,[H]C1=NC2([H])N=NC1([H])C1([H])C([H])(C([H])([H])[H])C21[H],1,4 1 2 3 9 1,4,23.38508369,11.33200495,17.42568499,2.023024847,33.57799437,31.36660835
1344,Cc1nnc(C)nn1,12881,CC1C=C1,18460,[H]C([H])([H])C12N=NC(C([H])([H])[H])(N=N1)C1([H])C([H])(C([H])([H])[H])C21[H],1,1 4 2 3 14 1,0,22.7622767,11.52646792,20.2483443,-0.823659922,31.17708944,29.64638345
1350,COC(=O)c1nccnn1,18472,CC1C=C1,18460,[H]C1=NC2(C(=O)OC([H])([H])[H])N=NC1([H])C1([H])C([H])(C([H])([H])[H])C21[H],1,4 7 2 3 15 1,2,24.608993,12.67975363,18.80212206,4.051865587,33.73753675,31.76876497
1353,COc1nnc(OC)nn1,18500,CC1C=C1,18460,[H]C([H])([H])OC12N=NC(OC([H])([H])[H])(N=N1)C1([H])C([H])(C([H])([H])[H])C21[H],0,2 5 2 3 16 0,1,24.97166675,12.34697198,19.58722362,10.82568006,34.85667899,34.44528577
1355,C1=NN=CC12OCCO2,18642,CC1C=C1,18460,[H]C([H])([H])C1([H])C2([H])C3([H])N=NC([H])(C34OC([H])([H])C([H])([H])O4)C12[H],0,0 3 2 3 15 0,1,16.49453101,7.016112593,14.55607412,-21.46589712,28.79214871,28.57165593
1356,FC1(F)C=NN=C1,18644,CC1C=C1,18460,[H]C([H])([H])C1([H])C2([H])C3([H])N=NC([H])(C3(F)F)C12[H],1,3 6 2 3 9 1,0,18.45317678,7.507638094,14.54330313,-24.48319721,26.80372569,24.9898328
1359,O=C1C=CC=CC1=O,18645,CC1C=C1,18460,[H]C1=C([H])C2([H])C(=O)C(=O)C1([H])C1([H])C([H])(C([H])([H])[H])C21[H],0,2 5 2 3 12 0,1,17.70320103,9.390960214,14.56274414,-15.49108886,28.56223949,28.44740767
1362,c1nncnn1,5944,NC(=O)C1C=C1,18558,[H]N([H])C(=O)C1([H])C2([H])C3([H])N=NC([H])(N=N3)C12[H],1,0 3 4 5 8 1,0,19.56783693,9.713339073,17.79821783,-4.560823606,26.34183571,25.76834984
1373,c1cnncn1,11875,NC(=O)C1C=C1,18558,[H]C1=NC2([H])N=NC1([H])C1([H])C([H])(C(=O)N([H])[H])C21[H],0,4 1 4 5 9 0,5,22.92989106,12.02833211,19.41735425,2.320728776,32.56976343,32.92604014
1375,Cc1nnc(C)nn1,12881,NC(=O)C1C=C1,18558,[H]N([H])C(=O)C1([H])C2([H])C3(C([H])([H])[H])N=NC(C([H])([H])[H])(N=N3)C12[H],0,1 4 4 5 14 0,1,22.0766634,12.19807317,22.58525123,0.666288496,30.89898455,31.18252801
1381,COC(=O)c1nccnn1,18472,NC(=O)C1C=C1,18558,[H]C1=NC2(C(=O)OC([H])([H])[H])N=NC1([H])C1([H])C([H])(C(=O)N([H])[H])C21[H],0,4 7 4 5 15 0,3,24.42954205,14.06494267,21.30166556,4.534465723,33.08102821,34.10986038
1382,COc1nnc(OC)nn1,18500,NC(=O)C1C=C1,18558,[H]N([H])C(=O)C1([H])C2([H])C3(OC([H])([H])[H])N=NC(OC([H])([H])[H])(N=N3)C12[H],1,2 5 4 5 16 1,0,25.38197319,13.25079849,21.45601457,12.5232752,34.37602859,36.03890323
1385,C1=NN=CC12OCCO2,18642,NC(=O)C1C=C1,18558,[H]N([H])C(=O)C1([H])C2([H])C3([H])N=NC([H])(C34OC([H])([H])C([H])([H])O4)C12[H],0,0 3 4 5 15 0,1,17.62143151,8.32872304,17.63184471,-21.69826016,28.93675723,29.70510881
1386,FC1(F)C=NN=C1,18644,NC(=O)C1C=C1,18558,[H]N([H])C(=O)C1([H])C2([H])C3([H])N=NC([H])(C3(F)F)C12[H],1,3 6 4 5 9 1,0,18.02041999,8.196604356,15.96886116,-19.51985606,26.18104283,25.99125378
1388,O=C1C=CC=CC1=O,18645,NC(=O)C1C=C1,18558,[H]C1=C([H])C2([H])C(=O)C(=O)C1([H])C1([H])C([H])(C(=O)N([H])[H])C21[H],1,2 5 4 5 12 1,0,18.9215927,10.50756679,15.55085964,-13.34665662,27.79754164,29.01494909
1392,c1nncnn1,5944,NC(=O)C1C=C1,18558,[H]N([H])C(=O)C1([H])C2([H])C3([H])N=NC([H])(N=N3)C12[H],1,0 3 4 5 8 1,0,19.56783693,9.713339073,17.79821783,-4.560823606,26.34183571,25.76834984
1403,c1cnncn1,11875,NC(=O)C1C=C1,18558,[H]C1=NC2([H])N=NC1([H])C1([H])C([H])(C(=O)N([H])[H])C21[H],0,4 1 4 5 9 0,5,22.92989106,12.02833211,19.41735425,2.320728776,32.56976343,32.92604014
1405,Cc1nnc(C)nn1,12881,NC(=O)C1C=C1,18558,[H]N([H])C(=O)C1([H])C2([H])C3(C([H])([H])[H])N=NC(C([H])([H])[H])(N=N3)C12[H],0,1 4 4 5 14 0,1,22.0766634,12.19807317,22.58525123,0.666288496,30.89898455,31.18252801
1411,COC(=O)c1nccnn1,18472,NC(=O)C1C=C1,18558,[H]C1=NC2(C(=O)OC([H])([H])[H])N=NC1([H])C1([H])C([H])(C(=O)N([H])[H])C21[H],0,4 7 4 5 15 0,3,24.42954205,14.06494267,21.30166556,4.534465723,33.08102821,34.10986038
1412,COc1nnc(OC)nn1,18500,NC(=O)C1C=C1,18558,[H]N([H])C(=O)C1([H])C2([H])C3(OC([H])([H])[H])N=NC(OC([H])([H])[H])(N=N3)C12[H],1,2 5 4 5 16 1,0,25.38197319,13.25079849,21.45601457,12.5232752,34.37602859,36.03890323
1415,C1=NN=CC12OCCO2,18642,NC(=O)C1C=C1,18558,[H]N([H])C(=O)C1([H])C2([H])C3([H])N=NC([H])(C34OC([H])([H])C([H])([H])O4)C12[H],0,0 3 4 5 15 0,1,17.62143151,8.32872304,17.63184471,-21.69826016,28.93675723,29.70510881
1416,FC1(F)C=NN=C1,18644,NC(=O)C1C=C1,18558,[H]N([H])C(=O)C1([H])C2([H])C3([H])N=NC([H])(C3(F)F)C12[H],1,3 6 4 5 9 1,0,18.02041999,8.196604356,15.96886116,-19.51985606,26.18104283,25.99125378
1418,O=C1C=CC=CC1=O,18645,NC(=O)C1C=C1,18558,[H]C1=C([H])C2([H])C(=O)C(=O)C1([H])C1([H])C([H])(C(=O)N([H])[H])C21[H],1,2 5 4 5 12 1,0,18.9215927,10.50756679,15.55085964,-13.34665662,27.79754164,29.01494909
1422,c1nncnn1,5944,O=C(O)[C@@H]1C[C@H]2C=C[C@@H]1C2,18583,[H]OC(=O)[C@]1([H])C([H])([H])[C@@]2([H])C3([H])C4([H])N=NC([H])(N=N4)C3([H])[C@]1([H])C2([H])[H],1,0 3 6 7 8 1,0,19.06955318,10.42969865,21.16238596,-3.369459505,24.17702635,21.98605071
1440,c1cnncn1,11875,O=C(O)[C@@H]1C[C@H]2C=C[C@@H]1C2,18583,[H]OC(=O)[C@]1([H])C([H])([H])[C@@]2([H])C3([H])C4([H])N=NC([H])(C([H])=N4)C3([H])[C@]1([H])C2([H])[H],1,4 1 6 7 9 1,8,22.70238459,12.76242255,20.26271536,6.057498319,31.5392542,30.33728019
1444,Cc1nnc(C)nn1,12881,O=C(O)[C@@H]1C[C@H]2C=C[C@@H]1C2,18583,[H]OC(=O)[C@]1([H])C([H])([H])[C@@]2([H])C3([H])C4(C([H])([H])[H])N=NC(C([H])([H])[H])(N=N4)C3([H])[C@]1([H])C2([H])[H],1,1 4 6 7 14 1,0,22.38433849,13.39681299,22.98952821,4.394184517,30.55365577,29.60990626
1454,COC(=O)c1nccnn1,18472,O=C(O)[C@@H]1C[C@H]2C=C[C@@H]1C2,18583,[H]OC(=O)[C@]1([H])C([H])([H])[C@@]2([H])C3([H])C4(C(=O)OC([H])([H])[H])N=NC([H])(C([H])=N4)C3([H])[C@]1([H])C2([H])[H],1,4 7 6 7 15 1,4,24.09546152,14.38359783,22.07251791,9.5060042,32.57316577,30.89127955
1458,COc1nnc(OC)nn1,18500,O=C(O)[C@@H]1C[C@H]2C=C[C@@H]1C2,18583,[H]OC(=O)[C@]1([H])C([H])([H])[C@@]2([H])C3([H])C4(OC([H])([H])[H])N=NC(OC([H])([H])[H])(N=N4)C3([H])[C@]1([H])C2([H])[H],1,2 5 6 7 16 1,0,24.52073076,14.3850677,21.84802098,14.30679425,34.63198683,33.84618998
1460,C1=NN=CC12OCCO2,18642,O=C(O)[C@@H]1C[C@H]2C=C[C@@H]1C2,18583,[H]OC(=O)[C@]1([H])C([H])([H])[C@@]2([H])C3([H])C4([H])N=NC([H])(C45OC([H])([H])C([H])([H])O5)C3([H])[C@]1([H])C2([H])[H],1,0 3 6 7 15 1,0,17.4106176,9.119029431,18.18138819,-18.23544978,27.76371964,27.82733457
1462,FC1(F)C=NN=C1,18644,O=C(O)[C@@H]1C[C@H]2C=C[C@@H]1C2,18583,[H]OC(=O)[C@]1([H])C([H])([H])[C@@]2([H])C3([H])C4([H])N=NC([H])(C4(F)F)C3([H])[C@]1([H])C2([H])[H],1,3 6 6 7 9 1,0,17.66107831,8.730732665,17.31632441,-21.07421196,24.97468595,22.78352677
1464,O=C1C=CC=CC1=O,18645,O=C(O)[C@@H]1C[C@H]2C=C[C@@H]1C2,18583,[H]OC(=O)[C@]1([H])C([H])([H])[C@@]2([H])C3([H])C4([H])C(=O)C(=O)C([H])(C([H])=C4[H])C3([H])[C@]1([H])C2([H])[H],1,2 5 6 7 12 1,0,17.58023245,11.11506552,16.58273227,-14.90498893,27.15104489,26.97533302
1470,c1nncnn1,5944,O=C(O)[C@@H]1C[C@H]2C=C[C@@H]1C2,18583,[H]OC(=O)[C@]1([H])C([H])([H])[C@@]2([H])C3([H])C4([H])N=NC([H])(N=N4)C3([H])[C@]1([H])C2([H])[H],1,0 3 6 7 8 1,0,19.06955318,10.42969865,21.16238596,-3.369459505,24.17702635,21.98605071
1488,c1cnncn1,11875,O=C(O)[C@@H]1C[C@H]2C=C[C@@H]1C2,18583,[H]OC(=O)[C@]1([H])C([H])([H])[C@@]2([H])C3([H])C4([H])N=NC([H])(C([H])=N4)C3([H])[C@]1([H])C2([H])[H],1,4 1 6 7 9 1,8,22.70238459,12.76242255,20.26271536,6.057498319,31.5392542,30.33728019
1492,Cc1nnc(C)nn1,12881,O=C(O)[C@@H]1C[C@H]2C=C[C@@H]1C2,18583,[H]OC(=O)[C@]1([H])C([H])([H])[C@@]2([H])C3([H])C4(C([H])([H])[H])N=NC(C([H])([H])[H])(N=N4)C3([H])[C@]1([H])C2([H])[H],1,1 4 6 7 14 1,0,22.38433849,13.39681299,22.98952821,4.394184517,30.55365577,29.60990626
1502,COC(=O)c1nccnn1,18472,O=C(O)[C@@H]1C[C@H]2C=C[C@@H]1C2,18583,[H]OC(=O)[C@]1([H])C([H])([H])[C@@]2([H])C3([H])C4(C(=O)OC([H])([H])[H])N=NC([H])(C([H])=N4)C3([H])[C@]1([H])C2([H])[H],1,4 7 6 7 15 1,4,24.09546152,14.38359783,22.07251791,9.5060042,32.57316577,30.89127955
1506,COc1nnc(OC)nn1,18500,O=C(O)[C@@H]1C[C@H]2C=C[C@@H]1C2,18583,[H]OC(=O)[C@]1([H])C([H])([H])[C@@]2([H])C3([H])C4(OC([H])([H])[H])N=NC(OC([H])([H])[H])(N=N4)C3([H])[C@]1([H])C2([H])[H],1,2 5 6 7 16 1,0,24.52073076,14.3850677,21.84802098,14.30679425,34.63198683,33.84618998
1508,C1=NN=CC12OCCO2,18642,O=C(O)[C@@H]1C[C@H]2C=C[C@@H]1C2,18583,[H]OC(=O)[C@]1([H])C([H])([H])[C@@]2([H])C3([H])C4([H])N=NC([H])(C45OC([H])([H])C([H])([H])O5)C3([H])[C@]1([H])C2([H])[H],1,0 3 6 7 15 1,0,17.4106176,9.119029431,18.18138819,-18.23544978,27.76371964,27.82733457
1510,FC1(F)C=NN=C1,18644,O=C(O)[C@@H]1C[C@H]2C=C[C@@H]1C2,18583,[H]OC(=O)[C@]1([H])C([H])([H])[C@@]2([H])C3([H])C4([H])N=NC([H])(C4(F)F)C3([H])[C@]1([H])C2([H])[H],1,3 6 6 7 9 1,0,17.66107831,8.730732665,17.31632441,-21.07421196,24.97468595,22.78352677
1512,O=C1C=CC=CC1=O,18645,O=C(O)[C@@H]1C[C@H]2C=C[C@@H]1C2,18583,[H]OC(=O)[C@]1([H])C([H])([H])[C@@]2([H])C3([H])C4([H])C(=O)C(=O)C([H])(C([H])=C4[H])C3([H])[C@]1([H])C2([H])[H],1,2 5 6 7 12 1,0,17.58023245,11.11506552,16.58273227,-14.90498893,27.15104489,26.97533302
1519,c1nncnn1,5944,OC[C@@H]1CC/C=C/CCO1,18611,[H]OC([H])([H])[C@@]1([H])OC([H])([H])C([H])([H])C2([H])C3([H])N=NC([H])(N=N3)C2([H])C([H])([H])C1([H])[H],0,0 3 6 5 8 0,1,15.55641675,4.827704494,17.44050082,-12.77810264,17.30717851,15.72884056
1537,c1cnncn1,11875,OC[C@@H]1CC/C=C/CCO1,18611,[H]OC([H])([H])[C@@]1([H])OC([H])([H])C([H])([H])C2([H])C3([H])N=NC([H])(C([H])=N3)C2([H])C([H])([H])C1([H])[H],0,4 1 6 5 9 0,9,19.1039853,7.500884024,18.81672402,-4.725959014,23.38025157,23.28631616
1541,Cc1nnc(C)nn1,12881,OC[C@@H]1CC/C=C/CCO1,18611,[H]OC([H])([H])[C@@]1([H])OC([H])([H])C([H])([H])C2([H])C3(C([H])([H])[H])N=NC(C([H])([H])[H])(N=N3)C2([H])C([H])([H])C1([H])[H],0,1 4 6 5 14 0,1,19.30886272,5.738777461,19.62210406,-5.08881642,22.68965004,21.26597959
1551,COC(=O)c1nccnn1,18472,OC[C@@H]1CC/C=C/CCO1,18611,[H]OC([H])([H])[C@@]1([H])OC([H])([H])C([H])([H])C2([H])C3(C(=O)OC([H])([H])[H])N=NC([H])(C([H])=N3)C2([H])C([H])([H])C1([H])[H],0,4 7 6 5 15 0,5,21.59134738,8.338114345,20.68477282,-0.430503753,24.78292259,24.07231783
1555,COc1nnc(OC)nn1,18500,OC[C@@H]1CC/C=C/CCO1,18611,[H]OC([H])([H])[C@@]1([H])OC([H])([H])C([H])([H])C2([H])C3(OC([H])([H])[H])N=NC(OC([H])([H])[H])(N=N3)C2([H])C([H])([H])C1([H])[H],0,2 5 6 5 16 0,1,24.17224,9.175714352,21.10097853,6.839221558,28.94456218,27.9650486
1557,C1=NN=CC12OCCO2,18642,OC[C@@H]1CC/C=C/CCO1,18611,[H]OC([H])([H])[C@@]1([H])OC([H])([H])C([H])([H])C2([H])C3([H])N=NC([H])(C34OC([H])([H])C([H])([H])O4)C2([H])C([H])([H])C1([H])[H],0,0 3 6 5 15 0,1,14.88265429,3.481567456,15.82524513,-24.25262809,20.84201356,20.61291342
1559,FC1(F)C=NN=C1,18644,OC[C@@H]1CC/C=C/CCO1,18611,[H]OC([H])([H])[C@@]1([H])OC([H])([H])C([H])([H])C2([H])C3([H])N=NC([H])(C3(F)F)C2([H])C([H])([H])C1([H])[H],0,3 6 6 5 9 0,1,15.84345355,4.018049087,15.47610945,-27.07872519,19.167946,17.87758025
1561,O=C1C=CC=CC1=O,18645,OC[C@@H]1CC/C=C/CCO1,18611,[H]OC([H])([H])[C@@]1([H])OC([H])([H])C([H])([H])C2([H])C3([H])C(=O)C(=O)C([H])(C([H])=C3[H])C2([H])C([H])([H])C1([H])[H],0,2 5 6 5 12 0,1,15.06184205,5.173887679,14.89632474,-19.53249056,21.39375636,21.03619601
1567,c1nncnn1,5944,OC[C@@H]1CC/C=C/CCO1,18611,[H]OC([H])([H])[C@@]1([H])OC([H])([H])C([H])([H])C2([H])C3([H])N=NC([H])(N=N3)C2([H])C([H])([H])C1([H])[H],0,0 3 6 5 8 0,1,15.55641675,4.827704494,17.44050082,-12.77810264,17.30717851,15.72884056
1585,c1cnncn1,11875,OC[C@@H]1CC/C=C/CCO1,18611,[H]OC([H])([H])[C@@]1([H])OC([H])([H])C([H])([H])C2([H])C3([H])N=NC([H])(C([H])=N3)C2([H])C([H])([H])C1([H])[H],0,4 1 6 5 9 0,9,19.1039853,7.500884024,18.81672402,-4.725959014,23.38025157,23.28631616
1589,Cc1nnc(C)nn1,12881,OC[C@@H]1CC/C=C/CCO1,18611,[H]OC([H])([H])[C@@]1([H])OC([H])([H])C([H])([H])C2([H])C3(C([H])([H])[H])N=NC(C([H])([H])[H])(N=N3)C2([H])C([H])([H])C1([H])[H],0,1 4 6 5 14 0,1,19.30886272,5.738777461,19.62210406,-5.08881642,22.68965004,21.26597959
1599,COC(=O)c1nccnn1,18472,OC[C@@H]1CC/C=C/CCO1,18611,[H]OC([H])([H])[C@@]1([H])OC([H])([H])C([H])([H])C2([H])C3(C(=O)OC([H])([H])[H])N=NC([H])(C([H])=N3)C2([H])C([H])([H])C1([H])[H],0,4 7 6 5 15 0,5,21.59134738,8.338114345,20.68477282,-0.430503753,24.78292259,24.07231783
1603,COc1nnc(OC)nn1,18500,OC[C@@H]1CC/C=C/CCO1,18611,[H]OC([H])([H])[C@@]1([H])OC([H])([H])C([H])([H])C2([H])C3(OC([H])([H])[H])N=NC(OC([H])([H])[H])(N=N3)C2([H])C([H])([H])C1([H])[H],0,2 5 6 5 16 0,1,24.17224,9.175714352,21.10097853,6.839221558,28.94456218,27.9650486
1605,C1=NN=CC12OCCO2,18642,OC[C@@H]1CC/C=C/CCO1,18611,[H]OC([H])([H])[C@@]1([H])OC([H])([H])C([H])([H])C2([H])C3([H])N=NC([H])(C34OC([H])([H])C([H])([H])O4)C2([H])C([H])([H])C1([H])[H],0,0 3 6 5 15 0,1,14.88265429,3.481567456,15.82524513,-24.25262809,20.84201356,20.61291342
1607,FC1(F)C=NN=C1,18644,OC[C@@H]1CC/C=C/CCO1,18611,[H]OC([H])([H])[C@@]1([H])OC([H])([H])C([H])([H])C2([H])C3([H])N=NC([H])(C3(F)F)C2([H])C([H])([H])C1([H])[H],0,3 6 6 5 9 0,1,15.84345355,4.018049087,15.47610945,-27.07872519,19.167946,17.87758025
1609,O=C1C=CC=CC1=O,18645,OC[C@@H]1CC/C=C/CCO1,18611,[H]OC([H])([H])[C@@]1([H])OC([H])([H])C([H])([H])C2([H])C3([H])C(=O)C(=O)C([H])(C([H])=C3[H])C2([H])C([H])([H])C1([H])[H],0,2 5 6 5 12 0,1,15.06184205,5.173887679,14.89632474,-19.53249056,21.39375636,21.03619601
1614,c1nncnn1,5944,OC[C@@H]1C[C@H]2C=C[C@@H]1C2,18612,[H]OC([H])([H])[C@]1([H])C([H])([H])[C@@]2([H])C3([H])C4([H])N=NC([H])(N=N4)C3([H])[C@]1([H])C2([H])[H],1,0 3 5 6 8 1,0,18.96757902,10.05657675,21.9927862,-3.618738666,23.55678788,21.09868086
1632,c1cnncn1,11875,OC[C@@H]1C[C@H]2C=C[C@@H]1C2,18612,[H]OC([H])([H])[C@]1([H])C([H])([H])[C@@]2([H])C3([H])C4([H])N=NC([H])(C([H])=N4)C3([H])[C@]1([H])C2([H])[H],1,4 1 5 6 9 1,8,22.85309097,12.56585263,20.6008061,6.275686058,31.46678859,29.7682887
1636,Cc1nnc(C)nn1,12881,OC[C@@H]1C[C@H]2C=C[C@@H]1C2,18612,[H]OC([H])([H])[C@]1([H])C([H])([H])[C@@]2([H])C3([H])C4(C([H])([H])[H])N=NC(C([H])([H])[H])(N=N4)C3([H])[C@]1([H])C2([H])[H],1,1 4 5 6 14 1,0,22.33664523,13.14354278,23.74628695,4.127821311,30.25603054,29.16063181
1649,COC(=O)c1nccnn1,18472,OC[C@@H]1C[C@H]2C=C[C@@H]1C2,18612,[H]OC([H])([H])[C@]1([H])C([H])([H])[C@@]2([H])C3([H])C4([H])N=NC(C(=O)OC([H])([H])[H])(N=C4[H])C3([H])[C@]1([H])C2([H])[H],0,4 7 6 5 15 0,7,24.83872073,13.95236767,22.60881394,9.316026595,31.83877708,30.06982084
1650,COc1nnc(OC)nn1,18500,OC[C@@H]1C[C@H]2C=C[C@@H]1C2,18612,[H]OC([H])([H])[C@]1([H])C([H])([H])[C@@]2([H])C3([H])C4(OC([H])([H])[H])N=NC(OC([H])([H])[H])(N=N4)C3([H])[C@]1([H])C2([H])[H],1,2 5 5 6 16 1,0,24.62607259,13.96412871,22.58792007,13.87122992,34.60240474,33.75562121
1652,C1=NN=CC12OCCO2,18642,OC[C@@H]1C[C@H]2C=C[C@@H]1C2,18612,[H]OC([H])([H])[C@]1([H])C([H])([H])[C@@]2([H])C3([H])C4([H])N=NC([H])(C45OC([H])([H])C([H])([H])O5)C3([H])[C@]1([H])C2([H])[H],1,0 3 5 6 15 1,0,17.53513909,8.864941959,18.10348814,-17.47506029,27.92026845,27.85421547
1654,FC1(F)C=NN=C1,18644,OC[C@@H]1C[C@H]2C=C[C@@H]1C2,18612,[H]OC([H])([H])[C@]1([H])C([H])([H])[C@@]2([H])C3([H])C4([H])N=NC([H])(C4(F)F)C3([H])[C@]1([H])C2([H])[H],1,3 6 5 6 9 1,0,17.63789996,8.497367557,17.65821228,-21.21214257,25.04093787,22.62270704
1656,O=C1C=CC=CC1=O,18645,OC[C@@H]1C[C@H]2C=C[C@@H]1C2,18612,[H]OC([H])([H])[C@]1([H])C([H])([H])[C@@]2([H])C3([H])C4([H])C(=O)C(=O)C([H])(C([H])=C4[H])C3([H])[C@]1([H])C2([H])[H],1,2 5 5 6 12 1,0,17.67567585,11.01298362,16.7034419,-14.22293237,27.28657075,26.97006873
1662,c1nncnn1,5944,OC[C@@H]1C[C@H]2C=C[C@@H]1C2,18612,[H]OC([H])([H])[C@]1([H])C([H])([H])[C@@]2([H])C3([H])C4([H])N=NC([H])(N=N4)C3([H])[C@]1([H])C2([H])[H],1,0 3 5 6 8 1,0,18.96757902,10.05657675,21.9927862,-3.618738666,23.55678788,21.09868086
1680,c1cnncn1,11875,OC[C@@H]1C[C@H]2C=C[C@@H]1C2,18612,[H]OC([H])([H])[C@]1([H])C([H])([H])[C@@]2([H])C3([H])C4([H])N=NC([H])(C([H])=N4)C3([H])[C@]1([H])C2([H])[H],1,4 1 5 6 9 1,8,22.85309097,12.56585263,20.6008061,6.275686058,31.46678859,29.7682887
1684,Cc1nnc(C)nn1,12881,OC[C@@H]1C[C@H]2C=C[C@@H]1C2,18612,[H]OC([H])([H])[C@]1([H])C([H])([H])[C@@]2([H])C3([H])C4(C([H])([H])[H])N=NC(C([H])([H])[H])(N=N4)C3([H])[C@]1([H])C2([H])[H],1,1 4 5 6 14 1,0,22.33664523,13.14354278,23.74628695,4.127821311,30.25603054,29.16063181
1697,COC(=O)c1nccnn1,18472,OC[C@@H]1C[C@H]2C=C[C@@H]1C2,18612,[H]OC([H])([H])[C@]1([H])C([H])([H])[C@@]2([H])C3([H])C4([H])N=NC(C(=O)OC([H])([H])[H])(N=C4[H])C3([H])[C@]1([H])C2([H])[H],0,4 7 6 5 15 0,7,24.83872073,13.95236767,22.60881394,9.316026595,31.83877708,30.06982084
1698,COc1nnc(OC)nn1,18500,OC[C@@H]1C[C@H]2C=C[C@@H]1C2,18612,[H]OC([H])([H])[C@]1([H])C([H])([H])[C@@]2([H])C3([H])C4(OC([H])([H])[H])N=NC(OC([H])([H])[H])(N=N4)C3([H])[C@]1([H])C2([H])[H],1,2 5 5 6 16 1,0,24.62607259,13.96412871,22.58792007,13.87122992,34.60240474,33.75562121
1700,C1=NN=CC12OCCO2,18642,OC[C@@H]1C[C@H]2C=C[C@@H]1C2,18612,[H]OC([H])([H])[C@]1([H])C([H])([H])[C@@]2([H])C3([H])C4([H])N=NC([H])(C45OC([H])([H])C([H])([H])O5)C3([H])[C@]1([H])C2([H])[H],1,0 3 5 6 15 1,0,17.53513909,8.864941959,18.10348814,-17.47506029,27.92026845,27.85421547
1702,FC1(F)C=NN=C1,18644,OC[C@@H]1C[C@H]2C=C[C@@H]1C2,18612,[H]OC([H])([H])[C@]1([H])C([H])([H])[C@@]2([H])C3([H])C4([H])N=NC([H])(C4(F)F)C3([H])[C@]1([H])C2([H])[H],1,3 6 5 6 9 1,0,17.63789996,8.497367557,17.65821228,-21.21214257,25.04093787,22.62270704
1704,O=C1C=CC=CC1=O,18645,OC[C@@H]1C[C@H]2C=C[C@@H]1C2,18612,[H]OC([H])([H])[C@]1([H])C([H])([H])[C@@]2([H])C3([H])C4([H])C(=O)C(=O)C([H])(C([H])=C4[H])C3([H])[C@]1([H])C2([H])[H],1,2 5 5 6 12 1,0,17.67567585,11.01298362,16.7034419,-14.22293237,27.28657075,26.97006873
1710,c1nncnn1,5944,OC[C@@H]1C[C@H]2C=C[C@@H]1O2,18613,[H]OC([H])([H])[C@]1([H])C([H])([H])[C@]2([H])O[C@@]1([H])C1([H])C3([H])N=NC([H])(N=N3)C12[H],1,0 3 5 6 8 1,0,19.54658283,9.921700711,21.99056161,-2.936759112,24.57711458,22.31304316
1728,c1cnncn1,11875,OC[C@@H]1C[C@H]2C=C[C@@H]1O2,18613,[H]OC([H])([H])[C@]1([H])C([H])([H])[C@]2([H])O[C@@]1([H])C1([H])C3([H])N=NC([H])(N=C3[H])C12[H],1,4 1 5 6 9 1,8,23.2919274,12.77903699,21.48781715,6.561047944,32.14549608,30.86528293
1732,Cc1nnc(C)nn1,12881,OC[C@@H]1C[C@H]2C=C[C@@H]1O2,18613,[H]OC([H])([H])[C@]1([H])C([H])([H])[C@]2([H])O[C@@]1([H])C1([H])C3(C([H])([H])[H])N=NC(C([H])([H])[H])(N=N3)C12[H],1,1 4 5 6 14 1,0,22.60967709,13.01071845,23.37958106,4.225597313,30.28200554,29.35869492
1742,COC(=O)c1nccnn1,18472,OC[C@@H]1C[C@H]2C=C[C@@H]1O2,18613,[H]OC([H])([H])[C@]1([H])C([H])([H])[C@]2([H])O[C@@]1([H])C1([H])C3([H])N=NC(C(=O)OC([H])([H])[H])(N=C3[H])C12[H],1,4 7 5 6 15 1,4,24.55805111,14.10257108,23.16308503,9.486144462,32.63812367,30.84139997
1747,COc1nnc(OC)nn1,18500,OC[C@@H]1C[C@H]2C=C[C@@H]1O2,18613,[H]OC([H])([H])[C@]1([H])C([H])([H])[C@]2([H])O[C@@]1([H])C1([H])C3(OC([H])([H])[H])N=NC(OC([H])([H])[H])(N=N3)C12[H],0,2 5 5 6 16 0,1,25.33540727,14.70705143,23.41068034,15.42811803,33.27769895,33.74014369
1749,C1=NN=CC12OCCO2,18642,OC[C@@H]1C[C@H]2C=C[C@@H]1O2,18613,[H]OC([H])([H])[C@]1([H])C([H])([H])[C@]2([H])O[C@@]1([H])C1([H])C3([H])N=NC([H])(C34OC([H])([H])C([H])([H])O4)C12[H],0,0 3 5 6 15 0,1,17.14054936,8.698469635,19.09404181,-16.66630426,26.36929439,27.09850946
1751,FC1(F)C=NN=C1,18644,OC[C@@H]1C[C@H]2C=C[C@@H]1O2,18613,[H]OC([H])([H])[C@]1([H])C([H])([H])[C@]2([H])O[C@@]1([H])C1([H])C3([H])N=NC([H])(C3(F)F)C12[H],0,3 6 5 6 9 0,1,17.56951588,8.454252448,18.99793258,-18.8585228,23.84906244,22.76695676
1753,O=C1C=CC=CC1=O,18645,OC[C@@H]1C[C@H]2C=C[C@@H]1O2,18613,[H]OC([H])([H])[C@]1([H])C([H])([H])[C@]2([H])O[C@@]1([H])C1([H])C3([H])C(=O)C(=O)C([H])(C([H])=C3[H])C12[H],0,2 5 5 6 12 0,1,18.19670463,11.16349685,17.9123929,-12.89915868,27.07607646,27.01529938
1758,c1nncnn1,5944,OC[C@@H]1C[C@H]2C=C[C@@H]1O2,18613,[H]OC([H])([H])[C@]1([H])C([H])([H])[C@]2([H])O[C@@]1([H])C1([H])C3([H])N=NC([H])(N=N3)C12[H],1,0 3 5 6 8 1,0,19.54658283,9.921700711,21.99056161,-2.936759112,24.57711458,22.31304316
1776,c1cnncn1,11875,OC[C@@H]1C[C@H]2C=C[C@@H]1O2,18613,[H]OC([H])([H])[C@]1([H])C([H])([H])[C@]2([H])O[C@@]1([H])C1([H])C3([H])N=NC([H])(N=C3[H])C12[H],1,4 1 5 6 9 1,8,23.2919274,12.77903699,21.48781715,6.561047944,32.14549608,30.86528293
1780,Cc1nnc(C)nn1,12881,OC[C@@H]1C[C@H]2C=C[C@@H]1O2,18613,[H]OC([H])([H])[C@]1([H])C([H])([H])[C@]2([H])O[C@@]1([H])C1([H])C3(C([H])([H])[H])N=NC(C([H])([H])[H])(N=N3)C12[H],1,1 4 5 6 14 1,0,22.60967709,13.01071845,23.37958106,4.225597313,30.28200554,29.35869492
1790,COC(=O)c1nccnn1,18472,OC[C@@H]1C[C@H]2C=C[C@@H]1O2,18613,[H]OC([H])([H])[C@]1([H])C([H])([H])[C@]2([H])O[C@@]1([H])C1([H])C3([H])N=NC(C(=O)OC([H])([H])[H])(N=C3[H])C12[H],1,4 7 5 6 15 1,4,24.55805111,14.10257108,23.16308503,9.486144462,32.63812367,30.84139997
1795,COc1nnc(OC)nn1,18500,OC[C@@H]1C[C@H]2C=C[C@@H]1O2,18613,[H]OC([H])([H])[C@]1([H])C([H])([H])[C@]2([H])O[C@@]1([H])C1([H])C3(OC([H])([H])[H])N=NC(OC([H])([H])[H])(N=N3)C12[H],0,2 5 5 6 16 0,1,25.33540727,14.70705143,23.41068034,15.42811803,33.27769895,33.74014369
1797,C1=NN=CC12OCCO2,18642,OC[C@@H]1C[C@H]2C=C[C@@H]1O2,18613,[H]OC([H])([H])[C@]1([H])C([H])([H])[C@]2([H])O[C@@]1([H])C1([H])C3([H])N=NC([H])(C34OC([H])([H])C([H])([H])O4)C12[H],0,0 3 5 6 15 0,1,17.14054936,8.698469635,19.09404181,-16.66630426,26.36929439,27.09850946
1799,FC1(F)C=NN=C1,18644,OC[C@@H]1C[C@H]2C=C[C@@H]1O2,18613,[H]OC([H])([H])[C@]1([H])C([H])([H])[C@]2([H])O[C@@]1([H])C1([H])C3([H])N=NC([H])(C3(F)F)C12[H],0,3 6 5 6 9 0,1,17.56951588,8.454252448,18.99793258,-18.8585228,23.84906244,22.76695676
1801,O=C1C=CC=CC1=O,18645,OC[C@@H]1C[C@H]2C=C[C@@H]1O2,18613,[H]OC([H])([H])[C@]1([H])C([H])([H])[C@]2([H])O[C@@]1([H])C1([H])C3([H])C(=O)C(=O)C([H])(C([H])=C3[H])C12[H],0,2 5 5 6 12 0,1,18.19670463,11.16349685,17.9123929,-12.89915868,27.07607646,27.01529938
1807,c1nncnn1,5944,OC[C@H]1CC/C=C/CCO1,18619,[H]OC([H])([H])[C@]1([H])OC([H])([H])C([H])([H])C2([H])C3([H])N=NC([H])(N=N3)C2([H])C([H])([H])C1([H])[H],0,0 3 6 5 8 0,1,16.09830311,5.964938243,19.00892968,-10.32337636,19.08296686,17.67381076
1825,c1cnncn1,11875,OC[C@H]1CC/C=C/CCO1,18619,[H]OC([H])([H])[C@]1([H])OC([H])([H])C([H])([H])C2([H])C3([H])N=NC([H])(C([H])=N3)C2([H])C([H])([H])C1([H])[H],0,4 1 6 5 9 0,9,19.64770613,8.47080486,20.00769371,-2.211250987,25.17260718,24.82472646
1829,Cc1nnc(C)nn1,12881,OC[C@H]1CC/C=C/CCO1,18619,[H]OC([H])([H])[C@]1([H])OC([H])([H])C([H])([H])C2([H])C3(C([H])([H])[H])N=NC(C([H])([H])[H])(N=N3)C2([H])C([H])([H])C1([H])[H],0,1 4 6 5 14 0,1,19.96778109,7.489477241,21.20997352,-2.719716347,24.22802685,22.69675226
1839,COC(=O)c1nccnn1,18472,OC[C@H]1CC/C=C/CCO1,18619,[H]OC([H])([H])[C@]1([H])OC([H])([H])C([H])([H])C2([H])C3(C(=O)OC([H])([H])[H])N=NC([H])(C([H])=N3)C2([H])C([H])([H])C1([H])[H],0,4 7 6 5 15 0,5,22.22852683,10.01434713,21.89006506,1.879600225,27.0616541,26.15394475
1843,COc1nnc(OC)nn1,18500,OC[C@H]1CC/C=C/CCO1,18619,[H]OC([H])([H])[C@]1([H])OC([H])([H])C([H])([H])C2([H])C3(OC([H])([H])[H])N=NC(OC([H])([H])[H])(N=N3)C2([H])C([H])([H])C1([H])[H],0,2 5 6 5 16 0,1,24.50649085,10.5438884,22.09829184,8.918119961,30.18217689,29.40129764
1845,C1=NN=CC12OCCO2,18642,OC[C@H]1CC/C=C/CCO1,18619,[H]OC([H])([H])[C@]1([H])OC([H])([H])C([H])([H])C2([H])C3([H])N=NC([H])(C34OC([H])([H])C([H])([H])O4)C2([H])C([H])([H])C1([H])[H],0,0 3 6 5 15 0,1,15.28651893,5.068596628,17.44376931,-21.81290524,22.99444314,22.63570728
1847,FC1(F)C=NN=C1,18644,OC[C@H]1CC/C=C/CCO1,18619,[H]OC([H])([H])[C@]1([H])OC([H])([H])C([H])([H])C2([H])C3([H])N=NC([H])(C3(F)F)C2([H])C([H])([H])C1([H])[H],0,3 6 6 5 9 0,1,15.80873505,5.355697773,17.26950064,-24.80126427,20.31340126,18.77768043
1849,O=C1C=CC=CC1=O,18645,OC[C@H]1CC/C=C/CCO1,18619,[H]OC([H])([H])[C@]1([H])OC([H])([H])C([H])([H])C2([H])C3([H])C(=O)C(=O)C([H])(C([H])=C3[H])C2([H])C([H])([H])C1([H])[H],0,2 5 6 5 12 0,1,15.48222254,6.969885915,16.60898183,-17.34837506,22.45470312,22.12376677
1855,c1nncnn1,5944,OC[C@H]1CC/C=C/CCO1,18619,[H]OC([H])([H])[C@]1([H])OC([H])([H])C([H])([H])C2([H])C3([H])N=NC([H])(N=N3)C2([H])C([H])([H])C1([H])[H],0,0 3 6 5 8 0,1,16.09830311,5.964938243,19.00892968,-10.32337636,19.08296686,17.67381076
1873,c1cnncn1,11875,OC[C@H]1CC/C=C/CCO1,18619,[H]OC([H])([H])[C@]1([H])OC([H])([H])C([H])([H])C2([H])C3([H])N=NC([H])(C([H])=N3)C2([H])C([H])([H])C1([H])[H],0,4 1 6 5 9 0,9,19.64770613,8.47080486,20.00769371,-2.211250987,25.17260718,24.82472646
1877,Cc1nnc(C)nn1,12881,OC[C@H]1CC/C=C/CCO1,18619,[H]OC([H])([H])[C@]1([H])OC([H])([H])C([H])([H])C2([H])C3(C([H])([H])[H])N=NC(C([H])([H])[H])(N=N3)C2([H])C([H])([H])C1([H])[H],0,1 4 6 5 14 0,1,19.96778109,7.489477241,21.20997352,-2.719716347,24.22802685,22.69675226
1887,COC(=O)c1nccnn1,18472,OC[C@H]1CC/C=C/CCO1,18619,[H]OC([H])([H])[C@]1([H])OC([H])([H])C([H])([H])C2([H])C3(C(=O)OC([H])([H])[H])N=NC([H])(C([H])=N3)C2([H])C([H])([H])C1([H])[H],0,4 7 6 5 15 0,5,22.22852683,10.01434713,21.89006506,1.879600225,27.0616541,26.15394475
1891,COc1nnc(OC)nn1,18500,OC[C@H]1CC/C=C/CCO1,18619,[H]OC([H])([H])[C@]1([H])OC([H])([H])C([H])([H])C2([H])C3(OC([H])([H])[H])N=NC(OC([H])([H])[H])(N=N3)C2([H])C([H])([H])C1([H])[H],0,2 5 6 5 16 0,1,24.50649085,10.5438884,22.09829184,8.918119961,30.18217689,29.40129764
1893,C1=NN=CC12OCCO2,18642,OC[C@H]1CC/C=C/CCO1,18619,[H]OC([H])([H])[C@]1([H])OC([H])([H])C([H])([H])C2([H])C3([H])N=NC([H])(C34OC([H])([H])C([H])([H])O4)C2([H])C([H])([H])C1([H])[H],0,0 3 6 5 15 0,1,15.28651893,5.068596628,17.44376931,-21.81290524,22.99444314,22.63570728
1895,FC1(F)C=NN=C1,18644,OC[C@H]1CC/C=C/CCO1,18619,[H]OC([H])([H])[C@]1([H])OC([H])([H])C([H])([H])C2([H])C3([H])N=NC([H])(C3(F)F)C2([H])C([H])([H])C1([H])[H],0,3 6 6 5 9 0,1,15.80873505,5.355697773,17.26950064,-24.80126427,20.31340126,18.77768043
1897,O=C1C=CC=CC1=O,18645,OC[C@H]1CC/C=C/CCO1,18619,[H]OC([H])([H])[C@]1([H])OC([H])([H])C([H])([H])C2([H])C3([H])C(=O)C(=O)C([H])(C([H])=C3[H])C2([H])C([H])([H])C1([H])[H],0,2 5 6 5 12 0,1,15.48222254,6.969885915,16.60898183,-17.34837506,22.45470312,22.12376677
1902,c1nncnn1,5944,OC[C@H]1C[C@H]2C=C[C@@H]1C2,18620,[H]OC([H])([H])[C@@]1([H])C([H])([H])[C@@]2([H])C3([H])C4([H])N=NC([H])(N=N4)C3([H])[C@]1([H])C2([H])[H],1,0 3 5 6 8 1,0,19.32519375,10.38791755,22.69300793,-1.901948643,23.0754418,21.01369223
1923,c1cnncn1,11875,OC[C@H]1C[C@H]2C=C[C@@H]1C2,18620,[H]OC([H])([H])[C@@]1([H])C([H])([H])[C@@]2([H])C3([H])C4([H])N=NC([H])(N=C4[H])C3([H])[C@]1([H])C2([H])[H],0,4 1 6 5 9 0,11,23.68883604,12.8647696,20.97473508,7.74835097,31.22915125,29.85966265
1924,Cc1nnc(C)nn1,12881,OC[C@H]1C[C@H]2C=C[C@@H]1C2,18620,[H]OC([H])([H])[C@@]1([H])C([H])([H])[C@@]2([H])C3([H])C4(C([H])([H])[H])N=NC(C([H])([H])[H])(N=N4)C3([H])[C@]1([H])C2([H])[H],1,1 4 5 6 14 1,0,22.6835281,13.50763016,24.00507323,5.947723857,30.21641117,29.61904209
1937,COC(=O)c1nccnn1,18472,OC[C@H]1C[C@H]2C=C[C@@H]1C2,18620,[H]OC([H])([H])[C@@]1([H])C([H])([H])[C@@]2([H])C3([H])C4([H])N=NC(C(=O)OC([H])([H])[H])(N=C4[H])C3([H])[C@]1([H])C2([H])[H],0,4 7 6 5 15 0,7,24.95210763,13.73777514,22.785398,11.42468094,32.13790313,30.94626524
1938,COc1nnc(OC)nn1,18500,OC[C@H]1C[C@H]2C=C[C@@H]1C2,18620,[H]OC([H])([H])[C@@]1([H])C([H])([H])[C@@]2([H])C3([H])C4(OC([H])([H])[H])N=NC(OC([H])([H])[H])(N=N4)C3([H])[C@]1([H])C2([H])[H],1,2 5 5 6 16 1,0,24.75476499,14.15881352,22.63192626,15.47638484,34.22092526,33.68705363
1940,C1=NN=CC12OCCO2,18642,OC[C@H]1C[C@H]2C=C[C@@H]1C2,18620,[H]OC([H])([H])[C@@]1([H])C([H])([H])[C@@]2([H])C3([H])C4([H])N=NC([H])(C45OC([H])([H])C([H])([H])O5)C3([H])[C@]1([H])C2([H])[H],1,0 3 5 6 15 1,0,18.25184949,8.922511649,18.44273497,-15.56321027,28.14746802,28.31208243
1942,FC1(F)C=NN=C1,18644,OC[C@H]1C[C@H]2C=C[C@@H]1C2,18620,[H]OC([H])([H])[C@@]1([H])C([H])([H])[C@@]2([H])C3([H])C4([H])N=NC([H])(C4(F)F)C3([H])[C@]1([H])C2([H])[H],1,3 6 5 6 9 1,0,18.29848248,8.671627955,18.78567776,-18.54653323,25.14436025,23.69478712
1944,O=C1C=CC=CC1=O,18645,OC[C@H]1C[C@H]2C=C[C@@H]1C2,18620,[H]OC([H])([H])[C@@]1([H])C([H])([H])[C@@]2([H])C3([H])C4([H])C(=O)C(=O)C([H])(C([H])=C4[H])C3([H])[C@]1([H])C2([H])[H],1,2 5 5 6 12 1,0,18.42817103,11.24097853,17.18489516,-12.2655654,27.53186426,27.90829021
1950,c1nncnn1,5944,OC[C@H]1C[C@H]2C=C[C@@H]1C2,18620,[H]OC([H])([H])[C@@]1([H])C([H])([H])[C@@]2([H])C3([H])C4([H])N=NC([H])(N=N4)C3([H])[C@]1([H])C2([H])[H],1,0 3 5 6 8 1,0,19.32519375,10.38791755,22.69300793,-1.901948643,23.0754418,21.01369223
1971,c1cnncn1,11875,OC[C@H]1C[C@H]2C=C[C@@H]1C2,18620,[H]OC([H])([H])[C@@]1([H])C([H])([H])[C@@]2([H])C3([H])C4([H])N=NC([H])(N=C4[H])C3([H])[C@]1([H])C2([H])[H],0,4 1 6 5 9 0,11,23.68883604,12.8647696,20.97473508,7.74835097,31.22915125,29.85966265
1972,Cc1nnc(C)nn1,12881,OC[C@H]1C[C@H]2C=C[C@@H]1C2,18620,[H]OC([H])([H])[C@@]1([H])C([H])([H])[C@@]2([H])C3([H])C4(C([H])([H])[H])N=NC(C([H])([H])[H])(N=N4)C3([H])[C@]1([H])C2([H])[H],1,1 4 5 6 14 1,0,22.6835281,13.50763016,24.00507323,5.947723857,30.21641117,29.61904209
1985,COC(=O)c1nccnn1,18472,OC[C@H]1C[C@H]2C=C[C@@H]1C2,18620,[H]OC([H])([H])[C@@]1([H])C([H])([H])[C@@]2([H])C3([H])C4([H])N=NC(C(=O)OC([H])([H])[H])(N=C4[H])C3([H])[C@]1([H])C2([H])[H],0,4 7 6 5 15 0,7,24.95210763,13.73777514,22.785398,11.42468094,32.13790313,30.94626524
1986,COc1nnc(OC)nn1,18500,OC[C@H]1C[C@H]2C=C[C@@H]1C2,18620,[H]OC([H])([H])[C@@]1([H])C([H])([H])[C@@]2([H])C3([H])C4(OC([H])([H])[H])N=NC(OC([H])([H])[H])(N=N4)C3([H])[C@]1([H])C2([H])[H],1,2 5 5 6 16 1,0,24.75476499,14.15881352,22.63192626,15.47638484,34.22092526,33.68705363
1988,C1=NN=CC12OCCO2,18642,OC[C@H]1C[C@H]2C=C[C@@H]1C2,18620,[H]OC([H])([H])[C@@]1([H])C([H])([H])[C@@]2([H])C3([H])C4([H])N=NC([H])(C45OC([H])([H])C([H])([H])O5)C3([H])[C@]1([H])C2([H])[H],1,0 3 5 6 15 1,0,18.25184949,8.922511649,18.44273497,-15.56321027,28.14746802,28.31208243
1990,FC1(F)C=NN=C1,18644,OC[C@H]1C[C@H]2C=C[C@@H]1C2,18620,[H]OC([H])([H])[C@@]1([H])C([H])([H])[C@@]2([H])C3([H])C4([H])N=NC([H])(C4(F)F)C3([H])[C@]1([H])C2([H])[H],1,3 6 5 6 9 1,0,18.29848248,8.671627955,18.78567776,-18.54653323,25.14436025,23.69478712
1992,O=C1C=CC=CC1=O,18645,OC[C@H]1C[C@H]2C=C[C@@H]1C2,18620,[H]OC([H])([H])[C@@]1([H])C([H])([H])[C@@]2([H])C3([H])C4([H])C(=O)C(=O)C([H])(C([H])=C4[H])C3([H])[C@]1([H])C2([H])[H],1,2 5 5 6 12 1,0,18.42817103,11.24097853,17.18489516,-12.2655654,27.53186426,27.90829021
1999,c1nncnn1,5944,O[C@H]1CC/C=C/CCC1,18627,[H]O[C@]1([H])C([H])([H])C([H])([H])C([H])([H])C2([H])C3([H])N=NC([H])(N=N3)C2([H])C([H])([H])C1([H])[H],0,0 3 6 5 8 0,1,14.66072664,5.531361822,19.01256532,-16.12965683,17.41400409,14.9848775
2017,c1cnncn1,11875,O[C@H]1CC/C=C/CCC1,18627,[H]O[C@]1([H])C([H])([H])C([H])([H])C([H])([H])C2([H])C3([H])N=NC([H])(N=C3[H])C2([H])C([H])([H])C1([H])[H],0,4 1 6 5 9 0,9,17.37827473,7.385037924,19.80734156,-8.008007386,21.88459529,21.65352706
2021,Cc1nnc(C)nn1,12881,O[C@H]1CC/C=C/CCC1,18627,[H]O[C@]1([H])C([H])([H])C([H])([H])C([H])([H])C2([H])C3(C([H])([H])[H])N=NC(C([H])([H])[H])(N=N3)C2([H])C([H])([H])C1([H])[H],0,1 4 6 5 14 0,1,17.733,6.428741307,20.55975899,-8.672458885,21.73838761,19.68264661
2031,COC(=O)c1nccnn1,18472,O[C@H]1CC/C=C/CCC1,18627,[H]O[C@]1([H])C([H])([H])C([H])([H])C([H])([H])C2([H])C3([H])N=NC(C(=O)OC([H])([H])[H])(N=C3[H])C2([H])C([H])([H])C1([H])[H],0,4 7 6 5 15 0,5,20.26846808,8.416759726,22.24399974,-3.508615672,23.95040281,22.46875361
2035,COc1nnc(OC)nn1,18500,O[C@H]1CC/C=C/CCC1,18627,[H]O[C@]1([H])C([H])([H])C([H])([H])C([H])([H])C2([H])C3(OC([H])([H])[H])N=NC(OC([H])([H])[H])(N=N3)C2([H])C([H])([H])C1([H])[H],0,2 5 6 5 16 0,1,23.23864045,10.06524625,22.62215823,3.433203173,27.71750372,26.31652673
2037,C1=NN=CC12OCCO2,18642,O[C@H]1CC/C=C/CCC1,18627,[H]O[C@]1([H])C([H])([H])C([H])([H])C([H])([H])C2([H])C3([H])N=NC([H])(C34OC([H])([H])C([H])([H])O4)C2([H])C([H])([H])C1([H])[H],0,0 3 6 5 15 0,1,14.61945194,4.564656789,17.19878304,-27.69355117,21.61711255,20.49386636
2039,FC1(F)C=NN=C1,18644,O[C@H]1CC/C=C/CCC1,18627,[H]O[C@]1([H])C([H])([H])C([H])([H])C([H])([H])C2([H])C3([H])N=NC([H])(C3(F)F)C2([H])C([H])([H])C1([H])[H],0,3 6 6 5 9 0,1,15.0218372,4.994307506,17.24749724,-30.05120019,19.17850779,17.07031266
2041,O=C1C=CC=CC1=O,18645,O[C@H]1CC/C=C/CCC1,18627,[H]O[C@]1([H])C([H])([H])C([H])([H])C([H])([H])C2([H])C3([H])C(=O)C(=O)C([H])(C([H])=C3[H])C2([H])C([H])([H])C1([H])[H],0,2 5 6 5 12 0,1,14.35056813,6.187911926,15.76992406,-23.09166217,20.93381005,20.01766247
2047,c1nncnn1,5944,O[C@H]1CC/C=C/CCC1,18627,[H]O[C@]1([H])C([H])([H])C([H])([H])C([H])([H])C2([H])C3([H])N=NC([H])(N=N3)C2([H])C([H])([H])C1([H])[H],0,0 3 6 5 8 0,1,14.66072664,5.531361822,19.01256532,-16.12965683,17.41400409,14.9848775
2065,c1cnncn1,11875,O[C@H]1CC/C=C/CCC1,18627,[H]O[C@]1([H])C([H])([H])C([H])([H])C([H])([H])C2([H])C3([H])N=NC([H])(N=C3[H])C2([H])C([H])([H])C1([H])[H],0,4 1 6 5 9 0,9,17.37827473,7.385037924,19.80734156,-8.008007386,21.88459529,21.65352706
2069,Cc1nnc(C)nn1,12881,O[C@H]1CC/C=C/CCC1,18627,[H]O[C@]1([H])C([H])([H])C([H])([H])C([H])([H])C2([H])C3(C([H])([H])[H])N=NC(C([H])([H])[H])(N=N3)C2([H])C([H])([H])C1([H])[H],0,1 4 6 5 14 0,1,17.733,6.428741307,20.55975899,-8.672458885,21.73838761,19.68264661
2079,COC(=O)c1nccnn1,18472,O[C@H]1CC/C=C/CCC1,18627,[H]O[C@]1([H])C([H])([H])C([H])([H])C([H])([H])C2([H])C3([H])N=NC(C(=O)OC([H])([H])[H])(N=C3[H])C2([H])C([H])([H])C1([H])[H],0,4 7 6 5 15 0,5,20.26846808,8.416759726,22.24399974,-3.508615672,23.95040281,22.46875361
2083,COc1nnc(OC)nn1,18500,O[C@H]1CC/C=C/CCC1,18627,[H]O[C@]1([H])C([H])([H])C([H])([H])C([H])([H])C2([H])C3(OC([H])([H])[H])N=NC(OC([H])([H])[H])(N=N3)C2([H])C([H])([H])C1([H])[H],0,2 5 6 5 16 0,1,23.23864045,10.06524625,22.62215823,3.433203173,27.71750372,26.31652673
2085,C1=NN=CC12OCCO2,18642,O[C@H]1CC/C=C/CCC1,18627,[H]O[C@]1([H])C([H])([H])C([H])([H])C([H])([H])C2([H])C3([H])N=NC([H])(C34OC([H])([H])C([H])([H])O4)C2([H])C([H])([H])C1([H])[H],0,0 3 6 5 15 0,1,14.61945194,4.564656789,17.19878304,-27.69355117,21.61711255,20.49386636
2087,FC1(F)C=NN=C1,18644,O[C@H]1CC/C=C/CCC1,18627,[H]O[C@]1([H])C([H])([H])C([H])([H])C([H])([H])C2([H])C3([H])N=NC([H])(C3(F)F)C2([H])C([H])([H])C1([H])[H],0,3 6 6 5 9 0,1,15.0218372,4.994307506,17.24749724,-30.05120019,19.17850779,17.07031266
2089,O=C1C=CC=CC1=O,18645,O[C@H]1CC/C=C/CCC1,18627,[H]O[C@]1([H])C([H])([H])C([H])([H])C([H])([H])C2([H])C3([H])C(=O)C(=O)C([H])(C([H])=C3[H])C2([H])C([H])([H])C1([H])[H],0,2 5 6 5 12 0,1,14.35056813,6.187911926,15.76992406,-23.09166217,20.93381005,20.01766247
