,Diene,Diene_Index,Ene,Ene_Index,Product,Unreverse,Title,Structure_Id,Diene_Distort_p,Ene_Distort_p,Interaction_p,G_E_p,deltaEa_dimp,deltaGa_dimp,Times_1_Diene_Distort_var,Times_1_Distort_var,Times_1_Interaction_var,Times_1_Ene_Distort_var,Times_1_G_mean,Times_2_Diene_Distort_var,Times_2_Ene_Distort_var,Times_2_Interaction_var,Times_2_G_mean,deltaG_pred,Unnamed: 0
4,c1nncnn1,5944,C1=CNCC1,12052,[H]N1C([H])([H])C([H])([H])C2([H])C3([H])N=NC([H])(N=N3)C12[H],0,0 3 0 1 8 0,1,19.32704185758288,8.371824751852984,21.737927083192027,14.654075523970246,5.960939526243831,20.61501505021408,0.0125045962235358,0.0279129683425151,0.0108326462419363,0.0279129683425151,-2.1884954032666,0.0074524611356179,0.0070821124642051,0.0578057953580584,-0.8058301038702389,-1.8032889803475245,
4,c1nncnn1,5944,C1=C[C@H]2NC[C@@H]2C1,12063,[H]N1C([H])([H])[C@]2([H])C([H])([H])C3([H])C4([H])N=NC([H])(N=N4)C3([H])[C@@]12[H],0,0 3 0 1 8 0,1,17.57235485710622,7.873827214027997,19.52227142861146,15.085470525693472,5.923910642522756,21.00938116821623,0.0160503338408386,0.0232917587838204,0.0173963093310951,0.0232917587838204,-8.083804483672687,0.0100401677515079,0.0143885391628221,0.0394683638908649,-8.053051336645972,-7.9825054741559,
4,c1nncnn1,5944,C1=CC2=C(C1)CCCC2,13754,[H]C12N=NC([H])(N=N1)C1([H])C([H])([H])C3=C(C([H])([H])C([H])([H])C([H])([H])C3([H])[H])C21[H],0,0 3 0 1 8 0,1,18.802637972368338,10.02158961614926,22.46070008430062,15.440197224639707,6.363527504216979,21.80372472885669,0.0198369230313534,0.0351121552009993,0.0098218873455542,0.0351121552009993,-3.3474461210548654,0.0265392888420733,0.0419080724572442,0.0260739328543917,-2.090332437446236,-1.1947731870597345,
4,c1nncnn1,5944,C1=CC2=C(C1)[C@@H]1C=C[C@H]2C1,13755,[H]C1=C([H])C([H])([H])C2=C1[C@@]1([H])C3([H])C4([H])N=NC([H])(N=N4)C3([H])[C@]2([H])C1([H])[H],0,0 3 6 7 8 0,5,17.011805294773303,7.020246014726775,19.39085272308192,15.281992498299187,4.641198586418163,19.923191084717352,0.0017127384306301,0.0069798360954903,0.0016043347016721,0.0069798360954903,-10.196168620201613,0.0043965051851373,0.0144703285170116,0.0097718363229847,-10.923514589171972,-10.997810667482206,
570,NC1=C(O)C(O)=C(CO)C1,16890,C1=CC2=C(C1)[C@@H]1C=C[C@H]2C1,13755,[H]OC1=C(O[H])C2(C([H])([H])O[H])C([H])([H])C1(N([H])[H])C13C([H])=C([H])C([H])([H])C21[C@]1([H])C([H])=C([H])[C@@]3([H])C1([H])[H],1,1 6 2 3 19 1,4,14.105820667851678,11.1961914982197,20.51654329710945,17.077553402347185,4.785468868961928,21.86302227130912,0.0089634486573268,0.0045360291480314,0.011841926317858,0.0045360291480314,-13.693489837454798,0.0978491244965675,0.003075305882156,0.0010921168883806,-12.398423268054408,-16.371180441660876,
515,Cc1oc(C)c(C)c1C,16381,C1=CC=C=c2ccccc2=1,13758,[H]C1=C=c2c([H])c([H])c([H])c([H])c2=C2C1([H])C1(C([H])([H])[H])OC2(C([H])([H])[H])C(C([H])([H])[H])=C1C([H])([H])[H],0,3 1 2 3 21 0,3,19.68230551171153,11.9700361112681,26.35614183021243,15.56243595515563,5.296199792767197,20.858635747922825,0.00151180099246,0.0016730896911208,0.0060166650340506,0.0016730896911208,-8.367211738561238,0.0012021330156111,0.0013427765115047,0.03308448311825,-7.319813027451659,-4.789361788711435,
486,Cc1coc(C)c1CN,16221,C1=CC=C=c2ccccc2=1,13758,[H]C1=C=c2c([H])c([H])c([H])c([H])c2=C2C3([H])OC(C([H])([H])[H])(C(C([H])([H])N([H])[H])=C3C([H])([H])[H])C12[H],0,4 2 2 3 20 0,5,19.47836846890229,12.419387093732505,26.492030501777226,16.070582104581604,5.40572506085757,21.476307165439174,0.0081417648397203,0.0033328833523568,0.0288957209681629,0.0033328833523568,-6.394618787268222,0.0119869034974564,0.0011208138535043,0.0521952853600757,-6.548440597941124,-4.47109532268113,
688,OCc1coc(CO)c1,18077,C1=CC=C=c2ccccc2=1,13758,[H]OC([H])([H])C1=C([H])C2(C([H])([H])O[H])OC1([H])C1=c3c([H])c([H])c([H])c([H])c3=C=C([H])C12[H],0,5 3 2 3 17 0,5,19.43156401126103,11.557680184244877,26.306425893628443,16.023826217434024,4.682818301877461,20.706644519311485,0.0081598860500682,0.0104965451538398,0.0552434980079984,0.0104965451538398,-6.947427444040976,0.021163170191113,0.0056064516676414,0.0276990259341975,-7.837503907788253,-5.129600875567014,
57,Cc1coc(O)c1,12830,C1=CC=C=c2ccccc2=1,13758,[H]OC12OC([H])(C(C([H])([H])[H])=C1[H])C1=c3c([H])c([H])c([H])c([H])c3=C=C([H])C12[H],0,4 2 2 3 13 0,5,18.93143992372357,11.36141354165272,24.33136478285516,15.558046469488758,5.961488682521132,21.51953515200989,0.0045897707071327,0.0056656360100019,0.0031919140691666,0.0056656360100019,-8.076521248522212,0.0045605322943036,0.0011193265348152,0.0134431501472951,-8.203443637347114,-6.024423356414665,
307,CC1=CC(C)=C(C)[C@H]1C,14545,C1=CC=C=c2ccccc2=1,13758,[H]C1=C=c2c([H])c([H])c([H])c([H])c2=C2C1([H])C1(C([H])([H])[H])C([H])=C(C([H])([H])[H])C2(C([H])([H])[H])[C@@]1([H])C([H])([H])[H],0,1 5 2 3 23 0,5,18.75869244655912,9.150908261678625,23.45091054291788,15.564927284952509,4.458690165319865,20.023617450272376,0.0073793465222221,0.0155755683922614,0.0578299667108129,0.0155755683922614,-18.23725853141878,0.0072828681191764,0.0072822000147427,0.0180799739294186,-17.30063334113924,-15.286192592113032,
609,Nc1nc2c([nH]1)NON2,17291,C1=CC=C=c2ccccc2=1,13758,[H]C1=C=c2c([H])c([H])c([H])c([H])c2=C2C34C(=NC(N([H])[H])(N3[H])C12[H])N([H])ON4[H],0,1 4 2 3 14 0,5,18.52657607338437,8.928101282619274,23.229295373947128,15.72388747312654,4.225381982056511,19.94926945518305,0.004184215050071,0.0072337490664203,0.005292280685895,0.0072337490664203,-14.648729719805118,0.0025468050833235,0.0033279418986572,0.0100732747158536,-14.727030217777047,-12.831013744353442,
501,Cc1nc2c(o1)CNC2,16295,C1=CC=C=c2ccccc2=1,13758,[H]C1=C=c2c([H])c([H])c([H])c([H])c2=C2C1([H])C1(C([H])([H])[H])N=C3C([H])([H])N([H])C([H])([H])C32O1,0,1 4 2 3 17 0,5,18.523329873416724,10.620672433708116,24.077328318858697,15.728954294191205,5.066673988266143,20.795628282457347,0.0048497318606728,0.0198595310446309,0.0668829996507955,0.0198595310446309,-9.363417486536775,0.012378921149267,0.0042598750376065,0.0219453145341849,-8.548043264045887,-7.117438983672962,
487,Cc1coc(C)c1[C@H](C)O,16222,C1=CC=C=c2ccccc2=1,13758,[H]O[C@]([H])(C1=C(C([H])([H])[H])C2([H])OC1(C([H])([H])[H])C1([H])C([H])=C=c3c([H])c([H])c([H])c([H])c3=C21)C([H])([H])[H],0,4 2 2 3 22 0,5,18.394115405858354,12.144891361575391,26.09115300428939,15.932568301411782,4.447853763144359,20.380422064556143,0.0053824761016923,0.0066015854830455,0.0363605549810078,0.0066015854830455,-7.972565891635639,0.0058037126499998,0.0012760520154624,0.0520293003120385,-8.725881261497534,-5.771879909585458,
48,CNc1cocn1,12574,C1=CC=C=c2ccccc2=1,13758,[H]C1=C=c2c([H])c([H])c([H])c([H])c2=C2C3([H])OC([H])(N=C3N([H])C([H])([H])[H])C12[H],0,5 3 2 3 13 0,5,18.32555865786009,10.02015571751482,22.11379443495796,15.471613729447723,6.231919940416944,21.70353366986467,0.0082062404875889,0.0056363537485327,0.0122176093655613,0.0056363537485327,-9.825807267375277,0.0133089624010691,0.005536341504112,0.0199561524896312,-8.891803787713428,-7.905550896898234,
111,c1nc2c([nH]1)NON2,13569,C1=CC=C=c2ccccc2=1,13758,[H]C1=C=c2c([H])c([H])c([H])c([H])c2=C2C34C(=NC([H])(N3[H])C12[H])N([H])ON4[H],0,0 3 2 3 12 0,5,17.80196294703925,9.364186896056427,22.20225456319167,15.790906198046684,4.963895279904008,20.754801477950693,0.0047514690226811,0.0059901645521622,0.0217979363146198,0.0059901645521622,-12.639366511528266,0.003156569741662,0.0070333451684139,0.0262970110985465,-12.105452841946708,-10.086948374920349,
152,C1=C[C@@H]2O[C@@H]2C=C/C=C/1,13782,C1=CC=C=c2ccccc2=1,13758,[H]C1=C=c2c([H])c([H])c([H])c([H])c2=C2C1([H])C1([H])C([H])=C([H])C2([H])/C([H])=C(/[H])[C@]2([H])O[C@]12[H],0,2 5 2 3 17 0,5,17.77564395829734,7.600934504658342,19.23738498149296,15.51853183685181,6.139193481462723,21.657725318314533,0.0013462316232138,0.0014827520158757,0.0115412334572946,0.0014827520158757,-50.906368282088366,0.0150076049194274,0.0077613242168189,0.0495395783766295,-49.313003626122935,-47.03728360616475,
104,Oc1ccc(O)o1,13517,C1=CC=C=c2ccccc2=1,13758,[H]OC12OC(O[H])(C([H])=C1[H])C1([H])C([H])=C=c3c([H])c([H])c([H])c([H])c3=C21,0,1 4 2 3 11 0,3,17.63620691931655,10.672864427175968,23.66943782716324,15.946653918286746,4.639633519329276,20.586287437616026,0.0036406499620341,0.0018782975771855,0.0045703490707912,0.0018782975771855,-11.232209814754,0.007700257120358,0.0007678733276623,0.0143551179802178,-12.60988650068407,-9.276634455024071,
79,NC1=CNCC=C1,13153,C1=CC=C=c2ccccc2=1,13758,[H]C1=C=c2c([H])c([H])c([H])c([H])c2=C2C3([H])C(N([H])[H])=C([H])C([H])(C12[H])C([H])([H])N3[H],0,5 2 2 3 15 0,5,17.6072421471255,10.413886096102225,23.260745023659005,15.48110427562986,4.76038321956872,20.241487495198577,0.0053235195329668,0.0113569026343009,0.026339241482319,0.0113569026343009,-26.214304134677505,0.0216236674837565,0.0023419637239327,0.0395551019281876,-25.81002833524895,-23.96102847264642,
303,CC1=C(C)C(C)C(C)=C1C,14523,C1=CC=C=c2ccccc2=1,13758,[H]C1=C=c2c([H])c([H])c([H])c([H])c2=C2C1([H])C1(C([H])([H])[H])C(C([H])([H])[H])=C(C([H])([H])[H])C2(C([H])([H])[H])C1([H])C([H])([H])[H],0,6 2 2 3 26 0,3,17.48848060960189,9.189635959810875,22.86776872260353,15.412465863663655,3.810347846809236,19.22281371047289,0.0043874964213134,0.0095543587382879,0.0475705322372794,0.0095543587382879,-17.937281961930033,0.0059233865421396,0.014168520612211,0.0365927176525547,-17.155428608658696,-16.63164049893772,
315,CC1=C[C@H](C)C(C)=C1C,14572,C1=CC=C=c2ccccc2=1,13758,[H]C1=C=c2c([H])c([H])c([H])c([H])c2=C2C1([H])C1(C([H])([H])[H])C(C([H])([H])[H])=C(C([H])([H])[H])C2([H])[C@]1([H])C([H])([H])[H],0,5 2 2 3 23 0,5,17.383446153029656,9.101282228666696,21.68453560571402,15.510954967310957,4.800192775982328,20.311147743293283,0.0035857198164376,0.0155656433457466,0.0373802004400838,0.0155656433457466,-18.67430587468003,0.004253359946727,0.0116952547502083,0.0268958128684497,-18.60349906472705,-16.28172319353444,
277,CC(C)(C)C1=CC=CC1,14276,C1=CC=C=c2ccccc2=1,13758,[H]C1=C=c2c([H])c([H])c([H])c([H])c2=C2C3([H])C([H])=C([H])C(C(C([H])([H])[H])(C([H])([H])[H])C([H])([H])[H])(C12[H])C3([H])[H],0,4 7 2 3 23 0,5,17.086137788914634,8.594673639575767,20.434914220127723,15.813768812352889,5.245897208362678,21.059666020715564,0.0013541749729721,0.0121474510671158,0.0033794208542297,0.0121474510671158,-15.369771729873086,0.0013922994091739,0.0027025780230024,0.0023366399640111,-13.985879352499232,-13.371312099067012,
610,Nc1nc2occ(O)c2o1,17301,C1=CC=C=c2ccccc2=1,13758,[H]OC1=C2OC(N([H])[H])=NC23OC1([H])C1([H])C([H])=C=c2c([H])c([H])c([H])c([H])c2=C31,0,5 3 2 3 14 0,21,16.90246484270088,10.224144050721163,22.458314755020226,16.1659802643644,4.668294138401819,20.83427440276622,0.0030254856686159,0.0058741074146258,0.0427973075606073,0.0058741074146258,-10.138701589806388,0.012678140411334,0.0076235853051597,0.0379411582115294,-9.935394980730038,-9.0841131196689,
28,C=CC1=CC=CC1,12183,C1=CC=C=c2ccccc2=1,13758,[H]C1=C=c2c([H])c([H])c([H])c([H])c2=C2C3([H])C([H])=C([H])C(C([H])=C([H])[H])(C12[H])C3([H])[H],0,2 5 2 3 15 0,21,16.712856459190427,8.604441948096756,19.848114956408203,15.303700269591156,5.46918345087898,20.772883720470137,0.0107675971913339,0.015210523533435,0.01327299593133,0.015210523533435,-12.433603612290767,0.0262589391391584,0.0061421610611065,0.0161153941081192,-12.236715887543037,-11.677426411324213,
4,c1nncnn1,5944,C1=CCN([C@@H]2CCNC2)C1,13764,[H]N1C([H])([H])C([H])([H])[C@@]([H])(N2C([H])([H])C3([H])C4([H])N=NC([H])(N=N4)C3([H])C2([H])[H])C1([H])[H],0,0 3 0 1 8 0,1,18.33432560046519,8.868613103158957,20.98478026761001,15.381539851384984,6.218158436014136,21.59969828739912,0.0047085522979687,0.0172865039141906,0.001203888637831,0.0172865039141906,-7.223401125305628,0.0029193909196722,0.0079979566342027,0.002780689928686,-6.801346054611443,-5.308420484607474,
4,c1nncnn1,5944,C1=CN2CCNC[C@H]2N1,13773,[H]N1C([H])([H])C([H])([H])N2C3([H])C4([H])N=NC([H])(N=N4)C3([H])N([H])[C@]2([H])C1([H])[H],0,0 3 0 1 8 0,1,18.10414133612205,8.875562523182147,22.86660137512952,14.60936816998592,4.113102484174682,18.722470654160603,0.00442951247097,0.0246040436870412,0.0018674986100026,0.0246040436870412,-5.499447239402578,0.0117565223932991,0.0072855353133033,0.0068943740831793,-5.353035108465917,-4.781368506350251,
4,c1nncnn1,5944,C1=C[C@@H]2CC[C@H]3C=CC1C23,13779,[H]C1=C([H])[C@]2([H])C([H])([H])C([H])([H])[C@@]3([H])C4([H])C5([H])N=NC([H])(N=N5)C4([H])[C@@]1([H])[C@@]32[H],1,0 3 0 1 8 1,0,17.59353975242108,8.616284167818776,20.468109677943065,15.425798634475187,5.741714242296791,21.16751287677198,0.0223751072938315,0.0271544426198897,0.0199595408028576,0.0271544426198897,-11.347294449116248,0.0259159404090444,0.0199732228548306,0.0138840389085044,-12.939798950286878,-11.482918319721136,
4,c1nncnn1,5944,C1=C[C@@H]2C[C@H]1C[C@@H]2[C@@H]1CO1,13780,[H]C12N=NC([H])(N=N1)C1([H])C2([H])[C@@]2([H])C([H])([H])[C@]1([H])[C@@]([H])([C@@]1([H])OC1([H])[H])C2([H])[H],1,0 3 0 1 8 1,0,17.635161710486614,8.646256988724529,20.09611527530552,15.658023238123276,6.185303423905626,21.8433266620289,0.0090304164721431,0.0082645807399708,0.0123676860893961,0.0082645807399708,-8.891720588360386,0.0257526396202085,0.0076900491923144,0.0092033230994411,-8.197044672621217,-5.157075565331528,
453,Cc1cc(N)c(=O)[nH]c1C,15961,C1=C[C@@H]2O[C@@H]2/C=C/C=C/1,13781,[H]C1=C(C([H])([H])[H])C2(C([H])([H])[H])N([H])C(=O)C1(N([H])[H])C1([H])C2([H])/C([H])=C([H])\C([H])=C(\[H])[C@]2([H])O[C@]12[H],0,8 3 6 7 20 0,11,22.62982936700799,6.561707165645105,23.641057605170737,16.314468074583687,5.550478927482359,21.86494700206605,0.000858883761347,0.0006516811265141,0.0011962323423719,0.0006516811265141,-1.5756313947378509,0.0236264734528913,0.0082507422860671,0.0013915866626776,0.7571242151708582,-5.770826638983049,
506,Cc1ncc(N)nc1C,16317,C1=C[C@@H]2O[C@@H]2/C=C/C=C/1,13781,[H]C1=C(\[H])C2([H])C3([H])N=C(C([H])([H])[H])C(C([H])([H])[H])(N=C3N([H])[H])C2([H])[C@@]2([H])O[C@@]2([H])/C([H])=C\1[H],0,3 7 6 7 18 0,23,22.58461095411414,3.837636757312323,20.683311499691023,15.852327742925072,5.738936211735442,21.591263954660512,0.0002415880155428,4.964740307550185e-05,0.0011746794778813,4.964740307550185e-05,-1.6032822551080097,0.0010838487197774,0.0040190988117962,0.0015579757569453,0.3158296259211219,-4.42482828676232,
554,N#Cc1cnc(F)cn1,16701,C1=C[C@@H]2O[C@@H]2/C=C/C=C/1,13781,[H]C1=C(\[H])C2([H])C3([H])N=C(C#N)C([H])(N=C3F)C2([H])[C@@]2([H])O[C@@]2([H])/C([H])=C\1[H],0,7 3 6 7 11 0,35,22.52545907804541,2.74593661468343,19.12673516362563,15.534847797753976,6.144660529103216,21.679508326857192,0.0004230552706205,0.0001125864932898,0.0005542823646969,0.0001125864932898,-1.5925220374138114,0.0070863003679984,0.0061362728452943,0.000235035625513,1.182816933376852,-4.080245227077896,
526,Cn1cncc(N)c1=O,16458,C1=C[C@@H]2O[C@@H]2/C=C/C=C/1,13781,[H]C1=NC2([H])N(C([H])([H])[H])C(=O)C1(N([H])[H])C1([H])C2([H])/C([H])=C([H])\C([H])=C(\[H])[C@]2([H])O[C@]12[H],0,2 5 6 7 16 0,11,22.36464397239351,4.788593214293156,21.063173980600386,15.881626978700366,6.090063206086281,21.971690184786645,0.0019445237689153,0.0007687744325929,0.0010182298540729,0.0007687744325929,-6.358191414952295,0.0130301184953929,0.0121186303450614,0.0002120141369421,-5.285707690285648,-10.25718757196556,
366,CCn1cccc(O)c1=O,15072,C1=C[C@@H]2O[C@@H]2/C=C/C=C/1,13781,[H]OC12C(=O)N(C([H])([H])C([H])([H])[H])C([H])(C([H])=C1[H])C1([H])/C([H])=C([H])\C([H])=C(\[H])[C@]3([H])O[C@]3([H])C21[H],0,3 6 6 7 19 0,11,22.360116522765928,4.742968171633262,20.78231076992164,15.496147786608708,6.320773924477557,21.816921711086263,0.0022941450254986,0.0007118368996823,0.0005577039656873,0.0007118368996823,-4.999016438561263,0.0182525889058192,0.0112811919662694,0.0004381683195044,-4.500644892906493,-9.826843141252104,
523,Cn1cccc(C#N)c1=O,16437,C1=C[C@@H]2O[C@@H]2/C=C/C=C/1,13781,[H]C1=C([H])C2([H])N(C([H])([H])[H])C(=O)C1(C#N)C1([H])/C([H])=C([H])\C([H])=C(\[H])[C@]3([H])O[C@]3([H])C21[H],1,2 5 7 6 16 1,8,22.04256515256684,4.510548945571252,19.679089980755563,14.88773251274859,6.874024117382529,21.76175663013112,0.0037201221965668,0.0006056258211855,0.0012194077960867,0.0006056258211855,-3.157836059166655,0.0174960054833365,0.0369667049615744,0.000730063790486,-4.280422099333293,-5.266939441852202,
211,C=CCCc1ccc(C)o1,14007,C1=C[C@@H]2O[C@@H]2/C=C/C=C/1,13781,[H]C1=C([H])C2(C([H])([H])[H])OC1(C([H])([H])C([H])([H])C([H])=C([H])[H])C1([H])/C([H])=C([H])\C([H])=C(\[H])[C@]3([H])O[C@]3([H])C21[H],0,4 7 6 7 22 0,11,21.854874362876085,3.660420975941836,19.38188488297672,15.697567843782023,6.133410455841204,21.83097829962323,0.0021623784350411,0.0015218501878412,0.0003630111865086,0.0015218501878412,0.1077288531903128,0.0078505739256382,0.002838219010788,0.0002910611391825,3.0234721768858144,-6.858693103050658,
598,Nc1ccc2nncn2c1,17182,C1=C[C@@H]2O[C@@H]2/C=C/C=C/1,13781,[H]C1=C(N([H])[H])C2([H])n3c([H])nnc3C1([H])C1([H])C2([H])/C([H])=C([H])\C([H])=C(\[H])[C@]2([H])O[C@]12[H],0,9 3 6 7 16 0,11,21.817015206219168,4.0182786401261215,19.93922110156774,15.753533173899692,5.896072744777548,21.64960591867724,0.0015935760802315,0.0006510675579186,0.0013555190798926,0.0006510675579186,-6.193960788807928,0.0041557566220401,0.0338206775614773,0.000912319815763,-1.9868622538243272,-10.329063026126896,
551,N#Cc1c(N)nc[nH]c1=O,16663,C1=C[C@@H]2O[C@@H]2/C=C/C=C/1,13781,[H]C1=C(\[H])C2([H])C3(C#N)C(=O)N([H])C([H])(N=C3N([H])[H])C2([H])[C@@]2([H])O[C@@]2([H])/C([H])=C\1[H],0,2 6 6 7 14 0,11,21.744982176250243,4.323115343119444,21.15507653566664,15.623670475556173,4.913020983703049,20.536691459259224,8.261111355618403e-05,0.0003064764794401,0.0002716236694597,0.0003064764794401,-6.820139002000481,0.0015431783900001,0.0080960884688473,0.0010682598508515,-2.4311057825458,-6.549295106107344,
557,N#Cc1nccnc1O,16723,C1=C[C@@H]2O[C@@H]2/C=C/C=C/1,13781,[H]OC1=NC2([H])C([H])=NC1(C#N)C1([H])/C([H])=C([H])\C([H])=C(\[H])[C@]3([H])O[C@]3([H])C21[H],0,2 5 6 7 12 0,11,21.65155805932017,3.506060606065951,20.147028192053806,15.69032769448619,5.010590473332311,20.7009181678185,0.0005112816663154,0.0009105004453345,0.0002181692897442,0.0009105004453345,-3.4737975320186294,0.0116391651699415,0.0207304923580734,0.0004306903673636,-2.7974740682968573,-5.001114368811518,
613,Nc1nccnc1C1CC1,17328,C1=C[C@@H]2O[C@@H]2/C=C/C=C/1,13781,[H]C1=NC2(C3([H])C([H])([H])C3([H])[H])C(N([H])[H])=NC1([H])C1([H])/C([H])=C([H])\C([H])=C(\[H])[C@]3([H])O[C@]3([H])C21[H],0,3 6 6 7 19 0,23,21.632641168379287,3.1358887829116107,19.48848874250919,15.818432771857244,5.280041208781707,21.09847398063895,0.0003624735934593,0.0002726961013966,0.0009740461723997,0.0002726961013966,-4.350839646730094,0.0015129065941984,0.0041271827975924,0.0019150391170625,-3.908346004838599,-5.636568096831596,
241,C=Cc1cnc(N)cc1C,14118,C1=C[C@@H]2O[C@@H]2/C=C/C=C/1,13781,[H]C([H])=C([H])C1=C(C([H])([H])[H])C2([H])C(N([H])[H])=NC1([H])C1([H])C2([H])/C([H])=C([H])\C([H])=C(\[H])[C@]2([H])O[C@]12[H],0,7 3 6 7 20 0,47,21.533997299945177,4.206729015687733,20.13601827242168,15.702550323384925,5.604708043211232,21.307258366596155,0.0025528259459188,0.0014514994548366,0.0005454859553836,0.0014514994548366,-1.1065855148076729,0.0245364606604943,0.0280417463069891,0.0025137760212752,4.22514761471011,-5.453296611030762,
522,Cn1ccc(N)c(N)c1=O,16432,C1=C[C@@H]2O[C@@H]2/C=C/C=C/1,13781,[H]C1=C(N([H])[H])C2(N([H])[H])C(=O)N(C([H])([H])[H])C1([H])C1([H])/C([H])=C([H])\C([H])=C(\[H])[C@]3([H])O[C@]3([H])C21[H],0,2 6 6 7 19 0,11,21.47986359234213,5.264677295277789,21.510691658829533,15.808655610690622,5.233849228790387,21.04250483948101,0.0034458855435282,0.001023666590077,0.0015581453378818,0.001023666590077,-6.198974782799439,0.0218580302605322,0.0092667760028025,0.0003839686124441,-7.169620521022097,-10.005898636658388,
451,Cc1cc(CO)c[nH]c1=O,15951,C1=C[C@@H]2O[C@@H]2/C=C/C=C/1,13781,[H]OC([H])([H])C1=C([H])C2(C([H])([H])[H])C(=O)N([H])C1([H])C1([H])C2([H])/C([H])=C([H])\C([H])=C(\[H])[C@]2([H])O[C@]12[H],0,1 6 6 7 19 0,11,21.43113012692431,5.088218141718095,21.931121299807955,15.946933872183893,4.588226968834448,20.53516084101834,0.0030358157874563,0.0012755788174048,0.0017591415357423,0.0012755788174048,-6.459447627966171,0.0374399658947763,0.0163068870264904,0.0009076629757027,-2.8596365194272124,-11.31776948984993,
4,c1nncnn1,5944,C1=C[C@H](CC2CC2)NC1,13786,[H]N1C([H])([H])C2([H])C3([H])N=NC([H])(N=N3)C2([H])[C@]1([H])C([H])([H])C1([H])C([H])([H])C1([H])[H],0,0 3 0 1 8 0,1,18.755557260656413,9.011642526510254,21.82757810530255,15.70493938469069,5.939621681864118,21.644561066554807,0.0053691717240527,0.0265171624803494,0.0046721866411645,0.0265171624803494,-5.979315292272716,0.0046273906276804,0.0469858410528682,0.0134412866848849,-4.814154173644759,-4.404402747932888,
7,c1cnncn1,11875,C1=C[C@H]2C=C[C@@H]3CC=C1[C@H]23,13787,[H]C1=NC2([H])N=NC1([H])C1([H])C23C([H])=C([H])[C@@]2([H])C([H])=C([H])[C@]([H])(C1([H])[H])[C@]32[H],1,4 1 8 7 9 1,34,18.17946118851163,7.116111928511031,18.33012738212035,14.969214303439609,6.965445734902314,21.934660038341924,3.899653594120773e-05,0.0001636896169769,0.0025462275022358,0.0001636896169769,-5.334275764368364,0.005144041353707,0.0029717313772052,0.0027417874975056,-6.6189208851320345,-5.454465374581396,
88,Nc1nncnn1,13304,C1=C[C@H]2C=C[C@@H]3CC=C1[C@H]23,13787,[H]C1=C([H])[C@@]2([H])C([H])=C([H])[C@]3([H])C([H])([H])C4([H])C5(N([H])[H])N=NC([H])(N=N5)C14[C@]23[H],0,1 4 7 8 10 0,9,18.02371617678244,5.916620064978112,18.63079139882909,15.580484681197046,5.309544842931466,20.89002952412851,0.0049218272954961,0.0127340782311508,0.0012613293844674,0.0127340782311508,-4.093107352715691,0.0119376516262967,0.0073466885892521,0.0040185802011129,-5.229109122276313,-7.9070029178353,
387,CNc1nc[nH]c(=O)c1N,15347,C1=C[C@H]2C=C[C@@H]3CC=C1[C@H]23,13787,[H]C1=C([H])[C@@]2([H])C([H])=C([H])[C@]3([H])C([H])([H])C4([H])C5([H])N=C(N([H])C([H])([H])[H])C(N([H])[H])(C(=O)N5[H])C14[C@]23[H],1,8 4 8 7 18 1,10,17.958817348976893,6.409780428528476,18.179478335924376,15.347568628343874,6.189119441580996,21.53668806992487,5.194577317755084e-05,0.0001175778332156,0.0114907379968377,0.0001175778332156,-9.53041295711472,0.0005071108698397,0.0007349436586851,0.0025566695073121,-12.03852199704405,-13.420592009155255,
61,Cc1nnc(C)nn1,12881,C1=C[C@H]2C=C[C@@H]3CC=C1[C@H]23,13787,[H]C1=C([H])[C@@]2([H])C([H])=C([H])[C@]3([H])C([H])([H])C4([H])C5(C([H])([H])[H])N=NC(C([H])([H])[H])(N=N5)C14[C@]23[H],0,1 4 7 8 14 0,5,17.24957001079993,5.93203836956625,19.00358861340657,16.919751991767335,4.178019766959604,21.09777175872694,0.0037554605185329,0.0043623405209893,0.0008388601482228,0.0043623405209893,-6.581324717918314,0.0114003335335389,0.0033319479165674,0.0084217275084774,-6.458853002010635,-10.003364834961324,
503,Cc1ncc(=O)[nH]c1C,16304,C1=C[C@H]2C=C[C@@H]3CC=C1[C@H]23,13787,[H]C1=C([H])[C@@]2([H])C([H])=C([H])[C@]3([H])C([H])([H])C4([H])C5(C([H])([H])[H])C(C([H])([H])[H])=NC([H])(C(=O)N5[H])C14[C@]23[H],0,7 3 7 8 17 0,9,17.212904530126835,6.989118402879209,18.69075205251304,15.65410091858532,5.511270880493004,21.16537179907833,0.0075136361453457,0.004917610055037,0.0035796577088073,0.004917610055037,-10.90316455971712,0.0102026644192789,0.006033784351099,0.0286744811224873,-9.550893180078944,-12.952887964191731,
690,O[C@@H]1C(F)=CC=C[C@@H]1O,18097,C1=C[C@H]2C=C[C@@H]3CC=C1[C@H]23,13787,[H]O[C@@]1([H])C2([H])C([H])=C([H])C(F)(C3([H])C24C([H])=C([H])[C@@]2([H])C([H])=C([H])[C@]([H])(C3([H])[H])[C@]42[H])[C@@]1([H])O[H],0,2 6 7 8 16 0,9,16.802416717631033,3.306788530388845,13.043991825234077,14.257284357815504,7.065213422785801,21.322497780601303,0.0043158169623329,0.005224243937893,0.0015746784931266,0.005224243937893,-29.00215630452092,0.0277914251770391,0.0186565226151734,0.0183197898230451,-29.454338256328484,-30.63989535876548,
501,Cc1nc2c(o1)CNC2,16295,C1=C[C@H]2C=C[C@@H]3CC=C1[C@H]23,13787,[H]C1=C([H])[C@@]2([H])C([H])=C([H])[C@]3([H])C([H])([H])C4([H])C5(C([H])([H])[H])N=C6C([H])([H])N([H])C([H])([H])C6(O5)C14[C@]23[H],0,1 4 7 8 17 0,9,15.975526998009055,5.445108636767291,16.193912310360083,15.119888979245111,5.226723324416263,20.346612303661374,0.0189639721681005,0.0124046669704186,0.0035763715387836,0.0124046669704186,-8.215114653467083,0.0599178180443799,0.0185603396522618,0.041084705723543,-7.000410570585032,-11.5941064779256,
4,c1nncnn1,5944,C1=C[C@H]2C[C@@H]1[C@H]1CNC[C@H]12,13790,[H]N1C([H])([H])[C@@]2([H])[C@@]3([H])C4([H])C5([H])N=NC([H])(N=N5)C4([H])[C@]([H])(C3([H])[H])[C@@]2([H])C1([H])[H],0,0 3 0 1 8 0,1,18.03419818649847,8.004964423873258,20.27191610944992,15.21398644882656,5.767246500921811,20.98123294974837,0.0010057831495117,0.004402387642515,0.0009601600249002,0.004402387642515,-9.733374266455217,0.0009390270780283,0.0141922794874473,0.0088147355697997,-8.205792639295524,-6.173397008175797,
4,c1nncnn1,5944,C=CCN1C=CN(C=C)C1,14014,[H]C([H])=C([H])N1C([H])([H])N(C([H])([H])C([H])=C([H])[H])C2([H])C3([H])N=NC([H])(N=N3)C12[H],0,0 3 4 5 8 0,3,18.61341837477732,9.064816787018774,26.778114547983886,16.063500442624953,0.9001206138122093,16.963621056437162,0.0038449224396002,0.0304120219228453,0.0072888027422403,0.0304120219228453,-3.0180833623602226,0.0175957342631632,0.0271735579664672,0.0195849132584945,-1.9636504360272933,-1.6209916720561992,
671,O=c1[nH]c(O)nnc1F,17933,C=Cc1ccc2c(c1)C=C2,14107,[H]OC12N=NC(F)(C(=O)N1[H])C1([H])c3c([H])c([H])c(C([H])=C([H])[H])c([H])c3C21[H],0,3 7 8 9 11 0,5,19.05823465329737,7.218968983081391,18.99802450899587,14.434666120305543,7.279179127382889,21.713845247688432,0.003677882468107,0.0080336750191792,0.0022993575653853,0.0080336750191792,-18.218912743129778,0.0164511072381524,0.0054854333882096,0.0295183300250957,-18.17807624764448,-17.388317630295383,
537,Fc1nc(F)c(F)c(F)n1,16584,C=Cc1ccc2c(c1)C=C2,14107,[H]C([H])=C([H])c1c([H])c([H])c2c(c1[H])C1([H])C3(F)N=C(F)C(F)(C(F)=N3)C21[H],0,1 5 8 9 10 0,5,18.61308790960299,7.727061347573081,19.0546341413677,14.681237585658776,7.285515115808369,21.966752701467144,0.0233804702133609,0.0024082425651726,0.0005931265286051,0.0024082425651726,-12.285069521545983,0.1024234450066664,0.005248220398464,0.0024822159160238,-11.708582115341898,-11.311617454147274,
696,Oc1nccn2cnnc12,18225,C=Cc1ccc2c(c1)C=C2,14107,[H]OC12N=C([H])C([H])(n3c([H])nnc31)C1([H])c3c([H])c([H])c(C([H])=C([H])[H])c([H])c3C21[H],0,1 4 8 9 14 0,5,18.21030299469272,8.580517631152388,19.27937498697645,14.376987350707658,7.511445638868658,21.88843298957632,0.0086697585335673,0.0101153789406354,0.0035656431047914,0.0101153789406354,-13.985351555366954,0.0898179010511968,0.0213831323262138,0.032697751267325,-12.893856978620342,-14.893545004798504,
87,Nc1nnc(O)nn1,13302,C=Cc1ccc2c(c1)C=C2,14107,[H]OC12N=NC(N([H])[H])(N=N1)C1([H])c3c([H])c(C([H])=C([H])[H])c([H])c([H])c3C21[H],0,1 4 8 9 11 0,5,18.165172013796727,7.43963333238222,20.084765642902514,15.318567872496722,5.520039703276435,20.83860757577316,0.0015142101685728,0.0001224325543171,0.0003040648525608,0.0001224325543171,-13.299795569165203,0.0065242910229745,0.0004419068104773,0.0011982972906263,-13.237674381485228,-13.117917441837092,
60,Cc1nnc(C#N)o1,12879,C=Cc1ccc2c(c1)C=C2,14107,[H]C([H])=C([H])c1c([H])c([H])c2c(c1[H])C1([H])C3(C([H])([H])[H])N=NC(C#N)(O3)C21[H],0,1 4 8 9 11 0,5,18.1186003430548,6.9205392031600885,19.112701592134645,14.949238960539615,5.926437954080242,20.87567691461986,0.0012043726516274,0.0016653559396952,0.0017287366057114,0.0016653559396952,-11.71602293405617,0.0498286380820952,0.012869406400865,0.0085490336779079,-10.636505107559422,-10.962238389074535,
588,NNCc1ccnnc1,17018,C=Cc1ccc2c(c1)C=C2,14107,[H]C1=C(C([H])([H])N([H])N([H])[H])C2([H])N=NC1([H])C1([H])c3c([H])c(C([H])=C([H])[H])c([H])c([H])c3C21[H],0,5 8 8 9 17 0,13,18.0521640484863,7.046604722035433,17.620919980871818,14.447367052544491,7.477848789649915,21.925215842194408,0.0030560116668127,0.007062418589492,0.0018862871430039,0.007062418589492,-11.597385039722448,0.0297155849940547,0.0174335607678956,0.0121137932087837,-11.324819193521895,-13.083017758146369,
582,NCCn1cnccc1=O,16956,C=Cc1ccc2c(c1)C=C2,14107,[H]C1=NC2([H])N(C([H])([H])C([H])([H])N([H])[H])C(=O)C1([H])C1([H])c3c([H])c([H])c(C([H])=C([H])[H])c([H])c3C21[H],0,4 7 8 9 19 0,5,17.86172497857168,7.288064560491642,17.763452225682602,14.13471655887528,7.386337313380718,21.521053872256,0.0077826625918968,0.008449567946545,0.0036870663959125,0.008449567946545,-19.53137377745076,0.0524353394314628,0.016034931035121,0.0242809056740675,-19.031248123556608,-19.87600502076603,
364,CCc1ncncc1F,15035,C=Cc1ccc2c(c1)C=C2,14107,[H]C1=NC2([H])N=C(C([H])([H])C([H])([H])[H])C1(F)C1([H])c3c([H])c([H])c(C([H])=C([H])[H])c([H])c3C21[H],0,4 7 8 9 16 0,13,17.85834986231673,7.414505643442121,17.819991335728094,14.09831727288735,7.452864170030754,21.551181442918104,0.0067061934179125,0.0039966544933868,0.0039576845624378,0.0039966544933868,-10.908450302108209,0.0413027940080664,0.0078724661187048,0.0141908132787477,-10.05102236095818,-12.436556867382784,
701,Oc1nncn2nccc12,18234,C=Cc1ccc2c(c1)C=C2,14107,[H]OC12N=NC([H])(n3nc([H])c([H])c31)C1([H])c3c([H])c([H])c(C([H])=C([H])[H])c([H])c3C21[H],0,1 4 8 9 14 0,5,17.854564015256145,7.378107025902855,19.25469716626165,14.601239248338352,5.977973874897351,20.579213123235704,0.0073021572509993,0.0074137247964753,0.0061368793121171,0.0074137247964753,-16.373180058625657,0.0520380802649791,0.0243224335304779,0.0217279831666952,-14.51746200759196,-15.684555317759212,
538,Fc1nc(F)c(F)nc1F,16585,C=Cc1ccc2c(c1)C=C2,14107,[H]C([H])=C([H])c1c([H])c([H])c2c(c1[H])C1([H])C3(F)N=C(F)C(F)(N=C3F)C21[H],0,3 8 8 9 10 0,13,17.804772048184255,7.265841631409313,19.758564487671336,14.465153726488314,5.312049191922231,19.777202918410545,0.0025077129116366,9.663306829039208e-05,0.0018884516307935,9.663306829039208e-05,-15.35225089986956,0.0020878011697633,0.0001426674953687,0.0020149119999227,-14.906666177269194,-15.884836280497076,
549,N#CCc1ncc(F)cn1,16646,C=Cc1ccc2c(c1)C=C2,14107,[H]C1=NC2(C([H])([H])C#N)N=C([H])C1(F)C1([H])c3c([H])c([H])c(C([H])=C([H])[H])c([H])c3C21[H],0,3 6 8 9 14 0,5,17.793896488198996,7.725662077531616,19.2935832022982,14.71524122551664,6.225975363432411,20.94121658894905,0.0023348993957249,0.0027990416444779,0.0011869757701017,0.0027990416444779,-11.814294071319466,0.0273305911102659,0.0072801427753418,0.0124500302512817,-11.270778862699224,-10.867875572904232,
426,COc1nccnc1CO,15632,C=Cc1ccc2c(c1)C=C2,14107,[H]OC([H])([H])C1=NC2([H])C([H])=NC1(OC([H])([H])[H])C1([H])c3c([H])c(C([H])=C([H])[H])c([H])c([H])c3C21[H],0,2 5 8 9 18 0,5,17.70534740259762,7.6684494201229025,18.49105840909622,14.603681514521869,6.882738413624303,21.48641992814617,0.0091262941049721,0.0049370495230266,0.0062847578229127,0.0049370495230266,-12.320705924059991,0.0434098748840333,0.0261829511005171,0.0325031898156532,-12.525763405044842,-13.57682331682853,
361,CCc1nc(C#N)c(N)o1,15019,C=Cc1ccc2c(c1)C=C2,14107,[H]C([H])=C([H])c1c([H])c([H])c2c(c1[H])C1([H])C3(C([H])([H])C([H])([H])[H])N=C(C#N)C(N([H])[H])(O3)C21[H],0,2 7 8 9 17 0,5,17.557435169032342,7.926086035268035,20.23153273056204,14.617641040252735,5.25198847373834,19.86962951399108,0.0016967565231233,0.0010170725943061,0.0027519338139805,0.0010170725943061,-12.509296573596307,0.0526195884078064,0.0014468124624525,0.0032062863488041,-11.134671100863017,-12.645623049297988,
473,Cc1cccc(O)c(=O)c1,16101,C=Cc1ccc2c(c1)C=C2,14107,[H]OC12C(=O)C([H])=C(C([H])([H])[H])C([H])(C([H])=C1[H])C1([H])c3c([H])c(C([H])=C([H])[H])c([H])c([H])c3C21[H],0,2 5 8 9 18 0,13,17.54856351739248,8.751490814712941,18.69721455913281,14.385660701506074,7.602839772972612,21.988500474478684,0.0020007172257359,0.0022364660486172,0.0011057131546078,0.0022364660486172,-20.978471385805346,0.0342974106158463,0.0072730338186803,0.0414661656785073,-20.923342602204063,-20.33944281471866,
4,c1nncnn1,5944,CCN1C=CN(C)[C@@H]1C,14769,[H]C([H])([H])N1C2([H])C3([H])N=NC([H])(N=N3)C2([H])N(C([H])([H])C([H])([H])[H])[C@@]1([H])C([H])([H])[H],0,0 3 3 4 8 0,1,18.603535629284224,10.48940900222336,24.31877934630966,15.151869945751422,4.774165285197924,19.926035230949346,0.0079603861176802,0.0024662977637969,0.0033038177367017,0.0024662977637969,-2.3458397735987475,0.0076681636013764,0.0079892290272601,0.0228112809761388,-2.024625521040676,-2.050114280421869,
4,c1nncnn1,5944,C[C@@H]1C=C[C@H]2C[C@@H](O)[C@H]12,15683,[H]O[C@]1([H])C([H])([H])[C@]2([H])C3([H])C4([H])N=NC([H])(N=N4)C3([H])[C@@]([H])(C([H])([H])[H])[C@]21[H],0,0 3 2 3 8 0,1,17.47204022598481,7.688412439330563,20.446809392857705,15.259407257704282,4.71364327245767,19.973050530161952,0.0064279024258699,0.0229166950047324,0.0095876827671889,0.0229166950047324,-9.634747222208986,0.0074534516266941,0.0394925041782402,0.0162566864506186,-9.564175926862228,-9.299793548717638,
60,Cc1nnc(C#N)o1,12879,FC(F)(F)C1=CC=C=CN1,16502,[H]C1=C2C3(C#N)N=NC(C([H])([H])[H])(O3)C2([H])C([H])=C(C(F)(F)F)N1[H],0,1 4 6 7 11 0,5,19.379771504333902,9.04960677862521,22.712884043787646,16.0969599112719,5.716494239171468,21.813454150443366,0.0052505736056166,0.0038163031299407,0.0038924737193532,0.0038163031299407,-11.229201491959564,0.0127543311755737,0.0104885061643469,0.0030833350658275,-11.349839248946545,-12.030981392587949,
464,Cc1ccc(C(F)(F)F)o1,16023,FC(F)(F)C1=CC=C=CN1,16502,[H]C1=C2C([H])(C([H])=C(C(F)(F)F)N1[H])C1(C([H])([H])[H])OC2(C(F)(F)F)C([H])=C1[H],0,1 4 6 7 15 0,5,18.691416320628505,9.977028744246043,23.07289748643575,15.6917458762206,5.595547578438797,21.2872934546594,0.0022988833878705,0.0098954736289021,0.0040377487346545,0.0098954736289021,-10.431919395651178,0.0136512039026776,0.0053826539939243,0.0004178803358999,-13.424835410214117,-14.505348811062184,
584,NCc1ccc(CO)o1,16978,FC(F)(F)C1=CC=C=CN1,16502,[H]OC([H])([H])C12OC(C([H])([H])N([H])[H])(C([H])=C1[H])C1([H])C([H])=C(C(F)(F)F)N([H])C([H])=C12,0,2 5 6 7 18 0,5,18.65713742986697,10.216011710726608,22.635837335552186,15.7033181856398,6.237311805041397,21.940629990681195,0.0254905027620433,0.012614911151567,0.0067413125992848,0.012614911151567,-18.34929250322448,0.0181313744587706,0.025471140237368,0.0191352605535991,-20.57193563301464,-19.35320080673524,
489,Cc1nc(C#N)c(NN)o1,16246,FC(F)(F)C1=CC=C=CN1,16502,[H]C1=C2C3(N([H])N([H])[H])OC(C([H])([H])[H])(N=C3C#N)C2([H])C([H])=C(C(F)(F)F)N1[H],0,1 6 6 7 16 0,5,18.50176963763767,10.02595879123554,24.02930664002139,16.312473175192164,4.498421788851818,20.81089496404398,0.0084277487177636,0.0146991622837729,0.0062600036037337,0.0146991622837729,-14.469711583594671,0.0179857551999205,0.0493355714826064,0.0126422644419905,-14.046130807630044,-15.517117771850508,
684,OCCc1nccnn1,18043,FC(F)(F)C1=CC=C=CN1,16502,[H]OC([H])([H])C([H])([H])C12N=NC([H])(C([H])=N1)C1=C([H])N([H])C(C(F)(F)F)=C([H])C12[H],0,3 6 6 7 16 0,5,18.341724332894067,10.6956070133055,24.076583604190656,16.303845770580057,4.9607477420089126,21.26459351258897,0.0291053318371056,0.0155267918048832,0.0029512522117979,0.0155267918048832,-10.948529195995768,0.0222143953635769,0.0181007619937921,0.0168772554388248,-8.942610887258809,-11.208002681483867,
361,CCc1nc(C#N)c(N)o1,15019,FC(F)(F)C1=CC=C=CN1,16502,[H]C1=C2C3(N([H])[H])OC(C([H])([H])C([H])([H])[H])(N=C3C#N)C2([H])C([H])=C(C(F)(F)F)N1[H],0,2 7 6 7 17 0,5,18.193668452402264,10.522198143900791,24.6190580431715,16.168115602542755,4.096808553131556,20.26492415567431,0.0111137725265196,0.0064331597845042,0.00314089883091,0.0064331597845042,-13.826080010932372,0.0154904299313975,0.0061582943752654,0.0033764078401538,-13.429376263691983,-13.963715415291157,
555,N#Cc1cncc(N)n1,16707,FC(F)(F)C1=CC=C=CN1,16502,[H]C1=NC2([H])C(N([H])[H])=NC1(C#N)C1([H])C([H])=C(C(F)(F)F)N([H])C([H])=C21,0,2 5 6 7 13 0,5,18.169621320653096,11.391162244600132,23.72478892458797,15.704805991561557,5.835994640665259,21.540800632226816,0.0209843822456433,0.0167709872428564,0.0068505402491039,0.0167709872428564,-12.21224501771615,0.0226058708844902,0.0171245338319465,0.0204594969350381,-11.13710562507579,-13.992053150396217,
362,CCc1nc(C)c(C)o1,15020,FC(F)(F)C1=CC=C=CN1,16502,[H]C1=C2C([H])(C([H])=C(C(F)(F)F)N1[H])C1(C([H])([H])C([H])([H])[H])N=C(C([H])([H])[H])C2(C([H])([H])[H])O1,0,2 6 6 7 20 0,5,18.11082327043535,9.395677145581448,23.60969138252108,15.794252390139317,3.896809033495721,19.69106142363504,0.0183822769589562,0.0144307207085141,0.0090781074679827,0.0144307207085141,-18.786623404949324,0.0197021536884857,0.031455021279747,0.0051135106090176,-18.31675786293696,-20.17285325468725,
58,Cc1nccn1C#N,12864,FC(F)(F)C1=CC=C=CN1,16502,[H]C1=NC2(C([H])([H])[H])N(C#N)C1([H])C1=C([H])N([H])C(C(F)(F)F)=C([H])C12[H],0,1 4 6 7 13 0,5,17.845009641456627,9.859399495299726,21.847751971565508,16.0551487648137,5.856657165190846,21.911805930004547,0.0169927347161426,0.0156986657952042,0.008665339957457,0.0156986657952042,-10.427624222391444,0.0151241838666151,0.0226503288114514,0.0160548069915165,-10.144771973217928,-12.373761905011868,
343,CCOCn1cnc(N)c1,14871,FC(F)(F)C1=CC=C=CN1,16502,[H]C1=C2C3([H])C(N([H])[H])=NC([H])(N3C([H])([H])OC([H])([H])C([H])([H])[H])C2([H])C([H])=C(C(F)(F)F)N1[H],0,5 9 6 7 21 0,5,17.791413243316818,10.472315404576062,21.99543105142485,15.553305863497632,6.268297596468027,21.82160345996565,0.053258385617094,0.022560453718048,0.007212627249596,0.022560453718048,-19.651195151185423,0.0191329898636403,0.0438223139448216,0.0164561069579855,-19.08900497917176,-19.63890032074722,
505,Cc1ncc(CCN)o1,16311,FC(F)(F)C1=CC=C=CN1,16502,[H]C1=NC2(C([H])([H])[H])OC1(C([H])([H])C([H])([H])N([H])[H])C1=C([H])N([H])C(C(F)(F)F)=C([H])C12[H],0,1 4 6 7 19 0,5,17.772992795358213,9.534917408680618,22.94137524027193,15.865221675876926,4.366534963766902,20.231756639643827,0.0288441672355133,0.0131445324989211,0.0105201584735872,0.0131445324989211,-15.37746686621795,0.0247576431636817,0.0407360161841071,0.0222738699874669,-14.070571300552691,-16.81450531959849,
615,Nc1nnc2cnccn12,17355,FC(F)(F)C1=CC=C=CN1,16502,[H]C1=NC2([H])c3nnc(N([H])[H])n3C1([H])C1=C([H])N([H])C(C(F)(F)F)=C([H])C12[H],0,5 8 6 7 15 0,17,17.743946044395052,10.972983960260729,22.63061932183704,15.284040352861789,6.086310682818741,21.370351035680528,0.0155445210876798,0.0623070423301594,0.0056808185967686,0.0623070423301594,-18.39410598468008,0.0099360860226854,0.089465063280096,0.0434863367299917,-15.559574117207582,-20.64654290170533,
294,CC(C)Cc1coc(N)n1,14377,FC(F)(F)C1=CC=C=CN1,16502,[H]C1=C2C3([H])OC(N([H])[H])(N=C3C([H])([H])C([H])(C([H])([H])[H])C([H])([H])[H])C2([H])C([H])=C(C(F)(F)F)N1[H],0,7 5 6 7 22 0,5,17.73595013823192,9.931140525674731,23.098119490335336,16.327174405609576,4.568971173571317,20.89614557918089,0.0208527927340235,0.0187997212220794,0.0056921398318932,0.0187997212220794,-17.98166348848543,0.0078098672601748,0.0216192607427421,0.0107801965923814,-17.029769625651497,-18.9842625301156,
4,c1nncnn1,5944,NC1=C2NC=CN2CC=C1,16891,[H]C1=C([H])C([H])([H])N2C(=C1N([H])[H])N([H])C1([H])C3([H])N=NC([H])(N=N3)C21[H],0,0 3 4 5 8 0,3,19.38363150458603,7.809534307758941,23.543131283116807,15.232404680219584,3.650034529228165,18.88243920944775,0.0012007685391275,0.0054632668992824,0.0005320908310601,0.0054632668992824,-1.0052555122058529,0.0035772986857565,0.0007393758488101,0.0035209538901477,-2.7529994778457194,-2.313381761575176,
152,C1=C[C@@H]2O[C@@H]2C=C/C=C/1,13782,NC1=C2NC=CN2CC=C1,16891,[H]C1=C([H])C([H])([H])N2C(=C1N([H])[H])N([H])C1([H])C2([H])C2([H])C([H])=C([H])C1([H])/C([H])=C(/[H])[C@]1([H])O[C@]21[H],0,2 5 5 4 17 0,7,17.492743473444108,5.673307718609843,16.69794308149548,15.464943688585018,6.468108110558468,21.933051799143485,0.003957350400547,0.0033790739811479,0.0009485246402055,0.0033790739811479,-36.75332967171886,0.00723072646983,0.007822417882124,0.0068678191723027,-38.10542479122888,-35.883041715543534,
88,Nc1nncnn1,13304,Nc1nc2c([nH]1)NON2,17291,[H]N([H])C1=NC23N([H])ON([H])C2(N1[H])C1([H])N=NC3(N([H])[H])N=N1,1,1 4 3 4 10 1,4,19.524243066918498,11.213851357007776,25.10844925155606,16.087204204033178,5.629645172370214,21.716849376403392,0.0386242843595091,0.0226797652649388,0.0187642632667648,0.0226797652649388,-6.426833751779107,0.0320054323668931,0.0313547072532129,0.0267915103306037,-8.014983697820746,-7.000991730152766,
503,Cc1ncc(=O)[nH]c1C,16304,Nc1nc2c([nH]1)NON2,17291,[H]N([H])C1=NC23N([H])ON([H])C2(N1[H])C1([H])N=C(C([H])([H])[H])C3(C([H])([H])[H])N([H])C1=O,1,7 3 3 4 17 1,4,17.142061888876473,11.880415895868223,24.027434462506665,16.65277348004688,4.995043322238033,21.64781680228491,0.0243807715148715,0.0264171174860039,0.0264218537555519,0.0264171174860039,-15.303316507036392,0.0279552458078112,0.0535227598084248,0.0242052942647499,-16.18031140295941,-14.250352030908374,
690,O[C@@H]1C(F)=CC=C[C@@H]1O,18097,Nc1nc2c([nH]1)NON2,17291,[H]O[C@@]1([H])C2([H])C([H])=C([H])C(F)(C34N=C(N([H])[H])N([H])C32N([H])ON4[H])[C@@]1([H])O[H],1,2 6 3 4 16 1,4,17.113310926614265,7.851861696745392,18.72716390986809,15.00495795002312,6.238008713491567,21.24296666351469,0.0636547575466018,0.0666136145569588,0.0132500609276321,0.0666136145569588,-31.15262579389253,0.0651811665007904,0.1284440141350468,0.0269226685052228,-32.02814098626712,-30.414415958247808,
718,Nc1nc2c([nH]1)NON2,17291,Nc1nc2c([nH]1)NON2,17291,[H]N([H])C1=NC23N([H])ON([H])C2(N1[H])C12C(=NC3(N([H])[H])N1[H])N([H])ON2[H],1,1 4 3 4 14 1,4,16.96220039553455,8.828080187429887,22.00200186244794,15.901883964423549,3.788278720516496,19.69016268494004,,,,,,,,,,-18.993593220322985,7548.0
609,Nc1nc2c([nH]1)NON2,17291,Nc1nc2c([nH]1)NON2,17291,[H]N([H])C1=NC23N([H])ON([H])C2(N1[H])C12C(=NC3(N([H])[H])N1[H])N([H])ON2[H],1,1 4 3 4 14 1,4,16.96220039553455,8.828080187429887,22.00200186244794,15.901883964423549,3.788278720516496,19.69016268494004,0.1086726297128846,0.0434718632686472,0.017787975484758,0.0434718632686472,-19.65469710635664,0.1220178132472666,0.0619234809880381,0.0213464047482106,-20.39370527331976,-18.993593220322985,
168,C=C(C)c1c[nH]ccc1=N,13868,Nc1nc2c([nH]1)NON2,17291,[H]N=C1C([H])=C([H])N([H])C2([H])C1=C(C([H])([H])[H])C([H])([H])C13N=C(N([H])[H])N([H])C21N([H])ON3[H],1,0 4 3 4 20 1,4,16.84965604600206,9.598930295636638,21.785407951967606,16.182598675486457,4.663178389671092,20.84577706515755,0.0288346999351937,0.0304550748164443,0.0330848728251235,0.0304550748164443,-26.420804263378106,0.0432185772290112,0.0232118481066705,0.1987494801579551,-26.71989628553369,-24.94385701382032,
152,C1=C[C@@H]2O[C@@H]2C=C/C=C/1,13782,Nc1nc2occ(O)c2o1,17301,[H]OC1=C([H])OC23N=C(N([H])[H])OC12C1([H])C([H])=C([H])C3([H])/C([H])=C(/[H])[C@]2([H])O[C@]12[H],0,2 5 8 3 17 0,9,16.83521341705748,7.582258624751767,18.393059247543587,15.28945927444578,6.024412794265661,21.31387206871144,0.0025296549335607,0.0086429734186897,0.0147950389633546,0.0086429734186897,-42.78181673084865,0.0095045801676192,0.0136033115100045,0.0196458048286495,-42.94621303470399,-42.42397890790862,
570,NC1=C(O)C(O)=C(CO)C1,16890,Nc1nc2occ(O)c2o1,17301,[H]OC1=C([H])OC23N=C(N([H])[H])OC12C1(N([H])[H])C(O[H])=C(O[H])C3(C([H])([H])O[H])C1([H])[H],1,1 6 8 3 19 1,8,16.553337032653474,11.769464658813671,23.628725608871505,16.482153855729372,4.69407608259564,21.17622993832501,0.0906037066066699,0.0242698845405732,0.0940264841193712,0.0242698845405732,-14.27418377528592,0.065648440040615,0.0689920134104835,0.0393974979763384,-13.18313370919951,-12.081810891763809,
365,CCn1cc(N)ccc1=O,15065,O=c1[nH]c2c([nH]1)NON2,17935,[H]C1=C(N([H])[H])C2([H])N(C([H])([H])C([H])([H])[H])C(=O)C1([H])C13N([H])ON([H])C21N([H])C(=O)N3[H],1,3 7 3 4 20 1,4,16.755880167516274,9.597634043747874,19.74493077264447,14.950705941655798,6.608583438619679,21.55928938027548,0.0168730559077439,0.0112267882249585,0.0434978562195354,0.0112267882249585,-22.945269113639483,0.0168364523322634,0.0345008647826585,0.0034349676753523,-22.695882103915444,-23.57939906322069,
334,CCCc1nc(OC)c[nH]1,14737,O=c1[nH]c2c([nH]1)NON2,17935,[H]N1C2([H])C(OC([H])([H])[H])=NC1(C([H])([H])C([H])([H])C([H])([H])[H])C13N([H])ON([H])C21N([H])C(=O)N3[H],0,3 8 3 4 22 0,5,16.48601043974881,10.945727058143085,22.02385071960349,16.18689122471975,5.4078867782884,21.59477800300815,0.0095903985775202,0.0237322839597726,0.0672167967269978,0.0237322839597726,-12.173478901673938,0.0291593676410341,0.0098872256507863,0.0124968041099702,-9.438483459092524,-9.924930366897676,
571,NC1=C2NC=CN2CC=C1,16891,O=c1[nH]c2c([nH]1)NON2,17935,[H]C1=C([H])N2C([H])([H])C3([H])C([H])=C(N([H])[H])C2(N1[H])C12N([H])ON([H])C31N([H])C(=O)N2[H],0,8 2 3 4 19 0,5,16.18610685816396,10.312565687538822,20.77423909558784,16.13044265563753,5.72443345011494,21.85487610575247,0.0337983357133608,0.0167246491541671,0.0080380121760217,0.0167246491541671,-28.5296779625833,0.0790299827064358,0.0063266157760251,0.001128849969584,-23.857868439218308,-24.70853881656459,
387,CNc1nc[nH]c(=O)c1N,15347,O=c1[nH]c2c([nH]1)NON2,17935,[H]N(C1=NC2([H])N([H])C(=O)C1(N([H])[H])C13N([H])ON([H])C21N([H])C(=O)N3[H])C([H])([H])[H],1,8 4 3 4 18 1,4,15.731625641258006,9.595791665578954,19.84314374589584,15.56761292587409,5.484273560941126,21.051886486815217,0.0066770214040272,0.0167642594349176,0.0513542643339317,0.0167642594349176,-20.873360612825813,0.0109854516959036,0.0115989428574776,0.0017051692576352,-19.26500126708374,-21.505199786687328,
545,N#CCC1=CC=CO[C@@H]1O,16618,O=c1[nH]c2c([nH]1)NON2,17935,[H]O[C@@]1([H])OC2([H])C([H])=C([H])C1(C([H])([H])C#N)C13N([H])ON([H])C21N([H])C(=O)N3[H],1,3 6 3 4 17 1,4,15.651455336023378,8.421137082668336,17.549919286781137,15.407628493919884,6.522673131910576,21.93030162583046,0.0304278842161791,0.0347857404935065,0.0130118144789922,0.0347857404935065,-34.33786110134706,0.0209520308906513,0.0568785478975551,0.0034668384597473,-29.61269746833218,-29.75308768203161,
609,Nc1nc2c([nH]1)NON2,17291,O=c1[nH]c2c([nH]1)NON2,17935,[H]N1ON([H])C23C1=NC(N([H])[H])(N2[H])C12N([H])ON([H])C31N([H])C(=O)N2[H],1,1 4 3 4 14 1,4,15.631871787770402,8.708794040619978,20.71295128501592,15.384608233483323,3.6277145433744593,19.012322776857783,0.0421279453688223,0.0136034248156209,0.0148314176192699,0.0136034248156209,-24.18044879437486,0.0373501083245968,0.0125306307376628,0.0018485624793764,-20.877360441754725,-22.491593392353074,
503,Cc1ncc(=O)[nH]c1C,16304,O=c1[nH]c2c([nH]1)NON2,17935,[H]N1C(=O)C2([H])N=C(C([H])([H])[H])C1(C([H])([H])[H])C13N([H])ON([H])C21N([H])C(=O)N3[H],1,7 3 3 4 17 1,4,15.552823667382055,10.905073565143075,21.97946965943348,16.302854016266767,4.478427573091661,20.78128158935843,0.0117393689734837,0.00773259370734,0.0136063650058173,0.00773259370734,-19.89079976284293,0.0137942409006196,0.0150325575462998,0.0016157768312354,-17.193455861121485,-18.30521382835427,
21,C=C/C=C/OC,12116,O=c1c(O)c(O)c(=O)c1=O,17971,[H]OC1=C(O[H])C(=O)C2(OC([H])(OC([H])([H])[H])C([H])=C([H])C2([H])[H])C1=O,1,0 3 8 9 14 1,10,26.309243454307943,13.758884621151434,34.57943140206906,15.347433565190215,5.488696673390322,20.836130238580537,0.0774085510816923,0.0033638331526665,0.0313053359881681,0.0033638331526665,-5.692736621258092,0.0850483760549833,0.0415490725139643,0.1356495337927891,-5.9081048717268985,-2.0523483583639752,
501,Cc1nc2c(o1)CNC2,16295,O=c1c(O)c(O)c(=O)c1=O,17971,[H]OC1=C(O[H])C(=O)C2(OC3(C([H])([H])[H])N=C4C([H])([H])N([H])C([H])([H])C42O3)C1=O,1,1 4 9 8 17 1,12,25.1808990029002,14.725772450120576,34.51045375735795,16.20112207259143,5.39621769566282,21.59733976825425,0.1779301514974888,0.0333985677406036,0.0805872584772271,0.0333985677406036,17.87310661289125,0.1104618187462615,0.0614395189652752,0.2057173989020785,19.059425931903952,20.218262380392225,
515,Cc1oc(C)c(C)c1C,16381,O=c1c(O)c(O)c(=O)c1=O,17971,[H]OC1=C(O[H])C(=O)C2(OC3(C([H])([H])[H])OC2(C([H])([H])[H])C(C([H])([H])[H])=C3C([H])([H])[H])C1=O,1,3 1 8 9 21 1,6,24.722397263469915,16.327752175992003,35.589892333944924,15.87645211810611,5.460257105516995,21.336709223623103,0.0030196176142494,0.0007476023913153,0.0023134756439402,0.0007476023913153,17.624888995079374,0.0005676846119927,0.0066661524295142,0.0161172213377755,18.95090642089325,20.85261510629448,
77,NC1=CC=C(CO)C1,13148,O=c1c(O)c(O)c(=O)c1=O,17971,[H]OC1=C(O[H])C(=O)C2(OC3(C([H])([H])O[H])C([H])=C([H])C2(N([H])[H])C3([H])[H])C1=O,1,1 4 8 9 17 1,10,24.46051313620381,15.576348911199956,34.46402350414397,16.056398633626163,5.572838543259806,21.62923717688597,0.0146894263252402,0.0034638543494182,0.0073407962074988,0.0034638543494182,11.616391247175564,0.0167311686681671,0.0161135704848384,0.023826373659622,12.034835428376176,13.489698095742398,
614,Nc1ncn2c1CCCC2,17332,O=c1c(O)c(O)c(=O)c1=O,17971,[H]OC1=C(O[H])C(=O)C2(OC3([H])N=C(N([H])[H])C24N3C([H])([H])C([H])([H])C([H])([H])C4([H])[H])C1=O,1,5 3 8 9 21 1,10,24.169665763662422,14.312793276816668,33.20471707769501,16.38150466817758,5.277741962784084,21.659246630961665,0.0041496529896526,0.0008641362422418,0.000471928847762,0.0008641362422418,29.305650531166293,0.0011064978465419,0.00054578413076,0.0041911653592579,28.03274630206491,30.64612839703816,
1,CC1=C(C)C(C)=C(C)C1,3001,O=c1c(O)c(O)c(=O)c1=O,17971,[H]OC1=C(O[H])C(=O)C2(OC3(C([H])([H])[H])C(C([H])([H])[H])=C(C([H])([H])[H])C2(C([H])([H])[H])C3([H])[H])C1=O,1,1 6 8 9 23 1,6,24.04727059148593,16.02918126227097,34.92651635200349,15.78843974313763,5.149935501753404,20.938375244891034,0.0031069987141757,0.0014211631072758,0.0046703384673641,0.0014211631072758,6.405961792450341,0.0022090136560786,0.0270879455626199,0.0154833956350905,7.206869540135532,10.192481197254548,
79,NC1=CNCC=C1,13153,O=c1c(O)c(O)c(=O)c1=O,17971,[H]OC1=C(O[H])C(=O)C2(OC3([H])C(N([H])[H])=C([H])C2([H])C([H])([H])N3[H])C1=O,1,5 2 8 9 15 1,10,23.973995568276035,16.295140177935455,36.85957322623176,15.804904963825916,3.4095625199797297,19.21446748380565,0.0233899864738683,0.0026900418277623,0.023751299880885,0.0026900418277623,1.191670767321149,0.0541352159107759,0.020180943539077,0.0871187622879307,3.1355659243820284,2.616195253688588,
570,NC1=C(O)C(O)=C(CO)C1,16890,O=c1c(O)c(O)c(=O)c1=O,17971,[H]OC1=C(O[H])C(=O)C2(OC3(C([H])([H])O[H])C(O[H])=C(O[H])C2(N([H])[H])C3([H])[H])C1=O,1,1 6 8 9 19 1,10,23.743821829795817,16.451882640908543,35.43702918159666,16.351979871720637,4.7586752891077,21.110655160828337,0.0119718267952274,0.0019234383779898,0.0115951353605896,0.0019234383779898,10.154518094277908,0.0328531004490805,0.0181364571936365,0.0631084856102925,10.609022741256284,11.894814645660974,
85,Nc1ccco1,13251,O=c1c(O)c(O)c(=O)c1=O,17971,[H]OC1=C(O[H])C(=O)C2(OC3([H])OC2(N([H])[H])C([H])=C3[H])C1=O,1,1 4 8 9 11 1,10,23.715536929123097,15.184554820722296,32.918869103753266,15.924332984824776,5.981222646092128,21.905555630916904,0.0115230851674038,0.0009924347299889,0.0011958635142106,0.0009924347299889,23.79107897425852,0.0103630848791711,0.0071988008657027,0.0098698366707468,22.83639672664709,24.664397505795808,
567,NC1(c2ccoc2)CC1,16880,O=c1c(O)c(O)c(=O)c1=O,17971,[H]OC1=C(O[H])C(=O)C2(OC3([H])OC2([H])C(C2(N([H])[H])C([H])([H])C2([H])[H])=C3[H])C1=O,1,6 4 8 9 18 1,10,23.64332155831013,14.947536394712234,33.45350284296957,15.715525452355926,5.137355110052795,20.85288056240872,0.0187608331843553,0.0006982838850949,0.0120137625806565,0.0006982838850949,21.59821222799703,0.0355756891258277,0.0250393129000407,0.0321183451167418,22.330810192571725,24.0482281945681,
486,Cc1coc(C)c1CN,16221,O=c1c(O)c(O)c(=O)c1=O,17971,[H]OC1=C(O[H])C(=O)C2(OC3([H])OC2(C([H])([H])[H])C(C([H])([H])N([H])[H])=C3C([H])([H])[H])C1=O,1,4 2 8 9 20 1,10,23.63417243530469,16.82167244574166,35.35953652264081,16.21707586278277,5.096308358405544,21.313384221188315,0.0118759607459887,0.0008314062601627,0.0223392446174127,0.0008314062601627,21.361309628397706,0.0095791934889015,0.0057665795010424,0.0609064755740054,22.12636642550406,23.699871072924694,
487,Cc1coc(C)c1[C@H](C)O,16222,O=c1c(O)c(O)c(=O)c1=O,17971,[H]OC1=C(O[H])C(=O)C2(OC3([H])OC2(C([H])([H])[H])C([C@@]([H])(O[H])C([H])([H])[H])=C3C([H])([H])[H])C1=O,1,4 2 8 9 22 1,10,23.60994852484337,16.458196310431624,35.50601961809831,16.282398291232038,4.562125217176693,20.84452350840873,0.0127846861616829,0.0009407742310819,0.0266184115177948,0.0009407742310819,19.25545805473088,0.0078663261652073,0.0061266175185651,0.0389714473717179,20.12919605078872,22.20072543487906,
105,Oc1ccoc1O,13526,O=c1c(O)c(O)c(=O)c1=O,17971,[H]OC1=C(O[H])C(=O)C2(OC3([H])OC2(O[H])C(O[H])=C3[H])C1=O,1,5 3 8 9 11 1,10,22.89303435386596,14.849585146410767,33.14464666237913,16.04224325375139,4.5979728378975935,20.640216091648984,0.0176035791208638,0.000795533465269,0.0168327815202155,0.000795533465269,16.501994513716,0.0484356878125693,0.0386271956490875,0.0842419678548474,16.25614671786395,17.412155303731485,
488,Cc1cocc1CCCO,16225,O=c1c(O)c(O)c(=O)c1=O,17971,[H]OC1=C(O[H])C(=O)C2(OC3([H])OC2([H])C(C([H])([H])C([H])([H])C([H])([H])O[H])=C3C([H])([H])[H])C1=O,1,4 2 8 9 22 1,10,22.84531856948309,15.5491182684842,33.69510763347202,16.466222356097735,4.699329204495278,21.165551560593013,0.041610515995392,0.000185709747817,0.0131789035982661,0.000185709747817,20.65632022799091,0.0609611509453223,0.0032952011002419,0.0276544541489271,21.6974104337158,23.47973931445561,
152,C1=C[C@@H]2O[C@@H]2C=C/C=C/1,13782,O=c1c(O)c(O)c(=O)c1=O,17971,[H]OC1=C(O[H])C(=O)C2(OC3([H])C([H])=C([H])C2([H])[C@@]2([H])O[C@@]2([H])/C([H])=C\3[H])C1=O,1,2 5 8 9 17 1,10,22.80233250713077,9.590407640028584,27.179192176877343,15.809650323958364,5.213547970282015,21.02319829424038,0.0037794270862638,0.0009904021392516,0.0050974697209102,0.0009904021392516,-17.96930517887087,0.0278611930542982,0.0087668924238837,0.0257949095058251,-18.47722409244915,-15.268738953162512,
52,COc1ccoc1,12645,O=c1c(O)c(O)c(=O)c1=O,17971,[H]OC1=C(O[H])C(=O)C2(OC3([H])OC2([H])C(OC([H])([H])[H])=C3[H])C1=O,1,6 4 8 9 13 1,10,22.503601090824485,14.389172907203465,30.22399545148963,15.250755364736907,6.66877854653832,21.919533911275227,0.0317699704910368,0.0001956853452588,0.0032956497560475,0.0001956853452588,21.78944830999952,0.0445523253269766,0.0026293096640671,0.0093794451861919,22.4883947876044,24.0018152134288,
79,NC1=CNCC=C1,13153,O=c1ccc(=O)n(CO)[nH]1,17988,[H]OC([H])([H])N1C(=O)C2([H])C3([H])C(N([H])[H])=C([H])C([H])(C([H])([H])N3[H])C2([H])C(=O)N1[H],0,5 2 2 3 15 0,5,22.015470568646823,13.578903035682888,29.436982829073106,15.788605823017484,6.157390775256612,21.945996598274096,0.0010444180306991,0.0142701055090036,0.0008317621347771,0.0142701055090036,-7.856680910793067,0.0063717252549656,0.0238177636507982,0.0213236897689995,-6.643736524806954,-5.364333737227703,
4,c1nncnn1,5944,OC1=C(O)c2ccccc21,18015,[H]OC12c3c([H])c([H])c([H])c([H])c3C1(O[H])C1([H])N=NC2([H])N=N1,1,0 3 1 2 8 1,0,16.164788221677952,10.555840707712788,21.188907547285616,15.198247521597734,5.531721382105125,20.72996890370286,0.0049870981264654,0.0048246903383857,0.0077051855202088,0.0048246903383857,-22.57434993930381,0.0152335817373231,0.0083023634155159,0.0135384095119105,-23.08146316781938,-21.654877216044103,
111,c1nc2c([nH]1)NON2,13569,OC1=C(O)c2ccccc21,18015,[H]OC12c3c([H])c([H])c([H])c([H])c3C1(O[H])C13C(=NC2([H])N1[H])N([H])ON3[H],1,0 3 1 2 12 1,0,16.00845041093303,11.124389328325822,21.610627673692377,16.044264922402913,5.522212065566475,21.566476987969388,0.0233069413815686,0.00561034552299,0.0259861007099814,0.00561034552299,-21.11536149332806,0.0192102526690087,0.0144052998644099,0.1125682861934826,-23.874839994905507,-20.988082922279027,
609,Nc1nc2c([nH]1)NON2,17291,OC1=C(O)c2ccccc21,18015,[H]OC12c3c([H])c([H])c([H])c([H])c3C1(O[H])C13C(=NC2(N([H])[H])N1[H])N([H])ON3[H],1,1 4 1 2 14 1,0,16.004084864569535,10.77048041904122,23.26493002223184,15.859789130159108,3.509635261378918,19.369424391538026,0.045628176402829,0.0054643514994593,0.0139830266075998,0.0054643514994593,-24.560847587238,0.0436588558746852,0.0085247336798893,0.0243112208324077,-26.91429803445199,-24.114053201246502,
501,Cc1nc2c(o1)CNC2,16295,OC1=C(O)c2ccccc21,18015,[H]OC12c3c([H])c([H])c([H])c([H])c3C1(O[H])C13OC2(C([H])([H])[H])N=C1C([H])([H])N([H])C3([H])[H],1,1 4 1 2 17 1,0,15.170330024400451,11.300244523471653,20.955885709799222,15.999928578053291,5.514688838072882,21.51461741612617,0.0262545253517468,0.0186989666708098,0.0255820275401225,0.0186989666708098,-18.51208732812032,0.0878494020366679,0.0193340722425865,0.0456637056557654,-21.24011718052105,-18.903987882180186,
77,NC1=CC=C(CO)C1,13148,OC1=C(O)c2ccccc21,18015,[H]OC([H])([H])C12C([H])=C([H])C(N([H])[H])(C1([H])[H])C1(O[H])c3c([H])c([H])c([H])c([H])c3C12O[H],1,1 4 1 2 17 1,0,14.842866681471278,11.900027155093126,21.29047605253863,16.204826518888147,5.452417784025776,21.657244302913924,0.032202940717798,0.0100256726798149,0.0247175768300215,0.0100256726798149,-26.454143620205546,0.0765839603227017,0.0358724550955385,0.0210111042887456,-29.1761996625644,-25.56023461395442,
570,NC1=C(O)C(O)=C(CO)C1,16890,OC1=C(O)c2ccccc21,18015,[H]OC1=C(O[H])C2(C([H])([H])O[H])C([H])([H])C1(N([H])[H])C1(O[H])c3c([H])c([H])c([H])c([H])c3C12O[H],1,1 6 1 2 19 1,0,14.194917317484077,12.393588105735402,23.41295069220272,16.478371663588902,3.175554731016764,19.653926394605666,0.0483936325131125,0.0066042725461976,0.0487179755601776,0.0066042725461976,-27.232817592533863,0.1188162312769031,0.0339175658416277,0.0262455209849941,-29.14397048304589,-27.486932239668626,
79,NC1=CNCC=C1,13153,OC1=C(O)c2ccccc21,18015,[H]OC12c3c([H])c([H])c([H])c([H])c3C1(O[H])C1([H])C([H])=C(N([H])[H])C2([H])N([H])C1([H])[H],0,5 2 1 2 15 0,1,13.608148911506936,12.032428332731817,19.72228760215492,15.405967729449069,5.918289642083828,21.32425737153289,0.041627682297737,0.0245507338018196,0.0332045232865616,0.0245507338018196,-36.57475814375512,0.0629919231482449,0.0439081729426555,0.10489868996916,-37.19063938756456,-36.32014299042693,
105,Oc1ccoc1O,13526,OC1=C(O)c2ccccc21,18015,[H]OC1=C([H])C2([H])OC1(O[H])C1(O[H])c3c([H])c([H])c([H])c([H])c3C21O[H],1,5 3 1 2 11 1,0,13.162962803707863,10.674241231916971,19.804672198049715,15.635380992378067,4.032531837575121,19.66791282995319,0.0370128498191728,0.0172038639768186,0.0349157836771978,0.0172038639768186,-24.01307149210404,0.1282437922803397,0.0107413572410937,0.0513721916036064,-26.287454611006048,-23.30871323072561,
557,N#Cc1nccnc1O,16723,OCC1=Cc2ccccc21,18025,[H]OC1=NC2([H])C([H])=NC1(C#N)C1([H])c3c([H])c([H])c([H])c([H])c3C21C([H])([H])O[H],1,2 5 3 2 12 1,2,18.59013974984287,12.210995317365432,24.927202918781127,15.526720271446584,5.873932148427173,21.40065241987376,0.0360897188272184,0.0138001507416921,0.0234346807649978,0.0138001507416921,-5.397327343471872,0.0796543989375457,0.0267446147310511,0.1314251289876949,-7.875079858390606,-8.723686130322783,
497,Cc1nc(CN)c(C)o1,16272,OCC1=Cc2ccccc21,18025,[H]OC([H])([H])C12c3c([H])c([H])c([H])c([H])c3C1([H])C1(C([H])([H])[H])OC2(C([H])([H])[H])N=C1C([H])([H])N([H])[H],1,1 6 2 3 19 1,0,18.212389017868617,10.109255614962912,23.26152574459295,15.842612821222277,5.060118888238577,20.90273170946085,0.0112008027008656,0.0091540454701384,0.0783616463016459,0.0091540454701384,-10.769845967435003,0.086124857957207,0.0350803731242673,0.1371552877404071,-8.851261008182647,-12.828111574003472,
686,OCc1cnc(C2CC2)o1,18073,OCC1=Cc2ccccc21,18025,[H]OC([H])([H])C12OC(C3([H])C([H])([H])C3([H])[H])(N=C1[H])C1([H])c3c([H])c([H])c([H])c([H])c3C21C([H])([H])O[H],1,2 5 2 3 19 1,0,18.148690067345413,10.852649699134464,22.65051254396509,15.647783316800805,6.350827222514791,21.9986105393156,0.0037867585432742,0.0021240415184347,0.0613580970590321,0.0021240415184347,-8.51290394110709,0.0253696397957939,0.0069540213449582,0.0985728926939296,-7.570825165363658,-10.295054998985693,
450,Cc1cc(CO)c(C)o1,15950,OCC1=Cc2ccccc21,18025,[H]OC([H])([H])C1=C([H])C2(C([H])([H])[H])OC1(C([H])([H])[H])C1([H])c3c([H])c([H])c([H])c([H])c3C21C([H])([H])O[H],1,1 6 2 3 19 1,0,18.09988547994888,10.847083744281209,23.46209731262229,15.82400811190377,5.484871911607783,21.30888002351156,0.0190515749347168,0.0145092531137182,0.0876141660175274,0.0145092531137182,-10.257916004229145,0.0800878096751701,0.0192373999694256,0.2062054027100825,-8.699071348375291,-12.656847279962127,
684,OCCc1nccnn1,18043,OCC1=Cc2ccccc21,18025,[H]OC([H])([H])C([H])([H])C12N=NC([H])(C([H])=N1)C1(C([H])([H])O[H])c3c([H])c([H])c([H])c([H])c3C21[H],1,3 6 3 2 16 1,2,17.8844902075901,11.68242342832312,24.273279275694147,16.01333664514524,5.293634360219073,21.30697100536432,0.1377921445531188,0.0102025516006396,0.0123537205118571,0.0102025516006396,-9.79046123627549,0.2640035138289516,0.0153058316652081,0.1106836413540312,-10.34559647307436,-9.560743768507052,
88,Nc1nncnn1,13304,OCC1=Cc2ccccc21,18025,[H]OC([H])([H])C12c3c([H])c([H])c([H])c([H])c3C1([H])C1([H])N=NC2(N([H])[H])N=N1,1,1 4 2 3 10 1,0,17.826130171315175,9.77370967599861,23.23561295190296,16.035441496925618,4.364226895410827,20.399668392336444,0.0307927096018435,0.0271959656477978,0.0423517906378262,0.0271959656477978,-9.509119756863235,0.0515894382795478,0.0217847776985835,0.0461730714039072,-9.55262785651118,-11.779578276974014,
615,Nc1nnc2cnccn12,17355,OCC1=Cc2ccccc21,18025,[H]OC([H])([H])C12c3c([H])c([H])c([H])c([H])c3C1([H])C1([H])N=C([H])C2([H])n2c(N([H])[H])nnc21,1,5 8 3 2 15 1,6,17.69976930704804,11.444236545332934,23.07866310949782,15.168147519515788,6.0653427428831534,21.23349026239894,0.0337984311191053,0.0395208480101581,0.0161950648370277,0.0395208480101581,-14.034832822763695,0.1566317446697166,0.0664715719473475,0.1776225106695124,-15.485021400980727,-17.150196662772856,
709,c1cn2ncnc2cn1,18314,OCC1=Cc2ccccc21,18025,[H]OC([H])([H])C12c3c([H])c([H])c([H])c([H])c3C1([H])C1([H])N=C([H])C2([H])n2nc([H])nc21,1,7 1 3 2 13 1,6,17.548895974688072,11.5351032907333,22.22048645730605,15.061089695918032,6.863512808115317,21.92460250403335,0.0508065066746695,0.0157364383344062,0.0272869201983099,0.0157364383344062,-8.64118331224848,0.1639274707255152,0.0181255773455844,0.1517247875275685,-9.619144173617904,-13.48910941229724,
557,N#Cc1nccnc1O,16723,O[C@@H]1CC/C=C/CCC1,18100,[H]OC1=NC2([H])C([H])=NC1(C#N)C1([H])C([H])([H])C([H])([H])[C@@]([H])(O[H])C([H])([H])C([H])([H])C([H])([H])C21[H],0,2 5 6 5 12 0,1,22.02617563233047,6.393479160548443,21.97806906690805,15.241725099608662,6.441585725970864,21.683310825579525,0.0150599294936687,0.0277424402023189,0.0354706536921717,0.0277424402023189,-1.867800836466671,0.0465929412095203,0.0859619798212282,0.0238469100948987,-0.3240991239748751,-0.8935110817386125,
538,Fc1nc(F)c(F)nc1F,16585,O[C@@H]1CC/C=C/CCC1,18100,[H]O[C@@]1([H])C([H])([H])C([H])([H])C([H])([H])C2([H])C3(F)N=C(F)C(F)(N=C3F)C2([H])C([H])([H])C1([H])[H],1,3 8 5 6 10 1,6,21.254547148838,5.078519674187861,19.896620697241023,15.360465092720135,6.436446125784837,21.79691121850497,0.0493621380226743,0.0134424655415264,0.0104205946301937,0.0134424655415264,-8.58931669309841,0.0101613925063269,0.0034447068065769,0.0025943324673495,-6.529776768223144,-7.112341678891571,
684,OCCc1nccnn1,18043,O[C@@H]1CC/C=C/CCC1,18100,[H]OC([H])([H])C([H])([H])C12N=NC([H])(C([H])=N1)C1([H])C([H])([H])C([H])([H])C([H])([H])[C@]([H])(O[H])C([H])([H])C([H])([H])C21[H],0,3 6 6 5 16 0,1,20.60382556189365,5.485300126551028,20.56915366640868,15.781056533172682,5.519972022036001,21.30102855520868,0.0681039682375133,0.1139657805256618,0.0177937981864672,0.1139657805256618,-4.963224420710212,0.1364861703107922,0.0413029286011359,0.0318862945288712,-4.363133639388508,-2.2289536122965785,
53,COc1cnc(C)o1,12646,O[C@@H]1CC/C=C/CCC1,18100,[H]O[C@@]1([H])C([H])([H])C([H])([H])C([H])([H])C2([H])C3(C([H])([H])[H])N=C([H])C(OC([H])([H])[H])(O3)C2([H])C([H])([H])C1([H])[H],0,2 5 6 5 15 0,1,20.53546494438255,2.785044974450358,16.75085255622205,15.17820020790528,6.569657362610858,21.74785757051614,0.1743302988118778,0.2218300465892246,0.0836963711816507,0.2218300465892246,-9.433483743417604,0.2919971372102461,0.131048543792634,0.0493911191363059,-9.810057858663969,-4.211686565870817,
680,O=c1[nH]cnc2ccoc12,17955,O[C@@H]1CC/C=C/CCC1,18100,[H]O[C@@]1([H])C([H])([H])C([H])([H])C([H])([H])C2([H])C3([H])N=C4C([H])=C([H])OC4(C(=O)N3[H])C2([H])C([H])([H])C1([H])[H],1,3 9 5 6 14 1,2,20.3690186063967,5.521521389518931,19.56273937437544,15.207594084058488,6.327800621540199,21.535394705598684,0.0564613610154123,0.1384861344191772,0.1366775399757311,0.1384861344191772,-7.126430338868147,0.0897492420845705,0.1107532243629896,0.0422021158043317,-6.908636950453094,-7.628922117461332,
450,Cc1cc(CO)c(C)o1,15950,O[C@@H]1CC/C=C/CCC1,18100,[H]OC([H])([H])C1=C([H])C2(C([H])([H])[H])OC1(C([H])([H])[H])C1([H])C([H])([H])C([H])([H])C([H])([H])[C@]([H])(O[H])C([H])([H])C([H])([H])C21[H],0,1 6 6 5 19 0,1,20.30279432366799,4.157570686378909,17.726063842579027,15.25186836487282,6.734301167467873,21.986169532340693,0.1328762748460582,0.0446661262190857,0.0445098716500905,0.0446661262190857,-5.274968961075572,0.5149666039431248,0.0719573332623276,0.0517827244110554,-4.610358261916012,-4.874206954476762,
497,Cc1nc(CN)c(C)o1,16272,O[C@@H]1CC/C=C/CCC1,18100,[H]O[C@@]1([H])C([H])([H])C([H])([H])C([H])([H])C2([H])C3(C([H])([H])[H])OC(C([H])([H])[H])(N=C3C([H])([H])N([H])[H])C2([H])C([H])([H])C1([H])[H],0,1 6 6 5 19 0,1,20.20365723926214,3.915610114670436,17.87565839277653,15.22232535999742,6.2436089611560455,21.465934321153465,0.0790083876749737,0.1487250208455599,0.0619078662521631,0.1487250208455599,-5.1780769751478815,0.6067879939116095,0.1571028368185829,0.0283329177902186,-5.250478929628116,-5.09387972642131,
333,CCCc1nc(C#N)co1,14735,O[C@@H]1CC/C=C/CCC1,18100,[H]O[C@@]1([H])C([H])([H])C([H])([H])C([H])([H])C2([H])C3([H])OC(C([H])([H])C([H])([H])C([H])([H])[H])(N=C3C#N)C2([H])C([H])([H])C1([H])[H],0,3 8 6 5 18 0,1,20.00395155448839,5.460952748419105,19.318814917389133,15.206348061399328,6.146089385518359,21.352437446917687,0.0209340532429518,0.0952462191306356,0.0236483122691808,0.0952462191306356,-4.345843439295656,0.0892332426774476,0.0608065004167002,0.0316100806926477,-3.4370973529239706,-2.4864163550903946,
602,Nc1cn(C(F)F)cn1,17222,O[C@@H]1CC/C=C/CCC1,18100,[H]O[C@@]1([H])C([H])([H])C([H])([H])C([H])([H])C2([H])C3([H])N=C(N([H])[H])C([H])(N3C([H])(F)F)C2([H])C([H])([H])C1([H])[H],0,7 2 5 6 14 0,3,19.82295740477342,3.9303029871479183,17.174644059127203,15.377223297462304,6.578616332794134,21.955839630256435,0.0052394080641435,0.0155298266942028,0.0001598021234121,0.0155298266942028,-7.545255546317499,0.0287514764501066,0.061667010881792,0.0009688074343383,-7.64185229194026,-4.563492481337562,
678,O=c1[nH]cnc2c1CCN2,17953,O[C@@H]1CC/C=C/CCC1,18100,[H]O[C@@]1([H])C([H])([H])C([H])([H])C([H])([H])C2([H])C3([H])N=C4N([H])C([H])([H])C([H])([H])C4(C(=O)N3[H])C2([H])C([H])([H])C1([H])[H],1,3 6 5 6 17 1,2,19.822187699522644,5.981042273787951,19.29553319647411,15.399436631122386,6.507696776836482,21.907133407958867,0.1497658753681819,0.1710113265632327,0.1162242153752951,0.1710113265632327,-14.389513286424048,0.3702984215698651,0.0808414183685378,0.2115334869469622,-12.950043101077696,-14.072381752213545,
4,c1nncnn1,5944,O[C@@]12C=C[C@H](CCCC1)O2,18115,[H]O[C@]12O[C@@]([H])(C([H])([H])C([H])([H])C([H])([H])C1([H])[H])C1([H])C3([H])N=NC([H])(N=N3)C12[H],0,0 3 2 3 8 0,1,17.46876641103237,9.504277002422832,20.196013654908366,15.122649946201657,6.777029758546835,21.899679704748493,0.0126374426482807,0.0072886344893921,0.0107916067836475,0.0072886344893921,-11.939847342332293,0.0046725693904965,0.0038840245375172,0.0200163211106125,-11.096130252613657,-8.231046008502787,
