Index,Smiles,In Reaxys,Preparations,energy-chemical_price/g
5944,c1nncnn1,TRUE,TRUE,3533
11875,c1cnncn1,TRUE,TRUE,76800
11985,C/C(=C\N=O)NO,TRUE,FALSE,
12046,C1=CCNC1,TRUE,TRUE,55
12052,C1=CNCC1,TRUE,TRUE,FALSE
12063,C1=C[C@H]2NC[C@@H]2C1,FALSE,,
12113,C=C/C=C/CC(=O)O,TRUE,TRUE,FALSE
12160,C=CC(=N)N,FALSE,,
12186,C=CC1OCCO1,TRUE,TRUE,1473/5ml
12319,CC(C)=C1C=CC=C1,TRUE,TRUE,159
12827,Cc1coc(C=O)n1,TRUE,TRUE,9794
12881,Cc1nnc(C)nn1,TRUE,TRUE,555
13033,N#CC(=N)C(=N)C#N,TRUE,TRUE,unknown
13129,NC(=O)[C@@H]1C=CCN1,FALSE,,
13337,O=C(O)/N=N/C(=O)O,TRUE,TRUE,4800
13341,O=C(O)C1=CCC=C1,TRUE,TRUE,FALSE
13347,O=C(O)C1C=CC=C1,TRUE,TRUE,FALSE
13458,O=c1occcc1O,TRUE,TRUE,927
13471,OCC1=NN=CC1,TRUE,FALSE,
13744,C/N=C(\C#N)C(=O)C(=O)O,TRUE,FALSE,
13755,C1=CC2=C(C1)[C@@H]1C=C[C@H]2C1,TRUE,TRUE,FALSE
13773,C1=CN2CCNC[C@H]2N1,TRUE,FALSE,
13779,C1=C[C@@H]2CC[C@H]3C=CC1C23,FALSE,,
13782,C1=C[C@@H]2O[C@@H]2C=C/C=C/1,FALSE,,
13790,C1=C[C@H]2C[C@@H]1[C@H]1CNC[C@H]12,TRUE,TRUE,unknown
13793,C1=C[C@H]2O[C@@H]2CCC1,FALSE,,
13948,C=CC(=O)C=C,TRUE,TRUE,FALSE
13950,C=CC(=O)COC(C)=O,TRUE,TRUE,FALSE
13970,C=CC(=O)[C@@H](C)C(=O)OC,FALSE,,
13989,C=CCC#CCCCC,TRUE,TRUE,FALSE
14015,C=CCN1CCC=C1CN,FALSE,,
14046,C=CC[C@@H]1COCCO1,FALSE,,
14232,CC(=O)c1c[nH]c(=O)cn1,FALSE,,
14246,CC(=O)c1ccnnc1,TRUE,TRUE,2575
14649,CCC=C(C(=O)O)C(=O)O,TRUE,FALSE,
14653,CCCC(=O)C1=CC=CC1,TRUE,FALSE,
15010,CCc1cnc(CC)cn1,TRUE,TRUE,unknown
15372,COC(=O)/C=C/C=C=O,TRUE,FALSE,
15426,COC(=O)c1cocc1C,TRUE,TRUE,FALSE
15683,C[C@@H]1C=C[C@H]2C[C@@H](O)[C@H]12,FALSE,,
16220,Cc1coc(C)c1C(=O)O,TRUE,TRUE,1918
16254,Cc1nc(C)c(=O)[nH]c1C,TRUE,TRUE,2997
16292,Cc1nc2c([nH]1)CNC2,TRUE,TRUE,unknown
16304,Cc1ncc(=O)[nH]c1C,TRUE,TRUE,256
16585,Fc1nc(F)c(F)nc1F,TRUE,TRUE,unknown
16658,N#C[C@H]1C=CC=NC1=O,FALSE,,
16891,NC1=C2NC=CN2CC=C1,FALSE,,
16901,NC1=NON/C1=C(\N)N=O,FALSE,,
17006,NCc1ncoc1C(F)F,TRUE,TRUE,FALSE
17093,N[C@H]1N=CN=C2N=NC=C21,FALSE,,
17441,O=C(O)C(=O)c1ccoc1,TRUE,TRUE,unknown
17498,O=C(O)c1cc(=O)[nH]cn1,TRUE,TRUE,16
17502,O=C(O)c1ccc(=O)oc1,TRUE,TRUE,20
17512,O=C(O)c1coc(F)n1,FALSE,,
17514,O=C(O)c1ncc[nH]c1=O,TRUE,TRUE,20
17555,O=C1CC(CO)=NC=C1O,FALSE,,
17558,O=C1CC2=C(CC=C2)O1,FALSE,,
17617,O=C1CC[C@H]2C=CC=C12,TRUE,FALSE,
17666,O=C1C[C@@H]2C=C[C@@H]2N1,TRUE,TRUE,FALSE
17859,O=Cc1cc(=O)[nH]cc1F,FALSE,,
17906,O=Cc1nc2c(o1)CCC2,FALSE,,
17916,O=NC(=O)C1=CNC=CN1,FALSE,,
17918,O=NC1=C(NO)CCCC1,FALSE,,
17930,O=Nc1c[nH]c(=O)[nH]c1=O,FALSE,,
17932,O=Nc1cccnc1N=O,FALSE,,
17933,O=c1[nH]c(O)nnc1F,TRUE,TRUE,unknown
18025,OCC1=Cc2ccccc21,TRUE,FALSE,
18097,O[C@@H]1C(F)=CC=C[C@@H]1O,TRUE,TRUE,FALSE
18100,O[C@@H]1CC/C=C/CCC1,TRUE,TRUE,6000
18115,O[C@@]12C=C[C@H](CCCC1)O2,FALSE,,
13364,O=C1C(=O)C(O)C1=O,FALSE,,
13713,C/C=C/C=N/n1cnnc1,FALSE,,
17199,Nc1ccccc1N=O,TRUE,TRUE,FALSE
17549,O=C1C=Cc2ccccc21,TRUE,TRUE,2313
13777,C1=C[C@@H]2C=C[C@H](C=C1)C2,TRUE,TRUE,FALSE
