t,A,B,C
0,0,0,0
1,0.02894,0.02666,0.02524
2,0.05725,0.05302,0.05045
3,0.08539,0.07959,0.07566
4,0.11317,0.10582,0.10079
5,0.14089,0.13222,0.12599
6,0.16852,0.15861,0.15118
7,0.1956,0.18504,0.17643
8,0.223,0.21134,0.20148
9,0.25076,0.23756,0.22676
10,0.27742,0.26356,0.25248
11,0.31405,0.29087,0.27773
12,0.33243,0.31702,0.30281
13,0.3589,0.34338,0.32799
14,0.38648,0.36961,0.35305
15,0.41353,0.39579,0.37827
16,0.44002,0.42197,0.4032
17,0.46715,0.44816,0.42849
18,0.49405,0.4745,0.45343
19,0.52088,0.50048,0.47841
20,0.54747,0.52652,0.50417
21,0.57447,0.55274,0.52905
22,0.6015,0.57885,0.55398
23,0.62778,0.60547,0.57905
24,0.65934,0.63167,0.60391
25,0.71797,0.65767,0.62875
26,0.6474,0.68381,0.65383
27,0.87282,0.70974,0.67856
28,0.79007,0.73589,0.70363
29,7.89E-01,0.76183,0.72911
30,0.81525,0.78784,0.75396
31,0.8421,0.8138,0.77878
32,0.8687,0.83991,0.80381
33,0.89519,0.86598,0.82857
34,0.9219,0.89253,0.85345
35,0.94855,0.91832,0.87831
36,0.9748,0.94432,0.90316
37,1.00169,0.97048,0.92792
38,1.02811,0.99609,0.95288
39,1.05472,1.02199,0.97833
40,1.0812,1.04802,1.0031
41,1.10751,1.07398,1.02785
42,1.13409,1.09984,1.05278
43,1.16059,1.12589,1.07728
44,1.1869,1.15224,1.10214
45,1.21402,1.17801,1.12669
46,1.24025,1.20402,1.15169
47,1.26665,1.22993,1.17634
48,1.29303,1.2559,1.20141
49,1.31928,1.28162,1.22638
50,1.34565,1.3072,1.25073
51,1.37181,1.33335,1.27535
52,1.398,1.35908,1.29998
53,1.42441,1.38515,1.32416
54,1.45096,1.41052,1.34877
55,1.4773,1.43715,1.37317
56,1.50344,1.46297,1.39787
57,1.52976,1.48889,1.42222
58,1.55621,1.5144,1.44709
59,1.58179,1.54007,1.4715
60,1.60827,1.56583,1.49602
61,1.63415,1.59168,1.52035
62,1.66042,1.61764,1.54485
63,1.68695,1.64322,1.56891
64,1.71313,1.66876,1.59331
65,1.7391,1.69466,1.61756
66,1.76518,1.72135,1.64207
67,1.79101,1.74681,1.66651
68,1.81729,1.77249,1.69121
69,1.84328,1.79799,1.71456
70,1.86901,1.82368,1.73893
71,1.89479,1.84954,1.76296
72,1.92184,1.87526,1.78703
73,1.94739,1.90026,1.8111
74,1.97295,1.92609,1.83549
75,1.99863,1.95189,1.85934
76,2.02457,1.97761,1.88319
77,2.0505,2.00388,1.90753
78,2.07629,2.02898,1.93176
79,2.10177,2.05516,1.95542
80,2.12792,2.08065,1.97957
81,2.15314,2.10557,2.003
82,2.17905,2.13141,2.02662
83,2.20408,2.15705,2.05054
84,2.22979,2.18257,2.07411
85,2.2555,2.2083,2.09803
86,2.28097,2.23347,2.12224
87,2.30759,2.25888,2.14572
88,2.33283,2.28495,2.16921
89,2.35878,2.31096,2.19271
90,2.38341,2.33599,2.21644
91,2.4087,2.36135,2.23951
92,2.43383,2.38665,2.26313
93,2.45909,2.41206,2.28665
94,2.48479,2.43728,2.31025
95,2.51034,2.463,2.33372
96,2.53515,2.48844,2.35713
97,2.5607,2.51354,2.38083
98,2.58577,2.53833,2.40376
99,2.61128,2.56392,2.42727
100,2.63591,2.58919,2.45061
101,2.66132,2.61502,2.47264
102,2.68647,2.63964,2.49539
103,2.7106,2.66508,2.52005
104,2.73644,2.69054,2.54237
105,2.75994,2.71549,2.56578
106,2.78602,2.73981,2.58896
107,2.80947,2.76585,2.61145
108,2.83433,2.7913,2.63409
109,2.85915,2.8172,2.6571
110,2.88436,2.84055,2.67981
111,2.90856,2.86646,2.70201
112,2.93395,2.89123,2.72429
113,2.95838,2.91551,2.74787
114,2.98263,2.94085,2.77001
115,3.00636,2.96586,2.79225
116,3.03156,2.99006,2.81478
117,3.05393,3.01473,2.83656
118,3.07859,3.03899,2.85871
119,3.10402,3.06412,2.8821
120,3.12747,3.08985,2.90237
121,3.15181,3.11458,2.92529
122,3.17656,3.14,2.94748
123,3.19832,3.16473,2.96933
124,3.22329,3.18893,2.99113
125,3.24867,3.21294,3.01354
126,3.27101,3.23976,3.03458
127,3.29425,3.26225,3.05712
128,3.31865,3.28479,3.07765
129,3.34245,3.31055,3.10028
130,3.36433,3.33612,3.12009
131,3.39068,3.36056,3.14293
132,3.41176,3.38615,3.16405
133,3.43447,3.40854,3.18313
134,3.45743,3.43235,3.20637
135,3.48046,3.45812,3.22641
136,3.50444,3.48169,3.24829
137,3.52738,3.50607,3.26909
138,3.54939,3.53094,3.29009
139,3.57302,3.55069,3.3114
140,3.59712,3.57563,3.33072
141,3.61968,3.60129,3.3526
142,3.64147,3.62873,3.37097
143,3.66372,3.64664,3.39255
144,3.68472,3.67464,3.41329
145,3.70835,3.69632,3.43149
146,3.72989,3.71981,3.45006
147,3.75259,3.74435,3.47068
148,3.77371,3.76613,3.49253
