,CB,GB,RF,ADB,ET,XGB,Lasso,Ridge,BR,SVR,KNR
PhysOrg,0.92297604,0.865428753,0.873090526,0.643108854,0.884044022,0.895358523,0.55868734,0.55868734,0.557608058,0.210905304,0.664584897
RDKit Desc,0.83235477,0.781764616,0.766744001,0.477849888,0.799116414,0.774780395,0.697282103,0.697288324,0.69775223,0.645018898,0.603810882
Morgan FP,0.813835789,0.739209656,0.763770288,0.41474944,0.786506363,0.736290148,0.661664767,0.661670143,0.662073639,0.641455711,0.622892226
RDKit FP,0.823645447,0.761749917,0.779139648,0.407196223,0.798583031,0.787162444,0.663857666,0.663864136,0.664402517,0.622006329,0.648271642
Modred Desc,0.816348272,0.753409338,0.738708978,0.420315832,0.764170158,0.745275471,0.679387335,0.679394688,0.680023095,0.630490355,0.556209022
ACSF,0.827283178,0.75549599,0.799420681,0.47528896,0.818569637,0.804045708,0.217531299,0.374869597,0.37395695,0.31554148,0.5570021
SOAP,0.73267443,0.622544088,0.582869663,0.348521255,0.63363963,0.662705363,0.582619353,0.582627296,0.583535035,0.539231828,0.66611605
LMBTR,0.721342077,0.616500422,0.565606048,0.344837669,0.609635836,0.647674421,0.591077168,0.591083525,0.591711226,0.523606486,0.647586804
MBTR,0.815498212,0.732341345,0.742612097,0.46066672,0.790081297,0.76320359,0.676136735,0.676143346,0.676673432,0.609339918,0.694401325
VAE,0.762019665,0.634807783,0.661438628,0.339303016,0.714290413,0.693671669,0.555484229,0.55549217,0.556469668,0.530971952,0.623517688
TRFM,0.804688357,0.73415827,0.757632618,0.427613881,0.778014635,0.724043284,0.618953768,0.618960187,0.619567967,0.588741621,0.622078991
GAE,0.834767596,0.755220667,0.80504609,0.507333707,0.820107559,0.76763547,0.441613372,0.44525294,0.438206741,0.273094757,0.499979202
