4¦Ð Distortion,,,,,,,,,,,
,CB,GB,RF,ADB,ET,XGB,Lasso,Ridge,BR,SVR,KNR
PhysOrg,0.93675778,0.905339601,0.905859294,0.721101489,0.915559009,0.910429923,0.609660871,0.609712716,0.609530635,0.197536888,0.701091762
RDKit Desc,0.868560071,0.816153373,0.807090843,0.454688339,0.825933431,0.851444725,0.769246143,0.769250543,0.769470219,0.716465644,0.621273059
Morgan FP,0.847144483,0.780064256,0.789583394,0.40378242,0.819888995,0.777876347,0.721685737,0.721689703,0.721891606,0.736609494,0.631285446
RDKit FP,0.849933463,0.786715794,0.786587903,0.448242631,0.813851419,0.780779358,0.728323236,0.728328716,0.728681215,0.696058268,0.681126216
Modred Desc,0.850639138,0.787064923,0.754889711,0.42398363,0.789230323,0.782387153,0.731481967,0.731487698,0.731856473,0.69913722,0.595639744
ACSF,0.868501891,0.810003252,0.847113795,0.536545604,0.860918697,0.854146414,0.204100597,0.421293488,0.4198258,0.358447719,0.582278245
SOAP,0.762560061,0.658671974,0.59864804,0.340686761,0.647920803,0.653717419,0.653204207,0.653211518,0.653881189,0.615113837,0.689204127
LMBTR,0.740205523,0.63567909,0.562231569,0.307325226,0.617326778,0.664844723,0.650238109,0.650244193,0.650745485,0.605100063,0.672286461
MBTR,0.832682818,0.752772138,0.755756663,0.3755869,0.799943047,0.780320492,0.716104109,0.716111078,0.7166101,0.653017397,0.686197702
VAE,0.795553103,0.680313875,0.689311593,0.352787617,0.742709843,0.680628731,0.630480264,0.630487987,0.631254494,0.635996957,0.657628237
TRFM,0.838305864,0.770614565,0.789874776,0.435275776,0.812792325,0.764053551,0.690421174,0.690426643,0.690812703,0.673297457,0.625220491
GAE,0.878455927,0.816592678,0.860847262,0.562115556,0.861961229,0.869852124,0.509284691,0.505314467,0.507346298,0.339457803,0.509985636
2¦Ð Distortion,,,,,,,,,,,
,CB,GB,RF,ADB,ET,XGB,Lasso,Ridge,BR,SVR,KNR
PhysOrg,0.82360676,0.720048026,0.688753379,0.295703738,0.675905648,0.71464649,0.415008646,0.415008646,0.41344209,0.090139703,0.312100126
RDKit Desc,0.670953629,0.638703447,0.620803414,0.165719789,0.594387926,0.636727566,0.546145231,0.546153018,0.547107442,0.582496815,0.463193002
Morgan FP,0.649112307,0.612173129,0.610412527,0.13670809,0.607702665,0.573497052,0.513341918,0.513350369,0.514543859,0.576782678,0.484885561
RDKit FP,0.649475285,0.603547118,0.613528954,0.119827134,0.607635042,0.597022938,0.468325754,0.468335087,0.469875561,0.539070948,0.428070989
Modred Desc,0.651536354,0.61974487,0.592179703,0.214890103,0.592926161,0.61822787,0.539673075,0.539683244,0.541118208,0.560855974,0.475446462
ACSF,0.641989735,0.540517904,0.581669187,0.180826839,0.608276045,0.553034396,0.01379346,0.233791844,0.231335574,0.21375925,0.367163279
SOAP,0.59509313,0.490802885,0.438337931,0.188829112,0.484454224,0.50392551,0.459255518,0.459264878,0.460839331,0.473099102,0.441209005
LMBTR,0.568977873,0.461334199,0.407151918,0.164041125,0.451781491,0.453968934,0.439439468,0.439449226,0.441226496,0.465995563,0.407030978
MBTR,0.661610067,0.564750507,0.554337,0.226354299,0.609714626,0.595704846,0.478981266,0.478990382,0.480409005,0.501116705,0.473007384
VAE,0.593189229,0.474665971,0.476903698,0.103530891,0.537297435,0.470585804,0.392608766,0.392619436,0.394925509,0.488848765,0.39024638
TRFM,0.607769983,0.54220316,0.579281464,0.091847861,0.564988051,0.538301436,0.402636904,0.402645229,0.404118106,0.485110941,0.418011084
GAE,0.684620743,0.619520694,0.635140092,0.240398815,0.632473633,0.6248107,0.355032391,0.354474328,0.33532879,0.288534389,0.414869533
Interaction,,,,,,,,,,,
,CB,GB,RF,ADB,ET,XGB,Lasso,Ridge,BR,SVR,KNR
PhysOrg,0.7863947,0.731849202,0.734261888,0.394937602,0.749153201,0.758005461,0.499310247,0.498696895,0.497768642,0.19170062,0.458155572
RDKit Desc,0.670352632,0.661215456,0.62834978,0.355550268,0.611740555,0.663345852,0.617992129,0.617998211,0.618531806,0.56571363,0.475215004
Morgan FP,0.646644717,0.61882735,0.614468112,0.306952682,0.586562904,0.616864565,0.556485704,0.55649245,0.557235342,0.547021467,0.432929458
RDKit FP,0.650846818,0.640476247,0.627897074,0.356985705,0.606771953,0.632942264,0.577907739,0.57791424,0.578563659,0.564217833,0.508105452
Modred Desc,0.654155085,0.641023985,0.595027802,0.335937009,0.580769077,0.637085437,0.615136263,0.615143789,0.615912497,0.56564472,0.454857223
ACSF,0.676138729,0.583917025,0.633928466,0.249476148,0.661320593,0.634581183,0.095532963,0.298073612,0.295247826,0.26531285,0.412333413
SOAP,0.616092232,0.517487917,0.467358493,0.241902984,0.502874423,0.488845836,0.499716325,0.499725777,0.501184944,0.47538432,0.486834466
LMBTR,0.60483462,0.510139425,0.43887962,0.219519015,0.474438046,0.483228817,0.512646595,0.512653443,0.513472427,0.466997498,0.480947739
MBTR,0.685188344,0.612835626,0.588785969,0.268523119,0.638127564,0.617805768,0.586816981,0.586825702,0.5878485,0.522262063,0.488020356
VAE,0.598087487,0.493088819,0.497463038,0.211776511,0.54604627,0.490227714,0.422384346,0.422394011,0.424211289,0.455593611,0.37436994
TRFM,0.623187495,0.590630991,0.593852674,0.252473539,0.590918587,0.584371765,0.497640126,0.497648454,0.498820765,0.500937985,0.428829874
GAE,0.666224599,0.609156796,0.624653189,0.302084921,0.635049313,0.60833515,0.361238904,0.359976078,0.356528145,0.295509184,0.401195021
¦¤G?,,,,,,,,,,,
,CB,GB,RF,ADB,ET,XGB,Lasso,Ridge,BR,SVR,KNR
PhysOrg,0.92297604,0.865428753,0.873090526,0.643108854,0.884044022,0.895358523,0.55868734,0.55868734,0.557608058,0.210905304,0.664584897
RDKit Desc,0.83235477,0.781764616,0.766744001,0.477849888,0.799116414,0.774780395,0.697282103,0.697288324,0.69775223,0.645018898,0.603810882
Morgan FP,0.813835789,0.739209656,0.763770288,0.41474944,0.786506363,0.736290148,0.661664767,0.661670143,0.662073639,0.641455711,0.622892226
RDKit FP,0.823645447,0.761749917,0.779139648,0.407196223,0.798583031,0.787162444,0.663857666,0.663864136,0.664402517,0.622006329,0.648271642
Modred Desc,0.816348272,0.753409338,0.738708978,0.420315832,0.764170158,0.745275471,0.679387335,0.679394688,0.680023095,0.630490355,0.556209022
ACSF,0.827283178,0.75549599,0.799420681,0.47528896,0.818569637,0.804045708,0.217531299,0.374869597,0.37395695,0.31554148,0.5570021
SOAP,0.73267443,0.622544088,0.582869663,0.348521255,0.63363963,0.662705363,0.582619353,0.582627296,0.583535035,0.539231828,0.66611605
LMBTR,0.721342077,0.616500422,0.565606048,0.344837669,0.609635836,0.647674421,0.591077168,0.591083525,0.591711226,0.523606486,0.647586804
MBTR,0.815498212,0.732341345,0.742612097,0.46066672,0.790081297,0.76320359,0.676136735,0.676143346,0.676673432,0.609339918,0.694401325
VAE,0.762019665,0.634807783,0.661438628,0.339303016,0.714290413,0.693671669,0.555484229,0.55549217,0.556469668,0.530971952,0.623517688
TRFM,0.804688357,0.73415827,0.757632618,0.427613881,0.778014635,0.724043284,0.618953768,0.618960187,0.619567967,0.588741621,0.622078991
GAE,0.834767596,0.755220667,0.80504609,0.507333707,0.820107559,0.76763547,0.441613372,0.44525294,0.438206741,0.273094757,0.499979202
